position,link,title,source,date,snippet,thumbnail,locality
1,https://www.hindustantimes.com/real-estate/why-did-abhishek-bachchan-buy-two-252-sq-ft-apartments-in-mumbai-alongside-four-large-flats-on-the-same-floor-101719117561800.html,Why did Abhishek Bachchan buy two 252 sq ft apartments in Mumbai alongside four large flats on the same floor?,Hindustan Times,1 month ago,"Of the six apartments purchased by Abhishek Bachchan, two measure 252 sq 
ft, two are 1100 sq ft (carpet) and the remaining two are 1094 sq...",https://serpapi.com/searches/66afcbbfa5ad6d91b93bd688/images/05aa63f368b5448ef2b2c44279f9872a15adf03980da1e886d5bebb610023c50.jpeg,Fort
2,https://www.moneycontrol.com/news/business/real-estate/tata-digital-renews-lease-of-headquarters-at-mumbais-fort-house-for-rs-3-cr-monthly-rent-12747867.html,Tata Digital renews lease of headquarters at Mumbai's Fort House for Rs 3-cr monthly rent,Moneycontrol,1 month ago,"Tata Digital Private Limited (TDPL), a subsidiary of Tata Sons Private 
Limited, has renewed the lease of its headquarters in Fort, Mumbai...",https://serpapi.com/searches/66afcbbfa5ad6d91b93bd688/images/05aa63f368b5448e70048d01be4fd79ab76831925b3137169348600359fadfde.jpeg,Fort
3,https://timesofindia.indiatimes.com/city/mumbai/new-condos-in-sobo-command-premium-over-old-landmarks/articleshow/109483366.cms,New condos in SoBo command premium over old landmarks,Times of India,"Apr 22, 2024","Mumbai's real estate market evolves with a shift to modern highrises in 
traditional neighborhoods. Recent articles highlight building...",https://serpapi.com/searches/66afcbbfa5ad6d91b93bd688/images/05aa63f368b5448e46ccf363abaea764fd17d00796440becc181368938ffdb04.jpeg,Fort
4,https://www.thehindubusinessline.com/news/real-estate/despite-challenges-redevelopment-projects-in-mumbai-are-a-honeypot-for-builders/article68171310.ece,"Despite challenges, redevelopment projects in Mumbai are a honeypot for builders",The Hindu BusinessLine,"May 14, 2024","For a land-starved city, redevelopment is the only way for builders to get 
their hands on prime real estate in the financial capital.",https://serpapi.com/searches/66afcbbfa5ad6d91b93bd688/images/05aa63f368b5448e8cad7d72b702735a0982613b1b4bd1cd9b9cd8b436f2d3ae.jpeg,Fort
5,https://www.freepressjournal.in/mumbai/mumbai-to-witness-14-surge-in-office-spaces-with-21-million-sq-ft-grade-a-supply-by-2025-reports-property-share,Mumbai To Witness 14% Surge In Office Spaces With 21 Million Sq Ft Grade A Supply By 2025: Reports Property,Free Press Journal,"Jan 24, 2024","Avoid markets like Navi Mumbai and Thane unless prices are significantly 
attractive, campus style opportunities arise or there is a long...",https://serpapi.com/searches/66afcbbfa5ad6d91b93bd688/images/05aa63f368b5448e135057b5537005aada0eb3e960d59f56d70ec28ab3c345df.jpeg,Fort
6,https://www.zeebiz.com/real-estate/news-bharat-agri-fert-realty-to-focus-on-real-estate-hospitality-business-287890,"Bharat Agri Fert & Realty to focus on real estate, hospitality business",Zee Business,"May 2, 2024","It plans to build 3&4-BHK luxurious residential flats on the G+13 floor in 
Vile Parle and convert its existing premises at the fort into...",https://serpapi.com/searches/66afcbbfa5ad6d91b93bd688/images/05aa63f368b5448e55c6fb816f76a5238fe5539d14144368fcb3a6a72df16db0.jpeg,Fort
7,https://www.hindustantimes.com/real-estate/tata-digital-renews-lease-for-1-02-lakh-sq-ft-office-space-in-south-mumbai-at-a-monthly-rent-of-rs-3-crore-101718280212387.html,Tata Digital renews lease for its headquarters in South Mumbai at a monthly rent of ₹3 crore,Hindustan Times,1 month ago,"Mumbai real estate market: The commercial office space leased by Tata 
Digital is located in Fort area of South Mumbai. The monthly rent is...",https://serpapi.com/searches/66afcbbfa5ad6d91b93bd688/images/05aa63f368b5448ef1c0b2c2eb54ca8d4f2c3e10a131b241264dc665e1310a76.jpeg,Fort
8,https://housing.com/news/mhada-releases-list-of-20-dangerous-cessed-buildings-in-mumbai/,Mhada releases list of 20 dangerous cessed buildings in Mumbai,Housing,"May 30, 2024","May 30, 2024: The Mumbai Buildings Repairs and Reconstruction Board 
(MBRRB), a unit of Maharashtra Housing and Area Development Authority...",https://serpapi.com/searches/66afcbbfa5ad6d91b93bd688/images/05aa63f368b5448ef10bdee5a5085e7580e212075fb296252e633bf940a23572.jpeg,Fort
9,https://www.hindustantimes.com/real-estate/amitabh-bachchan-buys-land-in-alibaug-for-rs-10-cr-what-makes-the-beach-town-an-attractive-real-estate-destination-101713770881782.html,Kalki 2898 AD's actor Amitabh Bachchan buys land in Alibaug for ₹10 crore,Hindustan Times,"Apr 22, 2024","Kalki 2898 AD's actor Amitabh Bachchan has bought a 10000 sq ft land parcel 
in a 20-acre plotted development in Alibaug, sources said.",https://serpapi.com/searches/66afcbbfa5ad6d91b93bd688/images/05aa63f368b5448ec8d1a85c0c020ffb13261b380236ca22158ff5edbbc28bea.jpeg,Fort
10,https://timesofindia.indiatimes.com/city/mumbai/mumbai-underground-new-metro-to-link-byculla-crawford-fort-and-gateway/articleshow/107771346.cms,"Mumbai underground new metro to link Byculla, Crawford, Fort and Gateway",Times of India,"Feb 17, 2024","Mumbai's second underground metro corridor, Wadala-CSMT Metro 11, has had 
its route realigned to serve Byculla, Fort and the Gateway of...",https://serpapi.com/searches/66afcbbfa5ad6d91b93bd688/images/05aa63f368b5448eee3c50e38d3ef16d9aa693e35606dd6ff7fdf92343d20d1d.jpeg,Fort
1,https://www.rprealtyplus.com/interviews/tardeo-mumbais-preferred-luxury-real-estate-market-108291.html,Tardeo: Mumbai’s Preferred Luxury Real Estate Market,Realty Plus Magazine,"Nov 5, 2022","South Mumbai is known for its uber-luxury residences and top-notch 
localities and Tardeo has emerged as the top localities preferred.",https://serpapi.com/searches/66afcbc02bc7d8df476e12ab/images/620e12f89b07060f365c65f4bca1708a217f1e08e99b34027dcf222e762c81ae.jpeg,Fort
2,https://m.economictimes.com/industry/services/property-/-cstruction/prestige-group-to-invest-rs-7500-crore-to-develop-16-million-sq-ft-in-mumbai/articleshow/91722929.cms,"Prestige Group to invest Rs 7,500 crore to develop 16 million sq ft in Mumbai",The Economic Times,"May 22, 2022","Realty developer Prestige Group has set its sights on the country's biggest 
and most expensive property market with plans to invest over Rs...",https://encrypted-tbn0.gstatic.com/images?q=tbn:ANd9GcS4dQlLfrY8j6EN6F6sbjoY94A83R13OqgeFaEKts8J_SJeHbGtCdVl6UM&usqp=CAI&s,Fort
3,https://timesofindia.indiatimes.com/city/mumbai/at-1-4-lakh/square-feet-triplex-in-sobo-tower-sold-for-record-252-crore/articleshow/98644216.cms,"At Rs 1.4 lakh/square feet, triplex in south Mumbai tower sold for record Rs 252 crore",Times of India,"Mar 15, 2023","In a record-breaking deal for a home in a residential building, an 18000 
sqft triplex in an under-construction tower at Walkeshwar in south...",https://encrypted-tbn0.gstatic.com/images?q=tbn:ANd9GcQeeeL1MD-qylzSfxcWE5mZp2W2MBIKZwBysxbiA2TQN03vgb-5jppPHsk&usqp=CAI&s,Fort
4,https://housing.com/news/mhada-releases-list-of-20-dangerous-cessed-buildings-in-mumbai/,Mhada releases list of 20 dangerous cessed buildings in Mumbai,Housing,"May 30, 2024","May 30, 2024: The Mumbai Buildings Repairs and Reconstruction Board 
(MBRRB), a unit of Maharashtra Housing and Area Development Authority...",https://encrypted-tbn0.gstatic.com/images?q=tbn:ANd9GcSbYRFuCPulpZ2MbjDP4aFJnaSb4EpCsKMoEn6JJCLaoua991QBc6c_mXE&usqp=CAI&s,Fort
5,https://m.economictimes.com/industry/services/property-/-cstruction/top-office-markets-for-commercial-real-estate-investments-in-india-in-2024-a-report-by-property-share/articleshow/107430369.cms,Top office markets for commercial real estate investments in India in 2024 - a report by Property Share,The Economic Times,"Feb 5, 2024","Property Share conducts its own supply study, which provides more granular 
data for investment decisions. Hyderabad's office market vacancy...",https://serpapi.com/searches/66afcbc02bc7d8df476e12ab/images/620e12f89b07060f3d6c579b930ca746b575905ed2d4d8676cd0baaf379e04c0.jpeg,Fort
6,https://www.hindustantimes.com/cities/mumbai-news/hafeez-contractor-on-all-that-he-surveys-101704568300733.html,Hafeez Contractor on all that he surveys,Hindustan Times,"Jan 7, 2024","Located next to Jimmy Boy restaurant, the building looks like yet another 
functional Fort office building on Bank Street, Horniman Circle.",https://serpapi.com/searches/66afcbc02bc7d8df476e12ab/images/620e12f89b07060f272d0132cf45d07cd2d2171170c0cd6732c1aca0e93773a6.jpeg,Fort
7,https://housing.com/news/newspaper-companies-in-mumbai/,Top newspaper companies in Mumbai,Housing,"Sep 21, 2023","Bennett, Coleman & Co. (BCCL), also known as The Times Group, is a leading 
media conglomerate in India. It operates newspapers like The...",https://serpapi.com/searches/66afcbc02bc7d8df476e12ab/images/620e12f89b07060f20e383023ef136b5bda0fc80a5e56ac8be8f6b992075d0ab.jpeg,Fort
8,https://housing.com/news/chemical-manufacturers-in-mumbai/,Top chemical manufacturers in Mumbai,Housing,"Sep 25, 2023","BASF is one of the largest chemical companies in India. The company is one 
of the largest tier 1 companies that help other industries with...",https://serpapi.com/searches/66afcbc02bc7d8df476e12ab/images/620e12f89b07060fdcbb37fb8ef2dbb3537b16fb66b3e73143fefea49344ce5b.jpeg,Fort
9,https://www.hindustantimes.com/cities/mumbai-news/niraj-bajaj-buys-triplex-at-walkeshwar-for-252-50-cr-101678822689668.html,Niraj Bajaj buys triplex at Walkeshwar for ₹252.50 cr,Hindustan Times,"Mar 15, 2023","Mumbai Industrialist Niraj Bajaj has bought an 18000 square feet triplex at 
Walkeshwar for ₹252 | Mumbai news.",https://serpapi.com/searches/66afcbc02bc7d8df476e12ab/images/620e12f89b07060f71fc7ae5d2062b7c6a717d07fd1a89f0b13d19f8fb525d55.jpeg,Fort
10,https://housing.com/news/data-analytics-companies-in-mumbai/,Top 8 data analytics companies in Mumbai,Housing,"Sep 12, 2023","Polestar Solutions and Services has emerged as a vanguard in the realm of 
data analytics. Situated in the bustling district of Fort, Mumbai,...",https://encrypted-tbn0.gstatic.com/images?q=tbn:ANd9GcR4UYACkLswaEWslzVoRtvRBv7L1WPUSalA9eF4fqDZpBruhSYUhPVXUMw&usqp=CAI&s,Fort
1,https://www.moneycontrol.com/news/business/real-estate/real-estate-developers-charge-rs-10-30-per-sq-ft-per-month-of-advance-maintenance-at-the-time-of-possession-in-mumbai-report-10757611.html,Real estate developers charge Rs 10-30 per sq ft per month of advance maintenance at the time of...,Moneycontrol,"Jun 7, 2023","The Real Estate (Regulation and Development) Act, 2016 (RERA) does not 
explicitly mention any specific formula or standards for this.",https://serpapi.com/searches/66afcbc2cace96458a95d0b4/images/9ae5749474a79585f88e3cb6757daa3c933ce52b9ef6c9d59809afc74169e33d.jpeg,Fort
2,https://timesproperty.com/news/post/current-market-prices-per-sq-ft-in-mumbai-blid3971,Market Prices Per Square Foot in Mumbai Neighborhoods,Times Property,"Feb 24, 2023","Know the Current Market Prices Per Sq. Ft. In Mumbai. Table of Contents. 
Mumbai And Its Neighbourhoods; Major Neighbourhoods In Brief In...",https://serpapi.com/searches/66afcbc2cace96458a95d0b4/images/9ae5749474a7958506541bcaf7073df115af67b7f409a910c4437d9143dd9d31.jpeg,Fort
3,https://housing.com/news/engineering-companies-in-mumbai/,Top engineering companies in Mumbai,Housing,"Sep 25, 2023","Tata Consultancy Services (TCS) is an Indian multinational IT services and 
consulting company. It offers a wide range of services,...",https://serpapi.com/searches/66afcbc2cace96458a95d0b4/images/9ae5749474a795851f9bb01de887119b9b42fe30e0923b5600b2000aaa8e2a89.jpeg,Fort
4,https://m.economictimes.com/industry/services/property-/-cstruction/birla-estates-acquires-prime-land-parcel-in-south-mumbais-malabar-hill/articleshow/99733290.cms,Birla Estates acquires prime land parcel in South Mumbai’s Malabar Hill,The Economic Times,"Apr 24, 2023","Birla Estates, the real estate development arm of the Aditya Birla Group, 
has acquired a prime land parcel in South Mumbai's upmarket...",https://serpapi.com/searches/66afcbc2cace96458a95d0b4/images/9ae5749474a79585775dc390ba8548d55b1e3fa00485302c79dfbee1fa31f21c.jpeg,Fort
5,https://www.cnbctv18.com/real-estate/housing-prices-rise-up-to-4-pc-january-march-ncr-up-but-mumbai-has-costliest-homes-credai-colliers-liasesforases-13595452.htm,"NCR property market saw highest price hikes but Mumbai still has the most expensive homes, says report",CNBC TV18,"May 24, 2022","Housing prices could rise up by 5-10 percent in the next six to nine 
months, Colliers' Ramesh Nair says.",https://serpapi.com/searches/66afcbc2cace96458a95d0b4/images/9ae5749474a79585723c2970c6277660a1beec305cd0a49c15a327258990e595.jpeg,Fort
6,https://qz.com/india/540983/the-reasons-behind-mumbais-ever-increasing-unaffordable-home-prices,"The reasons behind Mumbai’s ever increasing, unaffordable home prices",Quartz India,"May 11, 2016",The city's housing market is a basket case.,https://serpapi.com/searches/66afcbc2cace96458a95d0b4/images/9ae5749474a79585dd9a0a2ad457cb14e6608628799145d100b9a56e761e4694.png,Fort
7,https://www.business-standard.com/article/companies/hines-plans-to-develop-90-mn-sq-ft-office-building-in-mumbai-foray-122081500693_1.html,"Hines plans to develop 900,000 sq ft office building in Mumbai foray",Business Standard,"Aug 16, 2022","In a statement on Monday, Hines said it has entered into the Mumbai office 
market with a new development that will feature a 30-storey grade...",https://serpapi.com/searches/66afcbc2cace96458a95d0b4/images/9ae5749474a79585c0253856cb90b7d4ee2097a051c0bb96e56d79bb0e47b16c.jpeg,Fort
8,https://www.hindustantimes.com/real-estate/costliest-apartment-deal-oberoi-realty-buys-mumbai-penthouse-for-rs-230-crore-101676194520291.html,Costliest apartment deal: Oberoi Realty buys Mumbai penthouse for ₹230 crore,Hindustan Times,"Feb 12, 2023","Said to be one of the largest single deals in India, Oberoi Realty has 
reportedly acquired around 30000 sq ft through its affiliate company.",https://serpapi.com/searches/66afcbc2cace96458a95d0b4/images/9ae5749474a79585fdcf926eeabaa11333a50adb90b79ac77fe8143ec3e8f4c8.jpeg,Fort
9,https://www.hindustantimes.com/real-estate/tardeo-in-south-mumbai-india-s-most-expensive-residential-location-in-primary-market-report/story-yAqwfDSPOncgwfBr9j4iEP.html,"Tardeo in South Mumbai, India’s most expensive residential location in primary market: Report",Hindustan Times,"Sep 9, 2019","Worli and Mahalaxmi in Mumbai Metropolitan Region (MMR) are placed at 
second and third positions with average housing prices of Rs 41500 and...",https://serpapi.com/searches/66afcbc2cace96458a95d0b4/images/9ae5749474a79585b23c9b3928329905107c80036f9119994f6545da2009bf67.png,Fort
10,https://www.moneycontrol.com/news/business/real-estate/dmarts-radhakishan-damani-buys-malabar-hill-house-in-one-of-the-costliest-real-estate-deals-in-mumbai-6726451.html,DMart's Radhakishan Damani buys Malabar Hill house in one of the costliest real estate deals in Mumbai,Moneycontrol,"Apr 3, 2021","At Rs 1.6 lakh per sq ft for the 5752 sq m house, the Damani brothers paid 
a total of Rs 1001 crore.",https://serpapi.com/searches/66afcbc2cace96458a95d0b4/images/9ae5749474a795854993323c70181fc092b924e4add32c386e78ac7869e76de2.jpeg,Fort
1,https://www.moneycontrol.com/news/business/real-estate/cdsl-acquires-46000-sq-ft-of-office-space-in-mumbai-for-rs-163-crore-9730621.html,"CDSL acquires 46,000 sq ft of office space in Mumbai for Rs 163 crore",Moneycontrol,"Dec 19, 2022","Central Depository Services (India) Limited, the first listed Indian 
central securities depository, has acquired two floors of more than...",https://serpapi.com/searches/66afcbc3116a55a0c97c7c1e/images/3b02b7ad988f6fa334eacc990984536ae716af53582c4ad6710cc292236b5d24.jpeg,Fort
2,https://www.hindustantimes.com/cities/mumbai-news/hubtown-celeste-mumbai-s-luxury-developer-launches-2bhk-residences-on-330-sq-ft-carpet-area-in-worli-at-1-59-crore-101685214056285.html,"Now, you can own a compact 2BHK in Worli for ₹1.59 crore",Hindustan Times,"May 28, 2023","Hubtown group has launched its “Optimum Living” development in Mumbai’s 
Worli luxury market, offering 2BHK residences on 330 sq ft carpet area.",https://serpapi.com/searches/66afcbc3116a55a0c97c7c1e/images/3b02b7ad988f6fa3867649cc1646cfd68b80ecad5e58f1636aa6f04a39771574.jpeg,Fort
3,https://housing.com/news/hiranandani-gardens-offers-boutique-homes-project-atlantis-mumbai/,"Hiranandani Gardens offers ‘Boutique Homes’ at its project Atlantis, in Mumbai",Housing,"Feb 23, 2023","The Hiranandani Group has launched 2-BHK 'Boutique Homes' at Hiranandani 
Gardens, Powai, in Mumbai, offering premium homes of 740 and 750 sq ft 
carpet area.",https://serpapi.com/searches/66afcbc3116a55a0c97c7c1e/images/3b02b7ad988f6fa33642d74ff5c367e54d36226cf029b68aa194ce67a28ebd7f.jpeg,Fort
4,https://www.hindustantimes.com/cities/mumbai-news/aditya-birla-s-real-estate-arm-buys-prime-land-in-mumbai-s-malabar-hill-for-luxury-residential-project-at-rs-162-30-crore-101682413460667.html,Birla Estates acquires prime land in Malabar Hill,Hindustan Times,"Apr 25, 2023","This is the second purchase by the Aditya Birla group in less than two 
weeks. On April 10, BGH Properties Ltd, a company whose directors are...",https://serpapi.com/searches/66afcbc3116a55a0c97c7c1e/images/3b02b7ad988f6fa3732d3c52733bf8b04a36fb8255c7213a9d6535f17525c0fd.jpeg,Fort
5,https://housing.com/news/promising-micro-locations-within-mmr-across-segments/,"Most promising micro-locations within the MMR, across segments",Housing,"Dec 9, 2020","With Mumbai accounting for the highest number of new launches and sales 
among the top seven cities in India in Q2 2018, we look at the top 
micro-markets in the...",https://serpapi.com/searches/66afcbc3116a55a0c97c7c1e/images/3b02b7ad988f6fa3815fe7f15e07aece80bd6c516be85d1c081b306e5f4e7245.jpeg,Fort
6,https://www.hindustantimes.com/cities/mumbai-news/vedantas-kiran-agarwal-splashes-out-1-45-lakh-per-sq-ft-for-worli-flat-101657900333013.html,Vedanta’s Kiran Agarwal splashes out ₹1.45 lakh per sq.ft for Worli flat,Hindustan Times,"Jul 15, 2022","Kiran Anil Agarwal has bought a 3088.38 sq.ft apartment in Worli at ₹1.45 
lakh per sq.ft, shelling out ₹45 crore for the 36th floor apartment.",https://serpapi.com/searches/66afcbc3116a55a0c97c7c1e/images/3b02b7ad988f6fa32349317f414f75df0a5f07f3e002c6753d9a31ed9143e523.jpeg,Fort
7,https://realty.economictimes.indiatimes.com/news/residential/mumbai-16th-most-expensive-global-prime-residential-market-report/68287027,Mumbai 16th most expensive global prime residential market: Report,ET Realty,"Mar 6, 2019","MUMBAI: Mumbai, the country's commercial capital, has emerged as the 16th 
most expensive prime residential property market in the world.",https://serpapi.com/searches/66afcbc3116a55a0c97c7c1e/images/3b02b7ad988f6fa3e5c8f4cdcb716fd6f9f4d6b80b92e1f529bc273c1cd0d9f6.jpeg,Fort
8,https://housing.com/news/top-libraries-in-mumbai/,Top libraries in Mumbai,Housing,"Aug 21, 2023","Best libraries in Mumbai:Maharashtra Mitra Mandal Library,Asiatic Library, 
JN Petit Library, Trilogy Library And Book Store, People's Free...",https://serpapi.com/searches/66afcbc3116a55a0c97c7c1e/images/3b02b7ad988f6fa310cc4d08cc912ef632884165781f14f36257c872cd55abd7.jpeg,Fort
9,https://housing.com/news/alia-bhatt-house/,Alia Bhatt house: Inside the Bollywood star’s Mumbai home,Housing,"May 11, 2023","Eternal Sunshine Productions Pvt Ltd., Alia Bhatt's production house has 
invested in Rs 37.80 crore apartment in Pali Hill, Bandra.",https://serpapi.com/searches/66afcbc3116a55a0c97c7c1e/images/3b02b7ad988f6fa3e17adc5b51767ca1f9b0399fefc3b6d505212d1694241bbb.jpeg,Fort
10,https://www.business-standard.com/article/companies/fort-house-may-be-tatas-new-hq-as-bombay-house-goes-for-a-facelift-117082800037_1.html,Fort House may be Tatas' new HQ as Bombay House goes for a facelift,Business Standard,"Aug 28, 2017","The Tata group is in advanced talks to take up rented space in Fort House, 
a heritage building in south Mumbai, while the conglomerate's headquarters 
— Bombay...",https://serpapi.com/searches/66afcbc3116a55a0c97c7c1e/images/3b02b7ad988f6fa380fe3e48acd32690879ec6c6ef37a54003554dab5230510f.jpeg,Fort
1,https://housing.com/news/net-absorption-new-completions-of-office-space-in-mumbai/,"Net absorption, new completions of office space in Mumbai jumps in 2021",Housing,"Mar 20, 2022","Mumbai mirrored a nation-wide trend of marked improvement in office real 
estate segment, with healthy pre-commitment levels in newly...",https://serpapi.com/searches/66afcbc55b54ef70dda05c71/images/7cfe06f43406e4860d790584b94ddd286a7792f2b00f026eb4e50c2fe1896d28.jpeg,Fort
2,https://www.hindustantimes.com/india-news/luxury-flat-rush-in-mumbai-as-capital-gains-deduction-on-real-estate-limited-to-10-crore-from-saturday-101680199813543.html,Ultra-luxury Malabar Hill flats fetch ₹369.55 cr,Hindustan Times,"Mar 31, 2023","Ultra-luxury flats in Mumbai are in high demand as a new rule limiting the 
deduction on capital gains from real estate to INR10 crore...",https://serpapi.com/searches/66afcbc55b54ef70dda05c71/images/7cfe06f43406e48699a94ed7479f4baf93b662140d3eba8ac1872c385294c005.png,Fort
3,https://housing.com/news/birla-estates-books-sales-of-rs-5400-cr-from-mumbai-project/,"Birla Estates books sales of Rs 5,400 cr from Mumbai project",Housing,"May 6, 2024","This includes Rs 2500 crore in sales specifically from the tower named 
'Silas' within the Birla Niyaara project.",https://serpapi.com/searches/66afcbc55b54ef70dda05c71/images/7cfe06f43406e4861892a6f9f8456163522aad2bc0c2173e7c8d16397c841390.jpeg,Fort
4,https://www.hindustantimes.com/cities/mumbai-news/bombay-high-court-allows-construction-of-69-90-metre-high-building-in-fort-heritage-precinct-without-noc-101693942259589.html,"HC strikes down BMC condition, allows high-rise in Fort heritage precinct",Hindustan Times,"Sep 6, 2023","The Bombay High Court has allowed the construction of a 69.90-meter-high 
building in the Fort heritage precinct without the mandatory...",https://serpapi.com/searches/66afcbc55b54ef70dda05c71/images/7cfe06f43406e4864b0aac7c98f559f1898f7402d0c2aebae75a162a1b438af7.jpeg,Fort
5,https://m.economictimes.com/industry/services/property-/-cstruction/cdsl-buys-46000-sq-ft-office-in-mumbais-lower-parel-for-rs-163-crore/articleshow/96338580.cms,"CDSL buys 46,000 sq ft office in Mumbai’s Lower Parel for Rs 163 crore",The Economic Times,"Dec 19, 2022","The developer Marathon Nextgen Realty has also launched a commercial tower 
in Mulund suburb of Mumbai and is planning another commercial...",https://serpapi.com/searches/66afcbc55b54ef70dda05c71/images/7cfe06f43406e486251d7227791b8c09ac6e0c350bbb80910f0cd848ec49a754.jpeg,Fort
6,https://www.hindustantimes.com/cities/mumbai-news/sabya-takes-over-4-storied-building-at-horniman-circle-101665599620249.html,Sabya takes over 4-storied building at Horniman Circle,Hindustan Times,"Oct 13, 2022","Designer to move in next year; estimated rent is little under ₹2 crore per 
month. The designer is hoping for a mid-February opening.",https://serpapi.com/searches/66afcbc55b54ef70dda05c71/images/7cfe06f43406e4862971b919d1e535d4f700190d6e0712bf8ee276e936f4d956.jpeg,Fort
7,https://www.hindustantimes.com/cities/mumbai-news/adani-group-to-get-more-value-for-tdr-generated-from-dharavi-redevelopment-project-101700076779407.html,Adani Group can now earn more from TDR in Dharavi Redevelopment Project,Hindustan Times,"Nov 16, 2023","Maharashtra has issued a notification allowing the use of TDR without 
indexation, which will benefit the Adani group in the Dharavi...",https://serpapi.com/searches/66afcbc55b54ef70dda05c71/images/7cfe06f43406e486b997a506139421311e31d39ff533b9511b668856bbad9eb7.jpeg,Fort
8,https://m.economictimes.com/industry/services/property-/-cstruction/morgan-stanley-leases-3-35-lakh-sq-ft-additional-office-space-from-oberoi-realty-in-mumbais-goregaon/articleshow/89952788.cms,Morgan Stanley leases 3.35 lakh sq ft additional office space from Oberoi Realty in Mumbai’s Goregaon,The Economic Times,"Mar 2, 2022","This space take up is in addition to Morgan Stanley's earlier transaction 
of 1.1 million sq ft of office space in the same office tower,...",https://serpapi.com/searches/66afcbc55b54ef70dda05c71/images/7cfe06f43406e48669a88f43d718c0b45ff18e11851306075fe929cbe4e992e4.jpeg,Fort
9,https://www.financialexpress.com/money/mumbai-property-rates-area-wise-2023-home-flat-average-prices-2938508/,Mumbai property rates area-wise: How property prices in MMR changed between 2015 and 2022,The Financial Express,"Jan 9, 2023","Bollywood actor Sonam Kapoor was in the news recently over reportedly 
selling her luxury apartment in Mumbai's Bandra-Kurla Complex for Rs...",https://serpapi.com/searches/66afcbc55b54ef70dda05c71/images/7cfe06f43406e48635ba3407700c59f38a77672fa828326bb206cf57364346ac.jpeg,Fort
10,https://www.moneycontrol.com/news/business/real-estate/hiranandani-group-plans-to-invest-rs-1000-crore-for-1-million-sq-ft-of-residences-at-panvel-near-mumbai-10402471.html,"Hiranandani Group plans to invest Rs 1,000 crore for 1 million sq ft of residences at Panvel near Mumbai",Moneycontrol,"Apr 12, 2023","The Hiranandani Group is going to invest Rs 1,000 crore and construct 1 
million sq ft of housing for their ongoing township project in...",https://serpapi.com/searches/66afcbc55b54ef70dda05c71/images/7cfe06f43406e4861fdd8688081818c08bb1af860c7d983145bb48b67629f4d9.jpeg,Fort
1,https://www.moneycontrol.com/news/business/real-estate/k-raheja-corp-acquires-fsi-rights-of-almost-1-52-lakh-sq-ft-in-mumbai-for-rs-275-crore-10071811.html,K Raheja Corp acquires FSI rights of almost 1.52 lakh sq ft in Mumbai for Rs 275 crore,Moneycontrol,"Feb 13, 2023","K Raheja Corp, through its subsidiary K Raheja Corp Realty Pvt Ltd, 
acquired the rights from M M Developer and Saroj Landmark Realty LLP.",https://serpapi.com/searches/66afcbcbd737d78db13a8198/images/027bf7863c2a19058c2438a0f741da0fcd7e4d303dd5cfd244bd80493e3f8f3f.jpeg,Fort
2,https://www.moneycontrol.com/news/business/real-estate/mumbais-tardeo-among-indias-top-10-expensive-housing-locations-with-a-price-tag-of-rs-56200-per-sq-ft-4416171.html,"Mumbai's Tardeo at Rs 56,200/sq ft among India’s top 10 expensive housing locations",Moneycontrol,"Sep 9, 2019","South Mumbai's Tardeo is India's most expensive luxury residential location 
in the primary residential real estate market,...",https://serpapi.com/searches/66afcbcbd737d78db13a8198/images/027bf7863c2a1905dfaa75b00aef1496c75b04fcb45595b16f38a85efaa1ae34.jpeg,Fort
3,https://timesofindia.indiatimes.com/city/mumbai/189-sq-ft-flats-for-rs-53-lakh-each-mumbais-new-micro-homes-are-also-not-cheap/articleshow/63888628.cms,189 sq ft flats for Rs 53 lakh each: Mumbai’s new micro-homes are also not cheap,Times of India,"Apr 24, 2018","MUMBAI: A number of projects now offer micro flats, some as tiny as 189sq 
ft, with space-saving designs, in-house amenities and a central...",https://serpapi.com/searches/66afcbcbd737d78db13a8198/images/027bf7863c2a1905714788fa3a6ae6089dbfec6cdb2809699cf14d0bbfc0dd56.jpeg,Fort
4,https://www.moneycontrol.com/news/business/real-estate/mumbai-developer-inks-pact-with-local-firm-to-develop-86111-sq-ft-land-parcel-at-kandivali-10143731.html,"Mumbai developer inks pact with local firm to develop 86,111-sq ft land parcel at Kandivali",Moneycontrol,"Feb 22, 2023","Sheth Homes has entered into a joint development agreement with Bombay Slum 
Redevelopment Corporation. The agreement value of the deal is Rs...",https://serpapi.com/searches/66afcbcbd737d78db13a8198/images/027bf7863c2a1905501aec5ac2e49d65aae4548275f2497b2ac3977f9549dfd1.jpeg,Fort
5,https://www.moneycontrol.com/news/business/real-estate/guardians-real-estate-advisory-buys-7500-sq-ft-office-in-one-bkc-for-rs-30-crore-5576631.html,"Guardians Real Estate Advisory buys 7,500 sq ft office in Mumbai's ONE BKC for Rs 30 crore",Moneycontrol,"Jul 21, 2020","Guardians plans to shift its head office to ONE BKC and fund the purchase 
through internal accruals. It has already made a substantially...",https://serpapi.com/searches/66afcbcbd737d78db13a8198/images/027bf7863c2a1905cc5a5caeb4ed082c5e9434d8eea2cf85bbfad98cf036dd23.jpeg,Fort
6,https://www.hindustantimes.com/india-news/donald-trump-s-india-link-two-luxury-real-estate-projects-in-maharashtra/story-wZqXBICD92dGFOwttjIjBK.html,Donald Trump’s India link: Two luxury real estate projects in Maharashtra,Hindustan Times,"Aug 12, 2016","American Republican presidential candidate and real estate tycoon Donald 
Trump has an Indian business connection.",https://serpapi.com/searches/66afcbcbd737d78db13a8198/images/027bf7863c2a190523d1e1923aa3a96ec6794856c7919eb26ba4ace3c07f8faf.png,Fort
7,https://indianexpress.com/article/cities/mumbai/south-mumbais-tardeo-is-indias-most-expensive-luxury-housing-location-5981245/,South Mumbai’s Tardeo is India’s most expensive luxury housing location,The Indian Express,"Sep 10, 2019","AT AN average price of R 56,000 per sq ft, south Mumbai's Tardeo is India's 
most expensive luxury housing location in the primary...",https://serpapi.com/searches/66afcbcbd737d78db13a8198/images/027bf7863c2a1905fbbfa0aa58da7f729d42e7c5fde928321510f16e721458ac.jpeg,Fort
8,https://realty.economictimes.indiatimes.com/news/commercial/kanakia-group-lease-out-50000-sq-ft-office-spaces-in-mumbai/65119858,"Kanakia Group lease-out 50,000 sq ft office spaces in Mumbai",ET Realty,"Jul 24, 2018","Kanakia Group: According to sources, Kanakia Wall Street has transacted 
lease rentals at Rs 130-140 per sq ft in the last six months.",https://serpapi.com/searches/66afcbcbd737d78db13a8198/images/027bf7863c2a19055c0c6bd737d4a57283f2f0e65ac2da1c868207d799026701.jpeg,Fort
9,https://www.moneycontrol.com/news/business/real-estate/property-tax-waiver-for-flat-owners-of-up-to-500-sq-ft-flats-in-navi-mumbai-10732701.html,Property tax waiver for flat owners of up to 500 sq ft flats in Navi Mumbai?,Moneycontrol,"Jun 2, 2023","If all goes according to plan, Navi Mumbai flat owners who live in 
apartments of up to 50 sq ft will be offered a property tax waiver.",https://serpapi.com/searches/66afcbcbd737d78db13a8198/images/027bf7863c2a19055c01cd35ac27a3e257945c1a82993444071e89b4bac36346.jpeg,Fort
10,https://housing.com/news/ready-reckoner-rate-in-shivaji-park-mumbai/,Ready reckoner rate in Shivaji Park Mumbai,Housing,"Jan 29, 2024","Shivaji Park in Mumbai is highly characterised by cultural vibrancy, 
historical significance and recreational amenities.",https://serpapi.com/searches/66afcbcbd737d78db13a8198/images/027bf7863c2a19058b61e4b00ce4961948cc091dacd1d0fae29884ba6053e547.jpeg,Fort
1,https://www.hindustantimes.com/cities/mumbai-news/amazon-data-services-leases-4-51-lakh-sq-ft-plot-in-airoli-for-data-centre-development-driving-real-estate-growth-101684434796839.html,Amazon leases 4.51 L sq ft in Airoli for data centre,Hindustan Times,"May 19, 2023","he lease period is for 180 months and the total lease area is 4,51748 sq 
ft. The lease will commence from August 24, 2023 and the rent...",https://serpapi.com/searches/66afcbccef7ddae782de4dce/images/fd6d737f7c5583bdc8d1a98100ce4b705e83b6ea9ba4fc8100707002ee2588be.png,Fort
2,https://timesofindia.indiatimes.com/city/mumbai/zara-swings-record-lease-deal-in-fort/articleshow/51788075.cms,Zara swings record lease deal in Fort,Times of India,"Apr 12, 2016","A heritage building in the Hutatma Chowk area in south Mumbai will soon be 
the largest retail space in a high street for a foreign brand in...",https://serpapi.com/searches/66afcbccef7ddae782de4dce/images/fd6d737f7c5583bd75b29bf349562fbecfe358b6b0a5847ffa773ce7433eccf8.jpeg,Fort
3,https://housing.com/news/rajesh-khannas-mumbai-bungalow-aashirwad/,Late Rajesh Khanna’s Mumbai bungalow: Where history meets nostalgia,Housing,"Apr 6, 2021","Late Rajesh Khanna's 6,500 sq. ft. sea-facing landmark bungalow 'Aashirwad' 
in Bandra was bought by him from another Bollywood legend...",https://serpapi.com/searches/66afcbccef7ddae782de4dce/images/fd6d737f7c5583bddbb4faac5afa1461e2b4450e9c23e9231bfcbfeeb3c15954.jpeg,Fort
4,https://housing.com/news/dmart-ceo-ignatius-navil-noronha-buys-rs-70-crore-house-in-mumbai/,DMart CEO Ignatius Navil Noronha buys Rs 70 crore house in Mumbai,Housing,"Jan 3, 2023","Know more about the two super premium apartments that have been bought by 
Avenue Supermarts CEO Ignatius Navil Noronha and wife in Mumbai's...",https://serpapi.com/searches/66afcbccef7ddae782de4dce/images/fd6d737f7c5583bd40421b713064c580c61e9781b82dd58553eea3bacb90a674.jpeg,Fort
5,https://www.hindustantimes.com/mumbai-news/six-streets-and-how-mumbai-became-the-city-of-dreams/story-Qe40iHwPedqmazabzcv4iJ.html,Six streets and how Mumbai became the city of dreams,Hindustan Times,"Aug 26, 2016","At Ballard Estate, a walk down six lanes reveals stories of a time Mumbai 
became the city of dreams | Mumbai news.",https://serpapi.com/searches/66afcbccef7ddae782de4dce/images/fd6d737f7c5583bd86eaeaa9a42ff40038118ed7ae0d38464461019a085aac9e.png,Fort
6,https://www.cnbctv18.com/real-estate/average-construction-cost-in-mumbai-10-higher-than-other-metros-8554851.htm,Average construction cost in Mumbai 10% higher than other metros,CNBC TV18,"Mar 10, 2021","The construction cost in the country's financial capital Mumbai is the 
highest among all the metro cities, while that in Chennai and...",https://serpapi.com/searches/66afcbccef7ddae782de4dce/images/fd6d737f7c5583bd81a8fdc0c5b447279448fd1b1b0e7a745ecd1525a660d115.jpeg,Fort
7,https://housing.com/news/bmc-proposes-property-tax-exemption-homes-500-sq-ft/,Mumbai property tax exemption: BJP clarifies that all components will be waived,Housing,"Nov 24, 2022","Following the Congress' allegations that the Shiv Sena-BJP government had 
'fooled the people of Mumbai', by waiving only 0.110 per cent of...",https://serpapi.com/searches/66afcbccef7ddae782de4dce/images/fd6d737f7c5583bd9f2ffe8c3f0dc9212eb1061224769c52b6a74656d92ca435.jpeg,Fort
8,https://housing.com/news/jp-morgan-leases-office-space-of-1-16-million-sq-ft-for-10-years-in-goregaon-mumbai/,"JP Morgan leases office space of 1.16 million sq ft for 10 years in Goregaon, Mumbai",Housing,"Aug 29, 2022","JP Morgan lease: Know more about the deal including the time frame, the 
stamp duty and the monthly rent to be paid.",https://serpapi.com/searches/66afcbccef7ddae782de4dce/images/fd6d737f7c5583bd905a67dcd2b826808d64da01bb3edd67d6b6a83bcc5ccb2d.jpeg,Fort
9,https://housing.com/news/top-10-localities-close-to-the-best-schools-in-mumbai/,Top 10 localities close to the best schools in Mumbai,Housing,"Nov 9, 2020","There is no doubt that Mumbai is one of the most sought-after cities in 
India, in spite of its traffic congestion and exorbitant property...",https://serpapi.com/searches/66afcbccef7ddae782de4dce/images/fd6d737f7c5583bd44b27c4680092cfd8dfe3a29b3c1b68d0d41b7c6176800de.jpeg,Fort
10,https://housing.com/news/mumbai-dcpr-2034-solve-real-estate-problems/,Mumbai DCPR 2034: Can it solve Mumbai’s real estate problems?,Housing,"Nov 3, 2020","The current Development Plan for Mumbai, has several positives and is a 
step in the right direction, but implementation of some of the...",https://serpapi.com/searches/66afcbccef7ddae782de4dce/images/fd6d737f7c5583bd6d535b1ae83796e436881dcaae6ca5b2f2103351f3d38350.jpeg,Fort
1,https://housing.com/news/mumbai-metro-line-3/,"Mumbai Metro Line 3: Aqua Line route, stations, map",Housing,1 month ago,"Mumbai Metro Line 3 is also known as the Aqua Line. Check out details, such as its route, stations, etc., in this guide.",https://serpapi.com/searches/66afcbceaf5af1fbb11ad894/images/53790356d4056f0c25801f3f2dd7a403bb18c89095259df16d46c3d93ddcd797.jpeg,Fort
2,https://housing.com/news/389-mumbai-buildings-get-extra-fsi-for-redevelopment/,389 Mumbai buildings get extra FSI for redevelopment,Housing,"Jan 2, 2023",The state government has made changes to existing rules so that redevelopment of MHADA buildings is possible and feasible for Mumbai...,https://serpapi.com/searches/66afcbceaf5af1fbb11ad894/images/53790356d4056f0cf64c5d0298bac2bb479f9a2202bced695b7adc0c874168b9.jpeg,Fort
3,https://www.zeebiz.com/india/real-estate/news-rs-119-cr-ranveer-singhs-new-bandstand-house-in-bandra-west-of-mumbai-19-parking-lots-rs-7-cr-stamp-duty-11266-sq-ft-space-and-more-189280,"Rs 119 cr! Ranveer Singhs New Bandstand House In Bandra West of Mumbai - 19 parking lots, Rs 7 cr stamp dut...",Zee Business,"Jul 12, 2022","The actor has bought the apartment spread across floors 16, 17, 18 and 19 of Sagar Resham, a building at Bandstand in the close vicinity of...",https://serpapi.com/searches/66afcbceaf5af1fbb11ad894/images/53790356d4056f0cc053f804e0cbff03f61ec05155132b2e0e2c1eec3cdc5066.jpeg,Fort
4,https://housing.com/news/service-sector-companies-in-india/,Top service sector companies in India,Housing,"Oct 25, 2023","India thrives as a diverse business hub, hosting tech giants in Bengaluru and financial powerhouses in Mumbai, among others.",https://serpapi.com/searches/66afcbceaf5af1fbb11ad894/images/53790356d4056f0c63e0fd26f9001e6d5490df34ae99167195ab258b71d5dfe7.jpeg,Fort
5,https://www.siliconindia.com/realestate/news/costliest-property-deal-in-mumbai-fetches-rs135l-sq-ft-nid-154638.html,Costliest Property Deal In Mumbai Fetches Rs.1.35L/ Sq Ft,Siliconindia,"Sep 24, 2013",Costliest Property Deal In Mumbai Fetches Rs.1.35L/ Sq Ft - Bangalore: While the country's real estate market is observing sluggish growth...,https://serpapi.com/searches/66afcbceaf5af1fbb11ad894/images/53790356d4056f0c9ab499e7183cde0862e51035e6aad42afdb9d9a231aacaad.jpeg,Fort
6,https://realty.economictimes.indiatimes.com/news/commercial/ubs-sets-up-office-at-navi-mumbais-airoli-mindspace/58281275,UBS sets up office at Navi Mumbai’s Airoli Mindspace,ET Realty,"Apr 20, 2017",MUMBAI: Swiss bank UBS has set up its office on part of recently leased 4 lakh sq ft space in K Raheja Corp's Mindspace complex in Navi...,https://serpapi.com/searches/66afcbceaf5af1fbb11ad894/images/53790356d4056f0c25e9c61336d0ff31aff574b8e06f2b1e3801fb657d4d76e7.jpeg,Fort
7,https://cevnews.in/2021/07/kolkatas-kct-group-buys-hsbcs-office-building-in-south-mumbai-real-estate-news-et-realestate/,Kolkata’s KCT Group buys HSBC’s office building in South Mumbai Real Estate News ET RealEstate,ctn press,"Jul 12, 2021","Kolkata's KCT Group buys HSBC's office building in South Mumbai Real Estate News ET RealEstate, Property Tax, Engineers, Architects,...",https://serpapi.com/searches/66afcbceaf5af1fbb11ad894/images/53790356d4056f0c6ba7e7567697eecee935e32b3f327ffb0696c1296d8e9c84.jpeg,Fort
8,https://www.hellomumbainews.com/business_news/tardeo-pin-code-to-south-mumbais-premium-real-estate-market-that-drips-luxury/,Tardeo: Pin code to South Mumbai’s premium real estate market that drips luxury,Hello Mumbai News,"Nov 2, 2022","The luxury residential market has been on an upswing post the pandemic, with its overall sales share growing to 14% in the first half of...",https://serpapi.com/searches/66afcbceaf5af1fbb11ad894/images/53790356d4056f0c1ea244936e9a280abafbebd80da1ac9f85dca3ce895406bb.jpeg,Fort
1,https://infra.economictimes.indiatimes.com/news/urban-infrastructure/mumbai-coastal-road-leads-to-5-15-property-price-rise-in-western-suburbs/108793103,Mumbai Coastal Road leads to 5-15% property price rise in western suburbs,ET Infra,"Mar 26, 2024","Mumbai Coastal Road NEW DELHI: The opening of the first phase of Mumbai 
Coastal Road from Princess Street Flyover to Worli along the...",https://serpapi.com/searches/66afcbd4b5961e021c7fe1eb/images/bd0b489d694220bdae8903a29b47a2e819933850c73a0ef209bfb8e960aef176.jpeg,Nariman Point
2,https://www.moneycontrol.com/news/business/real-estate/can-south-mumbai-commercial-real-estate-market-catch-up-with-bkc-with-infra-boost-12491631.html,Can South Mumbai commercial real estate market catch up with BKC with infra boost?,Moneycontrol,"Mar 20, 2024","Mumbai real estate: South Mumbai, or Sobo, real estate market has over the 
last five to 10 years lost it prominence owing to dearth of...",https://serpapi.com/searches/66afcbd4b5961e021c7fe1eb/images/bd0b489d694220bd2e8bfc4c6946cc9d0b6872d4d67eaf7520ee8dbeea192b61.jpeg,Nariman Point
3,https://www.hindustantimes.com/real-estate/mumbai-coastal-road-inaugurated-here-s-how-it-is-expected-to-impact-real-estate-markets-101710169972990.html,Mumbai Coastal Road inaugurated: Here’s how it will impact realty markets,Hindustan Times,"Mar 11, 2024","The Mumbai Coastal Road is expected to rejuvenate the city's business hubs 
and drive residential demand in South-Central Mumbai submarkets.",https://serpapi.com/searches/66afcbd4b5961e021c7fe1eb/images/bd0b489d694220bd3ac1c53c789a01c9c70f659f722bb960d88b5a1150ebf2c2.jpeg,Nariman Point
4,https://www.business-standard.com/companies/news/luxury-hospitality-giant-oberoi-group-launches-residential-suites-in-mumbai-124051001480_1.html,Luxury hospitality giant Oberoi Group launches residential suites in Mumbai,Business Standard,"May 10, 2024","Designed by Architectural Discipline, the new suites combine residential 
ambience with contemporary aesthetics. Advertisement. rent, real...",https://serpapi.com/searches/66afcbd4b5961e021c7fe1eb/images/bd0b489d694220bd1ddacae34768a8ed203766d39c5a0f6b46d07a45164c0e96.jpeg,Nariman Point
5,https://www.rprealtyplus.com/interviews/mumbai-coastal-road-catalyst-for-real-estate-114388.html,MUMBAI COASTAL ROAD CATALYST FOR REAL ESTATE,Realty Plus Magazine,"Mar 14, 2024","Dr. Samantak Das, Chief Economist and Head- Research & REIS, India, JLL 
shares that the Mumbai's coastal road project is a game-changer for...",https://serpapi.com/searches/66afcbd4b5961e021c7fe1eb/images/bd0b489d694220bd64cc1e7d44b04112f20dc2451d72529f387583585bd7731d.jpeg,Nariman Point
6,https://housing.com/news/reckoner-rates-in-nariman-point-mumbai/,"Reckoner Rates in Nariman Point, Mumbai",Housing,"Dec 28, 2023","Find out the area-wise ready reckoner rate list for Nariman Point, Mumbai 
in 2024. Find out how to check the list on the official site.",https://serpapi.com/searches/66afcbd4b5961e021c7fe1eb/images/bd0b489d694220bd1d546060eb9d1390183aa93cdbce26280cc69e113beb2cc4.jpeg,Nariman Point
7,https://www.timesnownews.com/mumbai/how-opening-of-mumbai-coastal-road-has-led-to-surge-in-property-rates-in-bandra-andheri-area-article-108820508,How Opening Of Mumbai Coastal Road Has Led To Surge In Property Rates In Bandra-Andheri Area,Times Now,"Mar 27, 2024","Stakeholders report a 5-15 per cent increase in property values in the 
Bandra-Andheri area due to the project, with anticipated positive...",https://serpapi.com/searches/66afcbd4b5961e021c7fe1eb/images/bd0b489d694220bd53fea424037deb3d1b88e85bdf25f69cb874d6cdd74f92a7.jpeg,Nariman Point
8,https://www.moneycontrol.com/news/business/real-estate/5-things-you-dont-know-about-the-maharashtra-govts-rs-1601cr-acquisition-of-mumbais-air-india-building-11711681.html,"5 things you don't know about the Maharashtra govt’s Rs 1,601cr acquisition of Mumbai’s Air India...",Moneycontrol,"Nov 10, 2023","Mumbai real estate: According to the Maharashtra government, the 
5-lakh-square-feet-space will be used for housing different government...",https://serpapi.com/searches/66afcbd4b5961e021c7fe1eb/images/bd0b489d694220bd68cc114f1c358e01d4dc5970374482bb59400bf1cb6707a2.jpeg,Nariman Point
9,https://timesproperty.com/news/post/all-about-mumbai-coastal-road-project-blid6986,Mumbai's Coastal Road Project: Real Estate Buzz,Times Property,"Mar 15, 2024","Mumbai Coastal Road Project: An In-Depth Guide on Its Route, Financial 
Implications, and the Project's Influence on Local Real Estate...",https://serpapi.com/searches/66afcbd4b5961e021c7fe1eb/images/bd0b489d694220bdefb9f1613eee433cb34a4ce5237b880f1a465fc2101b82d8.jpeg,Nariman Point
10,https://www.constructionweekonline.in/business/commercial-real-estate-market-in-mumbai-andheri-takes-centre-stage,Commercial real estate market in Mumbai: Andheri takes centre stage,Construction Week India,"Nov 7, 2023","In the bustling heart of India's financial capital, Mumbai, the real estate 
market is experiencing an unprecedented surge.",https://serpapi.com/searches/66afcbd4b5961e021c7fe1eb/images/bd0b489d694220bd9d33b007f7830bc0376bc866491529c60968d138d99b55fd.jpeg,Nariman Point
1,https://timesofindia.indiatimes.com/city/mumbai/mumbai-turns-a-giant-construction-site-is-adding-5-nariman-points/articleshow/104683977.cms,"Mumbai air pollution: City turns a giant construction site, is adding 5 Nariman Points",Times of India,"Oct 25, 2023","Mumbai has experienced an intense construction boom, with ongoing real 
estate construction activity covering an area equivalent to five...",https://serpapi.com/searches/66afcbd60f9866b86b906120/images/4b528154e872409ddae4ac14185c194dee12fedbd7021697164f4bf01840ac86.jpeg,Nariman Point
2,https://www.freepressjournal.in/mumbai/mumbai-news-with-infra-boost-sobo-office-spaces-need-200-crore-makeover,"Mumbai News: With Infra Boost, SoBo Office Spaces Need ₹200-Crore Makeover",Free Press Journal,"Nov 18, 2023","Revival of Mumbai's old CBDs with upcoming infrastructure projects set to 
boost real estate market. Findings of a study by Colliers reveal...",https://serpapi.com/searches/66afcbd60f9866b86b906120/images/4b528154e872409d3330c5c77a95eaa0d4bb9acd1fe77074d99f7829930de42d.jpeg,Nariman Point
3,https://housing.com/news/mumbai-coastal-road-project-route-map-cost-real-estate-impact/,"Mumbai Coastal Road Project: Route map, cost, real estate impact",Housing,1 month ago,"The estimated cost of the project is Rs 13060 crore and the project is 
expected to be completed by June 2024.",https://serpapi.com/searches/66afcbd60f9866b86b906120/images/4b528154e872409dd3ec291b36b46da6a7dc794a85dda0d3eb50ae96751085ad.jpeg,Nariman Point
4,https://www.firstpost.com/business/economy/the-slow-but-steady-death-of-nariman-point-562877.html,The slow but steady death of Nariman Point,Firstpost,"Dec 20, 2014","Most buildings in Nariman Point are at least 30 years old and there is 
absolutely no new supply in the market. These buildings are obsolete...",https://serpapi.com/searches/66afcbd60f9866b86b906120/images/4b528154e872409d3a86aca9c3215484a43a6597a37936b59d99079596e120fc.jpeg,Nariman Point
5,https://www.hindustantimes.com/real-estate/mumbai-real-estate-market-here-s-why-listed-realtors-are-making-a-beeline-for-redevelopment-projects-101708400722227.html,Here’s why realtors are making a beeline for redevelopment projects in Mumbai,Hindustan Times,"Feb 20, 2024","Mumbai real estate market: Listed realtors are picking up redevelopment 
projects in Mumbai because they have the financial wherewithal to...",https://serpapi.com/searches/66afcbd60f9866b86b906120/images/4b528154e872409d6b7343b1c2dbb919ee3618b495529539456cad72348abf68.jpeg,Nariman Point
6,https://housing.com/news/mumbai-rental-housing-market-sees-robust-double-digit-growth-check-out-more-details/,Mumbai Rental Housing Market Sees Robust Double-Digit Growth: Check Out More Details,Housing,"Mar 30, 2024","The Mumbai rental housing market holds significant potential towards 
witnessing increased demand for larger apartments, higher rental yields...",https://serpapi.com/searches/66afcbd60f9866b86b906120/images/4b528154e872409d346246763bddb01d9e595fe1ca4722a7b38f953af17bb974.jpeg,Nariman Point
7,https://www.rprealtyplus.com/realty-spotlight/mumbai-real-estate-an-upcycle-awaits-107296.html,MUMBAI REAL ESTATE AN UPCYCLE AWAITS,Realty Plus Magazine,"Aug 12, 2022","Mumbai's real estate sector registered its best July in a decade, despite 
the rise in interest rates.",https://serpapi.com/searches/66afcbd60f9866b86b906120/images/4b528154e872409d2536763c9eabf26f147567f5bdb0011b0aa60124fb0f977b.jpeg,Nariman Point
8,https://www.hindustantimes.com/real-estate/anant-ambani-radhika-merchant-wedding-all-that-you-need-to-know-about-the-venue-bandra-kurla-complex-101720757984616.html,"Anant Ambani, Radhika Merchant wedding: All that you need to know about the venue Bandra Kurla Complex",Hindustan Times,3 weeks ago,"Anant Ambani and Radhika Merchant's wedding is taking place at Mumbai's Jio 
World Convention Centre located in the business district Bandra...",https://serpapi.com/searches/66afcbd60f9866b86b906120/images/4b528154e872409d324785ecf842b594d46b84768d9bd051c5b2edf0545a48e9.jpeg,Nariman Point
9,https://www.hindustantimes.com/mumbai-news/air-india-s-iconic-nariman-point-building-in-mumbai-may-fetch-only-600-700-crore/story-IKs3jPiNIlK68pvmQQsRgM.html,Air India’s iconic Nariman Point building in Mumbai may fetch only ₹600- ₹700 crore,Hindustan Times,"Jul 6, 2018","Nariman Point, once among the world's costliest office locations, has lost 
its sheen as more and more companies move to Bandra-Kurla Complex...",https://serpapi.com/searches/66afcbd60f9866b86b906120/images/4b528154e872409de1cb098945d376339702e5daa6625224ebbdcacf6c0e9a48.png,Nariman Point
10,https://housing.com/news/stock-brokers-in-mumbai/,Top stock brokers in Mumbai,Housing,"Sep 29, 2023","Stock broker companies in Mumbai contribute significantly to the city's 
overall economy. Discover the top stock brokers in Mumbai.",https://serpapi.com/searches/66afcbd60f9866b86b906120/images/4b528154e872409da3988ff2d2c48411788eb283120e8f8928fea416a8ee1485.jpeg,Nariman Point
1,https://housing.com/news/top-cloud-kitchens-in-mumbai/,Top cloud kitchens in Mumbai,Housing,"Oct 11, 2023","Established in 2015, Louis Burger is a shining star in Mumbai's culinary 
galaxy, renowned for its gourmet burger creations.",https://serpapi.com/searches/66afcbd7272aa50f52fdb07f/images/bb089c527fa19e33f04187c0b44aeb55d4b645308b2d368e708dec958ccd7587.jpeg,Nariman Point
2,https://realty.economictimes.indiatimes.com/news/commercial/dbs-set-to-lease-1-lakh-sq-ft-of-office-space-in-nariman-point/55447906,Record deal: DBS set to lease 1 lakh sq ft of office space in Nariman Point,ET Realty,"Nov 16, 2016","MUMBAI: In the largest ever transaction in Nariman Point's history, 
Singapore's multinational bank DBS Bank is set to pick up 1 lakh sq ft...",https://serpapi.com/searches/66afcbd7272aa50f52fdb07f/images/bb089c527fa19e33b1be53c9269018d16800953688e588f066ca38053d4b56cf.jpeg,Nariman Point
3,https://www.freepressjournal.in/weekend/buzz-by-the-bay-people-are-making-a-mistake-in-misunderstanding-the-word-quality-in-terms-of-value-add-says-niranjan-hiranandani,"Buzz By the Bay: People Are Making A Mistake In Misunderstanding The Word Quality In Terms Of Value Add...,",Free Press Journal,"Oct 31, 2023","Niranjan Hiranandani, co-founder and Managing Director of Hiranandani 
Group, shares his take on the real estate sector in Mumbai.",https://serpapi.com/searches/66afcbd7272aa50f52fdb07f/images/bb089c527fa19e33574c968a88eb435c98b501b39432c3f699704f0eee1224eb.jpeg,Nariman Point
4,https://timesproperty.com/news/post/current-market-prices-per-sq-ft-in-mumbai-blid3971,Market Prices Per Square Foot in Mumbai Neighborhoods,Times Property,"Feb 24, 2023","Know the Current Market Prices Per Sq. Ft. In Mumbai. Table of Contents. 
Mumbai And Its Neighbourhoods; Major Neighbourhoods In Brief In...",https://serpapi.com/searches/66afcbd7272aa50f52fdb07f/images/bb089c527fa19e331364764e8d7de9b9ce087ed7df7770c8c1408afdf359136a.jpeg,Nariman Point
5,https://www.livemint.com/Companies/ht1zRGhpalQedtAHI9bMuN/Mumbai-property-rates-may-weigh-on-Air-India-building-sale.html,Mumbai property rates may weigh on Air India building sale | Company Business News,mint,"Jul 6, 2018","Mumbai: The sale of the iconic Air India building at Mumbai's tony Nariman 
Point neighbourhood could fetch ₹ 600-700 crore, real estate...",https://serpapi.com/searches/66afcbd7272aa50f52fdb07f/images/bb089c527fa19e331b2b984c4ac71ec982fc25b54b1432bec233279d9aec142b.jpeg,Nariman Point
6,https://www.constructionweekonline.in/people/mumbais-best-kept-secrets-exclusive-luxury-housing-areas-with-promising-futures,Mumbai’s best kept secrets: Exclusive luxury housing areas with promising futures,Construction Week India,"May 22, 2023","Cyrus Mody, founder & managing partner, Viceroy Properties, reveals them 
all. Mumbai's best kept secrets: Exclusive luxury housing areas...",https://serpapi.com/searches/66afcbd7272aa50f52fdb07f/images/bb089c527fa19e3342b028e9bf0fb46aa4e926d09fc8fca7a61ccbc63253ecea.jpeg,Nariman Point
7,https://indianexpress.com/article/india/shell-firm-director-who-sold-flat-to-ajoy-mehta-linked-to-group-in-ed-probe-7416123/,Shell firm director who sold flat to Ajoy Mehta linked to group in ED probe,The Indian Express,"Jul 22, 2021","Maharashtra Real Estate Regulatory Authority (Maha RERA) Chairman Ajoy 
Mehta's Nariman Point apartment — which has come under the Income Tax...",https://serpapi.com/searches/66afcbd7272aa50f52fdb07f/images/bb089c527fa19e33605234cdfadefc8142f5cc28a0f782b67fa9e1ccaa7afafe.jpeg,Nariman Point
8,https://www.hindustantimes.com/cities/mumbai-news/mapping-post-covid-office-rentals-action-shifts-to-eastern-central-suburbs-101665080655310.html,"Mapping post-Covid office rentals: Action shifts to eastern, central suburbs",Hindustan Times,"Oct 6, 2022","There has been a continuous exodus of corporates from CBD Mumbai to other 
commercial hubs in the city. Traditionally, due to the ease of...",https://serpapi.com/searches/66afcbd7272aa50f52fdb07f/images/bb089c527fa19e33412ce93660572f438646b1fdfa89286fef41051055803620.jpeg,Nariman Point
9,https://housing.com/news/waste-management-companies-in-mumbai/,Key waste management companies in Mumbai and Navi Mumbai,Housing,"Sep 22, 2023","Mumbai is home to diverse businesses and waste management is a rapidly 
growing sector here. Check out top waste management companies here.",https://serpapi.com/searches/66afcbd7272aa50f52fdb07f/images/bb089c527fa19e331b21dd99bea6b3b42ddf7048c05ad53687b2b6933eb31d79.jpeg,Nariman Point
10,https://www.fortuneindia.com/long-reads/indias-biggest-landlord/107343,India's Biggest Landlord,Fortune India,"Mar 8, 2022","Sitting with Tuhin Parikh in Blackstone Advisors India's 5th floor office 
in the iconic Express Towers in Mumbai's Nariman Point offers a...",https://serpapi.com/searches/66afcbd7272aa50f52fdb07f/images/bb089c527fa19e33b43ee73abdbbc634bed6c70c6bf6c14996418bdca0beb8f9.jpeg,Nariman Point
1,https://housing.com/news/oil-and-gas-companies-in-mumbai/,Top 10 oil and gas companies based in Mumbai,Housing,"Oct 4, 2023","Reliance Industries, spearheaded by Mukesh Ambani, has transformed India's 
energy sector. With its headquarters in Mumbai, this industry...",https://serpapi.com/searches/66afcbd95f22031b5b94eff6/images/0128338f01793bc64913517a310bd36155df85aff876400c7f506effbde51e13.jpeg,Nariman Point
2,https://www.hindustantimes.com/mumbai-news/mumbai-s-posh-real-estate-surrounded-by-toxic-water/story-f1dVoh0Ozj62pjyOR8NPoI.html,"Mumbai’s posh Malabar Hill, Nariman Point surrounded by toxic water",Hindustan Times,"Feb 13, 2017","The city's most expensive real estate areas are surrounded by high levels 
of water pollution, a study by the state pollution control board...",https://serpapi.com/searches/66afcbd95f22031b5b94eff6/images/0128338f01793bc6d17b8fab62378d60a70661d484d4b84117baa3931af767e0.png,Nariman Point
3,https://www.freepressjournal.in/mumbai/mumbai-to-witness-14-surge-in-office-spaces-with-21-million-sq-ft-grade-a-supply-by-2025-reports-property-share,Mumbai To Witness 14% Surge In Office Spaces With 21 Million Sq Ft Grade A Supply By 2025: Reports Property,Free Press Journal,"Jan 24, 2024","Around 21 million sqft of new Grade A supply of office space is expected to 
be added in Mumbai by 2025, increasing the total stock to over...",https://serpapi.com/searches/66afcbd95f22031b5b94eff6/images/0128338f01793bc616192b088abf80b5b6d0496b0bd9f2c2c64f366e896dc8c5.jpeg,Nariman Point
4,https://citizenmatters.in/the-mills-and-a-boom-a-real-estate-transformation-that-left-out-locals/,The mills and a boom: A real estate transformation that left out locals,Citizen Matters,"Mar 6, 2023","Mumbai's mill lands were to be equitably divided into open space, 
affordable housing and commercial use. The drive for profit has taken...",https://serpapi.com/searches/66afcbd95f22031b5b94eff6/images/0128338f01793bc6840997ee7ff16c0f8d31a1fc4874e30047ca13fe3193994c.jpeg,Nariman Point
5,https://www.business-standard.com/article/companies/indian-express-buys-15-000-sq-ft-office-space-in-south-mumbai-for-rs-34-cr-117022600698_1.html,"Indian Express buys 15,000-sq ft office space in South Mumbai for Rs 34 cr",Business Standard,"Feb 27, 2017","Capital values for Grade-A buildings in Nariman Point are Rs 25000 to Rs 
28000 a sq ft.",https://serpapi.com/searches/66afcbd95f22031b5b94eff6/images/0128338f01793bc6c5a3b89537568ca77ec16e55bc9f218822f00278454121dd.jpeg,Nariman Point
6,https://m.economictimes.com/wealth/real-estate/connaught-place-worlds-10th-costliest-office-market-nariman-point-at-30th-position/articleshow/60515741.cms,Connaught Place World’s 10th costliest office market; Nariman Point at 30th position,The Economic Times,"Sep 14, 2017","MUMBAI: New Delhi's Connaught Place is the world's 10th most expensive 
office location with an annual prime rent of $111 per sq ft,...",https://serpapi.com/searches/66afcbd95f22031b5b94eff6/images/0128338f01793bc6da4d75045c0fb14438fbc9b7830ff1700ebf3f6885b23e9a.jpeg,Nariman Point
7,https://www.firstpost.com/explainers/mumbai-coastal-road-now-open-how-it-will-benefit-the-city-13747854.html,Mumbai coastal road now open: How it will benefit the city,Firstpost,"Mar 12, 2024","Maharastra CM Eknath Shinde inaugurated the south-bound section of the 
much-awaited Mumbai Coastal Road Project (MCRP) on Monday. The new...",https://serpapi.com/searches/66afcbd95f22031b5b94eff6/images/0128338f01793bc6c3fa24b8954fd362f9e64e59c6faba99037f3ad129b135aa.jpeg,Nariman Point
8,https://m.economictimes.com/wealth/personal-finance-news/mumbai-office-rentals-dip-4-in-q1-nariman-point-rates-down-3-4-in-a-year/articleshow/47817442.cms,"Mumbai office rentals dip 4% in Q1, Nariman Point rates down 3.4% in a year",The Economic Times,"Jun 25, 2015","Mumbai, the country's commercial capital, has witnessed 4 per cent drop in 
average prime office rentals in the first quarter ended March.",https://serpapi.com/searches/66afcbd95f22031b5b94eff6/images/0128338f01793bc6fc72836316de0b353e42402b1c260cd689d4693c6be0e9da.jpeg,Nariman Point
9,https://www.business-standard.com/article/economy-policy/-nariman-point-world-s-fifth-most-expensive-office-location-110022300244_1.html,Nariman Point world's fifth most expensive office location',Business Standard,"Feb 23, 2010","Mumbai's Nariman Point area is the fifth most expensive office location in 
the world with an average annual rental of $107 per sq ft,...",https://serpapi.com/searches/66afcbd95f22031b5b94eff6/images/0128338f01793bc6ce7239d3f613f4e776999589298c81c9c9ce2048a457801f.png,Nariman Point
10,https://timesofindia.indiatimes.com/city/mumbai/ready-reckoner-rates-unchanged-for-third-year-in-mumbai/articleshow/99158058.cms,Ready reckoner rates unchanged for third year in Mumbai,Times of India,"Apr 1, 2023","There will be no change in ready reckoner (RR) rates in the state for the 
forthcoming financial year. The last time the rates were increased...",https://serpapi.com/searches/66afcbd95f22031b5b94eff6/images/0128338f01793bc6195a433d9e10e9405dec9f650a88c1047017fa1e37178c38.jpeg,Nariman Point
1,https://www.hindustantimes.com/real-estate/new-business-hubs-emerging-in-oshiwara-kalyan-bhiwandi-thane/story-JLx1pZ3S85bBHPbfbSuV1J.html,"New business hubs emerging in Oshiwara, Kalyan, Bhiwandi, Thane",Hindustan Times,"Apr 21, 2018","As commercial centres such as Bandra-Kurla Complex and Lower Parel become 
saturated, developers are stepping in with new-age plans.",https://serpapi.com/searches/66afcbdb79627cf8504819ea/images/4bd6a276d78499e9ca3eedc456b250d1bffd5172697a1236177e8c3bb10075a5.png,Nariman Point
2,https://www.cnbctv18.com/real-estate/old-vs-new-state-of-central-business-districts-in-mumbai-3948591.htm,Old vs New: State of central business districts in Mumbai,CNBC TV18,"Jul 9, 2019","Much has changed in Mumbai when it comes to offices. And the change is 
impacting the real estate market in more than one way.",https://serpapi.com/searches/66afcbdb79627cf8504819ea/images/4bd6a276d78499e9aafd7910f4a2191f698f1e4de8d3bbb544a27a86de4b564c.jpeg,Nariman Point
3,https://www.livemint.com/industry/infrastructure/mumbai-s-bkc-is-the-new-headquarters-for-mega-realty-deals-1562610708372.html,Mumbai’s BKC is the new headquarters for mega realty deals | Mint,mint,"Jul 9, 2019","BKC is finally outshining south Mumbai's Nariman Point and Lower Parel in 
terms of top-dollar deals.In June, Tokyo-based Sumitomo Corp.",https://serpapi.com/searches/66afcbdb79627cf8504819ea/images/4bd6a276d78499e931cd4884ad8c92bf16f5a2e3bd71637f6c5520135d68ed54.jpeg,Nariman Point
4,https://mumbaimirror.indiatimes.com/mumbai/cover-story/pricey-nariman-point-gets-a-new-middle-order/articleshow/15986035.cms,Pricey Nariman Point gets a new middle order,Mumbai Mirror,"Jan 22, 2010","Nariman Point , which frequently scaled new highs in real estate prices, 
and has also overtaken New York's upscale business districts in...",https://serpapi.com/searches/66afcbdb79627cf8504819ea/images/4bd6a276d78499e98d8ce475fa9ff1e18e8c9a6b39112dd0edb523a08e406bfa.jpeg,Nariman Point
5,https://indianexpress.com/article/cities/mumbai/bkc-beats-nariman-point-to-become-country-s/,BKC beats Nariman Point to become country’s most expensive office space,The Indian Express,"Apr 6, 2012","The Central Business District of Nariman Point has for the first time been 
unseated from its position as the most expensive office space in...",https://serpapi.com/searches/66afcbdb79627cf8504819ea/images/4bd6a276d78499e933cb45e9348699e7ffa4c6c513c30e4e1449507b35eb6d7c.jpeg,Nariman Point
6,https://housing.com/news/newspaper-companies-in-mumbai/,Top newspaper companies in Mumbai,Housing,"Sep 21, 2023","Bennett, Coleman & Co. (BCCL), also known as The Times Group, is a leading 
media conglomerate in India. It operates newspapers like The...",https://serpapi.com/searches/66afcbdb79627cf8504819ea/images/4bd6a276d78499e9aa1563a4ac8d5a7a322074e75ce75ef5b6b54dffab65f427.jpeg,Nariman Point
7,https://housing.com/news/cloud-computing-companies-in-india/,List of top 10 cloud computing companies in India,Housing,"Sep 28, 2023","India's cloud computing companies have significantly fuelled the growth of 
the country. Discover the top cloud computing companies in India.",https://serpapi.com/searches/66afcbdb79627cf8504819ea/images/4bd6a276d78499e946d4bf3ef6ecfd13991754dae6fde7ba0501fa308c59c0b3.jpeg,Nariman Point
8,https://housing.com/news/mhada-lottery-2023-mumbai-who-is-eligible/,Mhada lottery 2023: Eligibility for Mumbai board housing units,Housing,"Aug 16, 2023","Mhada lottery 2023 Mumbai is selling 4082 units across the city. Check 
eligibility and documents required.",https://serpapi.com/searches/66afcbdb79627cf8504819ea/images/4bd6a276d78499e9d63253ed8aa4d32a69314baaa10a08f0e681884c6c570ca9.jpeg,Nariman Point
9,https://www.indiatoday.in/magazine/economy/story/19970804-real-estate-business-in-india-faces-unprecedented-crisis-as-prices-plummets-831849-1997-08-03,Real estate business in India faces unprecedented crisis as prices plummets,India Today,"Aug 4, 1997","With prices plummeting across the country, the real estate business faces 
an unprecedented crisis. A sluggish economy and the funds-crunch...",https://serpapi.com/searches/66afcbdb79627cf8504819ea/images/4bd6a276d78499e9805e29d274ba25cc19c8558fa7c8892e3badce3aa83e076f.jpeg,Nariman Point
10,https://housing.com/news/singapore-companies-in-india/,Top Singapore companies in India,Housing,"Oct 9, 2023","APL Logistics, established in 1977, is a pioneering supply chain service 
provider headquartered in Mumbai. With a global presence,...",https://serpapi.com/searches/66afcbdb79627cf8504819ea/images/4bd6a276d78499e976b3823a135166fc3fef772e9e964cdee0decb3af19fb9ed.jpeg,Nariman Point
1,https://housing.com/news/textile-industry-in-mumbai/,Textile industry in Mumbai,Housing,"Sep 29, 2023","Mumbai's proximity to port and easy access to materials has made it a major 
player in the textile industry.",https://serpapi.com/searches/66afcbdcc56d93ce10b541b1/images/7d47ba9e5dbd76b9a3224d024e0889fac9118168ecb1cecef5b4d3774c574716.jpeg,Nariman Point
2,https://www.business-standard.com/article/specials/mumbai-property-rate-slide-arrested-197090201067_1.html,Mumbai Property Rate Slide Arrested,Business Standard,"Sep 2, 1997","The entry of transnationals, along with heightened industrial activity of 
the domestic private sector led to an upsurge in the demand for...",https://serpapi.com/searches/66afcbdcc56d93ce10b541b1/images/7d47ba9e5dbd76b9cac9da44cf23a803720396a595a2f2175df4b69be66ac3a1.png,Nariman Point
3,https://housing.com/news/fintech-companies-in-mumbai/,Top 10 fintech companies in Mumbai,Housing,"Sep 20, 2023","Fintech refers to companies that use technology to provide financial 
services. Check out the top fintech companies in Mumbai.",https://serpapi.com/searches/66afcbdcc56d93ce10b541b1/images/7d47ba9e5dbd76b9b5ed9fe20a27f8e19c4c0cf12ff1d0ad31b5e603951ce842.jpeg,Nariman Point
4,https://housing.com/news/top-food-companies-in-mumbai/,Top food companies in Mumbai,Housing,"Oct 18, 2023","Top 10 food companies in Mumbai: General Mills India, Mondelēz 
International, Parle Products, Nestle, Allanasons, PepsiCo, Kellogg.",https://serpapi.com/searches/66afcbdcc56d93ce10b541b1/images/7d47ba9e5dbd76b903f932d275a28898ea7c72e75f204c82a09048272e29cb71.jpeg,Nariman Point
1,https://www.hindustantimes.com/real-estate/prestige-group-sells-rs-1300-crore-worth-of-uber-luxury-residences-in-south-mumbai-101714387525412.html,Prestige Group sells ₹1300 crore worth of uber luxury residences in South Mumbai,Hindustan Times,"Apr 29, 2024","Prestige Ocean Towers in Mumbai has a developable potential of 4.62 lakh sq 
ft carpet area with an estimated revenue potential of...",https://serpapi.com/searches/66afcbe5d5a531f8d91ec887/images/1eb35b523636797456324f6765e812c005c485c6d0c286c3c106e2d4a3ac2fae.jpeg,Marine Lines
2,https://www.business-standard.com/industry/news/real-estate-developers-ramp-up-uber-luxury-properties-amid-demand-surge-124061300657_1.html,"Amid high demand, real estate developers ramp up uber-luxury projects",Business Standard,1 month ago,"Luxury Real Estate: Luxury home sales in India surged by 75 per cent last 
year.",https://serpapi.com/searches/66afcbe5d5a531f8d91ec887/images/1eb35b523636797496f9545606805f87b42dc5910781633ae7dbe18f3dba8c63.jpeg,Marine Lines
3,https://infra.economictimes.indiatimes.com/news/urban-infrastructure/mumbai-coastal-road-leads-to-5-15-property-price-rise-in-western-suburbs/108793103,Mumbai Coastal Road leads to 5-15% property price rise in western suburbs,ET Infra,"Mar 26, 2024","Mumbai Coastal Road: According to stakeholders, the project has led to 
5-15% price appreciation in and around the Bandra-Andheri area in...",https://serpapi.com/searches/66afcbe5d5a531f8d91ec887/images/1eb35b5236367974c7dd7a9d16eee691dd727f0e416f17a9afd2d8cf9738141d.jpeg,Marine Lines
4,https://www.indiainfoline.com/news/companies/prestige-group-sells-homes-worth-1300-crore-in-south-mumbai,Prestige Group sees Rs 1300 crore worth booking in its Marine Lines project,India Infoline,"Apr 29, 2024","Prestige Group has received bookings worth ₹1300 Crore at its Prestige 
Ocean project at Marine Lines in Mumbai. Scattered on a 2-acre area,...",https://serpapi.com/searches/66afcbe5d5a531f8d91ec887/images/1eb35b5236367974ddfe44fbe2ff23796f04a8f919a1ad29599c0eaed981dae4.jpeg,Marine Lines
5,https://media.biltrax.com/ajmera-cityscapes-announce-the-launch-of-ajmera-downtown-at-marine-lines/,Ajmera Cityscapes announce the launch of ‘Ajmera Downtown’ at Marine Lines,Biltrax Media,"Nov 23, 2023","Ajmera Cityscapes announced the launch of its new luxury housing project, 
Ajmera Downtown, at Marine Lines in Mumbai.",https://serpapi.com/searches/66afcbe5d5a531f8d91ec887/images/1eb35b523636797419a8f4803fc5e0d29f04a24fa71685a0ae7028f60a3a2ecb.jpeg,Marine Lines
6,https://www.cnbctv18.com/market/man-infra-share-price-gains-securing-luxury-residential-project-south-mumbai-19343371.htm,Man Infra gains over 3% on securing luxury residential project in South Mumbai,CNBC TV18,"Mar 22, 2024","Man Infra Share Price | In a stock exchange filing, Man Infra said it has 
acquired an iconic uber-luxurious sea-facing residential project...",https://serpapi.com/searches/66afcbe5d5a531f8d91ec887/images/1eb35b52363679740db1bbdc35524117d7a8b5922491deee57b1b3371c1bf5d0.jpeg,Marine Lines
7,https://www.zeebiz.com/real-estate/news-man-infra-launches-luxury-residential-project-in-mumbai-273848,Man Infraconstruction announces sea-facing residential project near Marine Lines in Mumbai,Zee Business,"Mar 22, 2024","This is the second such project by MICL in this area and the residential 
structures will surpass the height of above 800 feet. Get more Real...",https://serpapi.com/searches/66afcbe5d5a531f8d91ec887/images/1eb35b523636797470ebd7febbe10103ba23f2669dd33a77305f64ae410a1bf7.jpeg,Marine Lines
8,https://www.financialexpress.com/business/industry-man-infra-bags-project-in-south-mumbai-with-expected-total-sales-value-above-rs-2100-crore-3433680/,Man Infra bags project in South Mumbai with expected total sales value above Rs 2100 crore,The Financial Express,"Mar 22, 2024","Man Infraconstruction on Friday announced that it has bagged an 
ultra-luxurious project at Marine Lines in South Mumbai, with the 
expected...",https://serpapi.com/searches/66afcbe5d5a531f8d91ec887/images/1eb35b5236367974e6b72bcb638ed3e985c3346cd44898a46682479869ef4bb5.jpeg,Marine Lines
9,https://www.mumbailive.com/en/real-estate/luxury-real-estate-market-booms-in-greater-mumbai-83010,"Worli, Grant Road, Marine Lines, Dadar Emerges As Most Sought Locations For Luxury Residences",Mumbai Live,"Feb 20, 2024","In 2023, Greater Mumbai saw a boom in the luxury real estate market. Over 
3000 new, luxury flats were sold, totaling a sales value of INR...",https://serpapi.com/searches/66afcbe5d5a531f8d91ec887/images/1eb35b523636797437f0cb4deab66c3aa04aa7b510b821f22056575a6fd3d69a.jpeg,Marine Lines
10,https://housing.com/news/mumbai-coastal-road-project-route-map-cost-real-estate-impact/,"Mumbai Coastal Road Project: Route map, cost, real estate impact",Housing,1 month ago,"The estimated cost of the project is Rs 13060 crore and the project is 
expected to be completed by June 2024.",https://serpapi.com/searches/66afcbe5d5a531f8d91ec887/images/1eb35b52363679742fe186fa6490a4d757fc3ec67a91ef893d82822520ca5359.jpeg,Marine Lines
1,https://www.propnewstime.com/getdetailsStories/Njc5MA==/prestige-ocean-towers-prestige-group-s-iconic-luxury-development-in-south-mumbai,Prestige Ocean Towers: Prestige Group's iconic luxury development in South Mumbai,Prop News Time,"May 6, 2024","Explore the epitome of luxury living with Prestige Ocean Towers, the latest 
offering from Prestige Group, India's renowned real estate...",https://serpapi.com/searches/66afcbe7aa6c95b529e0850e/images/3634c4bb0387d971a63b1be38a3180169da3a772ee65a9626cfb41298d93caac.jpeg,Marine Lines
2,https://www.hindustantimes.com/real-estate/mumbai-coastal-road-inaugurated-here-s-how-it-is-expected-to-impact-real-estate-markets-101710169972990.html,Mumbai Coastal Road inaugurated: Here’s how it will impact realty markets,Hindustan Times,"Mar 11, 2024","The Mumbai Coastal Road is expected to rejuvenate the city's business hubs 
and drive residential demand in South-Central Mumbai submarkets.",https://serpapi.com/searches/66afcbe7aa6c95b529e0850e/images/3634c4bb0387d97111363a1e98b85b32ea9b06b5031fd4363d2f673ae6c608f6.jpeg,Marine Lines
3,https://timesproperty.com/news/post/all-about-mumbai-coastal-road-project-blid6986,Mumbai's Coastal Road Project: Real Estate Buzz,Times Property,"Mar 15, 2024","Mumbai Coastal Road Project: An In-Depth Guide on Its Route, Financial 
Implications, and the Project's Influence on Local Real Estate...",https://serpapi.com/searches/66afcbe7aa6c95b529e0850e/images/3634c4bb0387d9718e251c3b1b05ebad78e43bfab7c6efe24e30092416b280d9.jpeg,Marine Lines
4,https://www.zeebiz.com/real-estate/news-man-infra-launches-luxury-residential-project-in-mumbai-273848,Man Infraconstruction announces sea-facing residential project near Marine Lines in Mumbai,Zee Business,"Mar 22, 2024","This is the second such project by MICL in this area and the residential 
structures will surpass the height of above 800 feet. Get more Real...",https://serpapi.com/searches/66afcbe7aa6c95b529e0850e/images/3634c4bb0387d971d326d4aa8560c1fbb93ba2b22e0f73fad2bdc2459be86a86.jpeg,Marine Lines
5,https://www.business-standard.com/markets/capital-market-news/man-infra-gains-on-acquiring-project-in-south-mumbai-124032200410_1.html,Man Infra gains on acquiring project in South Mumbai,Business Standard,"Mar 22, 2024","Man Infraconstruction advanced 1.97% to Rs 207.35 after the company said 
that it has acquired a residential luxury project near Marine Lines...",https://serpapi.com/searches/66afcbe7aa6c95b529e0850e/images/3634c4bb0387d9715c01e3bf11cacfa84e4cd0d993ebe26a40cbb760445847a0.png,Marine Lines
6,https://housing.com/news/mumbai-coastal-road-from-marine-drive-to-haji-ali-to-be-open-by-june-10/,Mumbai Coastal Road from Marine Drive to Haji Ali to open by June 10,Housing,"May 29, 2024","The entire stretch of the Mumbai Coastal Road from Marine Drive to Haji Ali 
is expected to be opened by October 2024. Check details.",https://serpapi.com/searches/66afcbe7aa6c95b529e0850e/images/3634c4bb0387d971c77d20511c160a02ed6ef6176de2dccf4e0d0ee49f78b6f9.jpeg,Marine Lines
7,https://www.hindustantimes.com/real-estate/prestige-group-planning-mid-segment-housing-projects-in-thane-panvel-near-mumbai-101718596341680.html,"Prestige Group planning mid- segment housing projects in Thane, Panvel near Mumbai",Hindustan Times,1 month ago,"Prestige Group is planning to launch mid-segment housing projects in Thane 
and Panvel. It is currently present in Marine Lines, Pali Hill,...",https://serpapi.com/searches/66afcbe7aa6c95b529e0850e/images/3634c4bb0387d971e779343df3a5a6ae6953861e1c3044c9c3a4cd4bb42830ee.jpeg,Marine Lines
8,https://timesproperty.com/news/post/why-invest-in-marine-lines-property-blid3601,Why Invest In Marine Lines Properties?,Times Property,"Jan 9, 2023","Marine Lines in South Mumbai is in an excellent position, close to business 
centres, high-quality infrastructure, and recreational...",https://serpapi.com/searches/66afcbe7aa6c95b529e0850e/images/3634c4bb0387d971dd49f84b83c9dfcf36e7618b55e4bbfc2fe234c4e0504e60.jpeg,Marine Lines
9,https://www.hindustantimes.com/cities/mumbai-news/how-the-mumbai-metropolitan-region-is-getting-futureready-101715109482068.html,How the Mumbai Metropolitan Region is getting future-ready,Hindustan Times,"May 8, 2024","MMRDA and NITI Aayog are jointly working towards raising Mumbai's gross 
domestic product from $140 billion to $300 billion by 2030 | Mumbai...",https://serpapi.com/searches/66afcbe7aa6c95b529e0850e/images/3634c4bb0387d971def073d5617e3b641e5103abd164fd1bc160488e9df7ca0c.jpeg,Marine Lines
10,https://housing.com/news/mumbai-coastal-road-phase-1-to-open-january-end-2024-maha-cm/,Mumbai Coastal Road Phase-1 to open January end 2024: Maha CM,Housing,"Dec 12, 2023","The first phase is around 10.58 km and has been constructed between Marine 
Drive and Worli in South Mumbai.",https://serpapi.com/searches/66afcbe7aa6c95b529e0850e/images/3634c4bb0387d9718754ef5f5799c14f8b412bcb786e1c52b8ac9ca1501e288d.jpeg,Marine Lines
1,https://www.freepressjournal.in/mumbai/mumbai-news-prestige-group-buys-db-realtys-marine-lines-project,Mumbai News: Prestige Group Buys DB Realty’s Marine Lines Project,Free Press Journal,"Jul 11, 2023","Prestige Group buys DB Realty's Marine Lines project for ₹704 crore. The 
project was planned to have apartments in the configuration of 4,...",https://serpapi.com/searches/66afcbec87a0ee8a344471e7/images/71299b9842676227eaf702e2662700e31fc9afed0f85b8b27c1eef708b7bfe9c.jpeg,Marine Lines
2,https://m.economictimes.com/industry/services/property-/-cstruction/prestige-group-sells-rs-1300-crore-worth-of-uber-luxury-residences-in-south-mumbai/articleshow/109688785.cms,"Prestige Group sells Rs 1,300 crore worth of uber luxury residences in South Mumbai",The Economic Times,"Apr 29, 2024","The Prestige Ocean Towers, situated at Marine Lines with views of the 
Queen's Necklace and the Arabian Sea, are spread across a 2-acre plot...",https://serpapi.com/searches/66afcbec87a0ee8a344471e7/images/71299b9842676227b049546ef278d687aa66bcc90d02e916749246901b65a6b3.jpeg,Marine Lines
3,https://m.economictimes.com/industry/services/property-/-cstruction/prestige-estates-acquires-db-realtys-south-mumbai-land-parcel-for-rs-704-crore/articleshow/101676644.cms,Prestige Estates acquires DB Realty’s south Mumbai land parcel for Rs 704 crore,The Economic Times,"Jul 11, 2023","Realty developer Prestige Estates Projects' subsidiary Prestige Projects 
has acquired a prime sea-facing land parcel near Marine Lines and...",https://serpapi.com/searches/66afcbec87a0ee8a344471e7/images/71299b984267622797c52009591e73e2cedd5b489545a4fdaf98597212bac23c.jpeg,Marine Lines
4,https://www.hindustantimes.com/cities/mumbai-news/malabar-hill-micro-market-picks-up-with-14-projects-101704135745751.html,Malabar Hill micro-market picks up with 14 projects,Hindustan Times,"Jan 2, 2024","The report threw light on 14 different projects at different stages of 
construction by 12 developers that lie in this catchment.",https://serpapi.com/searches/66afcbec87a0ee8a344471e7/images/71299b9842676227f5bdac3814613ecce84f0ba3028d11c53cdcbf65f82530ee.jpeg,Marine Lines
5,https://www.mingtiandi.com/real-estate/crelist/mapletree-logistics-trust-unloads-malaysia-shed/,Mapletree Logistics Trust Unloads Malaysia Shed and More Asia Real Estate Headlines,Mingtiandi,"Jul 13, 2023","In today's roundup of regional news headlines, Singapore-listed Mapletree 
Logistics Trust completes the sale of a warehouse in Malaysia and...",https://serpapi.com/searches/66afcbec87a0ee8a344471e7/images/71299b9842676227cf3a257aafb0091729429f75be556616fc9b0acc88b21f71.jpeg,Marine Lines
6,https://www.hindustantimes.com/cities/mumbai-news/once-scam-tainted-db-realty-s-promoter-is-at-the-top-of-the-jv-game-today-101698002428240.html,"Once scam-tainted, DB Realty’s promoter is at the top of the JV game today",Hindustan Times,"Oct 23, 2023","DB Realty had already had a torrid time when the 2G spectrum scandal broke 
in 2011 and both its promoters were sent to jail.",https://serpapi.com/searches/66afcbec87a0ee8a344471e7/images/71299b9842676227c0ed0dbc65fd11f9c71eea232638b5df2c3761bb10d3f091.jpeg,Marine Lines
7,https://www.moneycontrol.com/news/business/real-estate/fall-in-demand-for-affordable-homes-pushes-mumbai-sales-down-by-8-percent-knight-frank-report-10908091.html,Fall in demand for affordable homes pushes Mumbai sales down by 8%: Knight Frank report,Moneycontrol,"Jul 5, 2023","Mumbai housing sales declined by 8 percent on an annualised basis from 
44,200 units in H1 of 2022 to 40,798 units in the first six months of...",https://serpapi.com/searches/66afcbec87a0ee8a344471e7/images/71299b9842676227fcceb435a551707bcc720eb3463458582d43703ac19d59f7.jpeg,Marine Lines
8,https://www.rprealtyplus.com/news-views/shapoorji-pallonji-unveils-uber-luxury-project-the-odyssey-in-south-mumbai-113787.html,Shapoorji Pallonji Unveils Uber-Luxury Project ‘The Odyssey’ In South Mumbai,Realty Plus Magazine,"Jan 25, 2024","With the SP Group's legacy of excellence spanning 157 years, Shapoorji 
Pallonji Real Estate (SPRE), one of India's most trusted real estate...",https://serpapi.com/searches/66afcbec87a0ee8a344471e7/images/71299b9842676227aeab53132e77cbefd370a19b2f0aaf60e185931ef0a2c37a.png,Marine Lines
9,https://www.rprealtyplus.com/interviews/mumbai-coastal-road-catalyst-for-real-estate-114388.html,MUMBAI COASTAL ROAD CATALYST FOR REAL ESTATE,Realty Plus Magazine,"Mar 14, 2024","Dr. Samantak Das, Chief Economist and Head- Research & REIS, India, JLL 
shares that the Mumbai's coastal road project is a game-changer for...",https://serpapi.com/searches/66afcbec87a0ee8a344471e7/images/71299b9842676227d3f230869f8b2b03db3528e208b89532dc215879b0b851ec.jpeg,Marine Lines
10,https://www.moneycontrol.com/news/business/real-estate/prestige-group-purchases-2-3-acre-land-parcel-in-new-mumbai-for-rs-704-crore-10940021.html,Prestige Group purchases 2.3 acre land parcel in Mumbai for Rs 704 crore,Moneycontrol,"Jul 11, 2023","Bengaluru-based Prestige Group has purchased 2.3 acres of land in 
Bhuleshwar, Mumbai, from Marine Drive Hospitality and Realty Pvt Ltd,...",https://serpapi.com/searches/66afcbec87a0ee8a344471e7/images/71299b98426762275a2cce27aadda35f380ff1d148fb274790bdd2db39583c29.jpeg,Marine Lines
1,https://www.fortuneindia.com/long-reads/young-india-checks-into-high-street/117021,Young India Checks Into High Street,Fortune India,"Jun 4, 2024","A desire for higher-end, customised products among younger consumers and 
changing cultural paradigms are pushing the domestic luxury market.",https://serpapi.com/searches/66afcbed607393a445832d60/images/6e296a19b33428e06d4878c133df6ccdeae2c4821c9f7952d4146e1e3a2ee77b.jpeg,Marine Lines
2,https://www.moneycontrol.com/news/business/real-estate/prestige-group-purchases-2-3-acre-land-parcel-in-new-mumbai-for-rs-704-crore-10940021.html,Prestige Group purchases 2.3 acre land parcel in Mumbai for Rs 704 crore,Moneycontrol,"Jul 11, 2023","Bengaluru-based Prestige Group has purchased 2.3 acres of land in 
Bhuleshwar, Mumbai, from Marine Drive Hospitality and Realty Pvt Ltd,...",https://serpapi.com/searches/66afcbed607393a445832d60/images/6e296a19b33428e0596c772cf0d7c779e89c7eb4f4722b8897d7508aa3279a06.jpeg,Marine Lines
3,https://www.rprealtyplus.com/news-views/shapoorji-pallonji-unveils-uber-luxury-project-the-odyssey-in-south-mumbai-113787.html,Shapoorji Pallonji Unveils Uber-Luxury Project ‘The Odyssey’ In South Mumbai,Realty Plus Magazine,"Jan 25, 2024","With the SP Group's legacy of excellence spanning 157 years, Shapoorji 
Pallonji Real Estate (SPRE), one of India's most trusted real estate...",https://serpapi.com/searches/66afcbed607393a445832d60/images/6e296a19b33428e0ec9f8e370bdc74e50673f84213f3c7fe9e8f9829b95e2dd5.png,Marine Lines
4,https://www.moneycontrol.com/news/business/real-estate/can-south-mumbai-commercial-real-estate-market-catch-up-with-bkc-with-infra-boost-12491631.html,Can South Mumbai commercial real estate market catch up with BKC with infra boost?,Moneycontrol,"Mar 20, 2024","Mumbai real estate: South Mumbai, or Sobo, real estate market has over the 
last five to 10 years lost it prominence owing to dearth of...",https://serpapi.com/searches/66afcbed607393a445832d60/images/6e296a19b33428e01ae93ba01b43166c752d5f46784a206d45ccea7fb64ba4c6.jpeg,Marine Lines
5,https://www.hindustantimes.com/cities/mumbai-news/dlf-group-plans-to-re-enter-mumbai-property-market-with-project-in-andheri-west-focuses-on-ncr-market-101689967185515.html,Delhi’s DLF announces re-entry into Mumbai real estate market,Hindustan Times,"Jul 22, 2023","Delhi-based DLF group plans to re-enter the Mumbai property market with a 
project in Andheri West, after focusing on the National Capital...",https://serpapi.com/searches/66afcbed607393a445832d60/images/6e296a19b33428e00bf2c83a0a6cb678ec10235a9ce3128fba8e93a546ab65ff.png,Marine Lines
6,https://www.timesnownews.com/business-economy/real-estate/omg-mumbai-builder-buys-2-acre-land-for-whopping-rs-704-crore-cost-of-flats-will-shock-you-article-101752432,OMG! Mumbai builder buys 2-acre land for whopping Rs 704 crore - Cost of flats will shock you,Times Now,"Jul 14, 2023","Initially, DB Realty had intended to develop a 125-storey luxury hotel on 
the plot. However, the plan was later revised in favor of a luxury...",https://serpapi.com/searches/66afcbed607393a445832d60/images/6e296a19b33428e04e808c129848a1dd37070fa23da4fc3611251593aefef8c4.jpeg,Marine Lines
7,https://housing.com/news/textile-industry-in-mumbai/,Textile industry in Mumbai,Housing,"Sep 29, 2023","Mumbai's proximity to port and easy access to materials has made it a major 
player in the textile industry.",https://serpapi.com/searches/66afcbed607393a445832d60/images/6e296a19b33428e0bc4e69394240e62b5c5f19e2a816aee5f1bc769669b2bc42.jpeg,Marine Lines
8,https://www.rprealtyplus.com/news-views/ajmera-cityscapes-announce-launch-of-ajmera-downtown-in-mumbai-112996.html,Ajmera Cityscapes Announce Launch Of Ajmera Downtown In Mumbai,Realty Plus Magazine,"Nov 23, 2023","Ajmera Cityscapes are thrilled to announce the launch of Ajmera Downtown to 
redefine the unique historical perspective with a modern...",https://serpapi.com/searches/66afcbed607393a445832d60/images/6e296a19b33428e0868f4a08f061862cd2164d2c376ccffd99392aca6e41ac30.jpeg,Marine Lines
9,https://www.cnbctv18.com/photos/real-estate/mumbai-malabar-hill-to-lutyens-delhi-most-expensive-neighbourhoods-in-india-14222842.htm,"From Mumbai's Malabar Hill to Lutyens Delhi, a look at India's most expensive neighbourhoods",CNBC TV18,"Jul 24, 2022","No discussion on upmarket real estate is complete without the mention of 
what have by now become familiar residential locations across the...",https://encrypted-tbn0.gstatic.com/images?q=tbn:ANd9GcQ4betAbVtQcy_Ms5VFglnU78-E8xnC4QPUvBbMKrgEji9L1h7dvPdtVSE&usqp=CAI&s,Marine Lines
10,https://www.hindustantimes.com/cities/mumbai-news/prestige-projects-buys-prime-mumbai-land-for-704-crore-for-luxury-towers-with-sea-facing-views-101689104775101.html,Prestige Group buys 2.3-acre land for ₹704 crore,Hindustan Times,"Jul 12, 2023","Prestige Group plans to launch two luxury towers of 55-storey with 
sea-facing views facing the Western Railway stations Marine Lines and...",https://serpapi.com/searches/66afcbed607393a445832d60/images/6e296a19b33428e0431bca3f270ec146349e8b8a2b1c6e682e57ac266e58cd3d.jpeg,Marine Lines
1,https://www.cnbctv18.com/real-estate/prestige-estates-mumbai-real-estate-bengaluru-real-estate-market-prestige-share-price-19174321.htm,"Prestige Estates expects Mumbai to contribute ₹5,000 crore to sales by FY25",CNBC TV18,"Mar 1, 2024","Irfan Razack, CMD, Prestige Group is confident of surpassing the sales 
target of ₹20000 crore in the current year, a growth of 15-20% over...",https://serpapi.com/searches/66afcbf0aef264f63c6e153b/images/33375a48c4163172e2d0ebae2488e6ed40c659831ee92528939ab4069f5270c0.jpeg,Marine Lines
2,https://timesofindia.indiatimes.com/city/mumbai/sales-of-rs-5cr-plus-luxe-flats-in-mumbai-double-to-3000-in-2023-latest-news/articleshow/107805172.cms,"Sales of Rs 5cr-plus luxe flats in Mumbai double to 3,000 in 2023",Times of India,"Feb 19, 2024","MUMBAI: It's a city of contrasts. While almost half of Mumbai's population 
lives in slums due to lack of affordable public housing,...",https://encrypted-tbn0.gstatic.com/images?q=tbn:ANd9GcS0XhGB7UN4xYEMGDAkONYvyuqloP8LonpGfsEgaKgNwyuVOvzLkXCknVw&usqp=CAI&s,Marine Lines
3,https://housing.com/news/kochi-marine-drive-nris-top-pick/,Kochi Marine Drive: NRIs’ top pick,Housing,"Dec 15, 2020","While sea-facing properties in India generally command a hefty premium, 
Kochi's Marine Drive still offers reasonably-priced real estate,...",https://encrypted-tbn0.gstatic.com/images?q=tbn:ANd9GcQGgJ_GHlm-1NfSkvq0a0hkfgh08EOjVtiObyRHzi3NzIaVrx2wGe7H0XM&usqp=CAI&s,Marine Lines
4,https://www.thehindubusinessline.com/news/real-estate/prestige-group-buys-23-acre-land-in-mumbai-from-db-realty-firm-for-rs-704-crore/article67067395.ece,Prestige Group buys 2.3-acre land parcel in Mumbai from DB Realty firm for Rs 704 crore,The Hindu BusinessLine,"Jul 11, 2023","The land parcel located at Bhuleshwar, towards south Mumbai, has been 
acquired by Prestige Projects, an arm of Prestige Estates Projects...",https://serpapi.com/searches/66afcbf0aef264f63c6e153b/images/33375a48c4163172a7998ef4c74a9760357ccbec18277d97b39d75dbeca3afdc.jpeg,Marine Lines
5,https://www.business-standard.com/companies/news/spre-expect-over-rs-1-000-cr-revenue-from-luxury-project-in-mumbai-124012400203_1.html,"SPRE expect over Rs 1,000 cr revenue from luxury project in Mumbai",Business Standard,"Jan 24, 2024","Shapoorji Pallonji Real Estate (SPRE) on Wednesday launched a new ultra 
luxury project in Mumbai with an estimated revenue potential of more...",https://serpapi.com/searches/66afcbf0aef264f63c6e153b/images/33375a48c4163172025301cf839ba7e76c44e55e84100cae8ca44a0b0a411e9e.jpeg,Marine Lines
6,https://sg.news.yahoo.com/indias-miami-putting-mumbais-art-deco-map-032510241.html,India's 'Miami': Putting Mumbai's Art Deco on the map,Yahoo News Singapore,"Nov 25, 2017","The seafront is lined with brightly coloured buildings boasting curved 
corners, stylish balconies and exotic motifs but this isn't Miami's...",https://serpapi.com/searches/66afcbf0aef264f63c6e153b/images/33375a48c41631729c90fcb8c96c5b59e6f04c62a37457413b6753a1f15f5a4e.jpeg,Marine Lines
7,https://housing.com/news/bdr-pharmas-promoter-buys-2-apartments-in-worli-for-over-rs-80-crore/,BDR Pharma’s promoter buys 2 apartments in Worli for over Rs 80 crore,Housing,"Nov 28, 2023","BDR Pharmaceuticals' founder and CMD Dharmesh Shah's wife Binita Shah has 
invested around Rs 80.8 crore in two apartments in Worli, Mumbai...",https://serpapi.com/searches/66afcbf0aef264f63c6e153b/images/33375a48c4163172abf4763db0b988a73aa1f69c000eccdcc75469002f593cc3.jpeg,Marine Lines
8,https://www.constructionworld.in/latest-construction-news/real-estate-news/bengaluru-based-prestige-projects-acquires-land-in-marine-lines/42493,Bengaluru-based Prestige Projects acquires Land in Marine Lines,Construction World,"Jul 13, 2023","Prestige Projects, a developer based in Bengaluru, has acquired a prime 
land parcel spanning 2.3 acres adjacent to SK Patil Park on Maharshi Karve 
Road in...",https://encrypted-tbn0.gstatic.com/images?q=tbn:ANd9GcRE5hAZgBi-T_Sctv1iBJZJn1sJTazOq_k9a7GpZI0TEmjXpKU3DdFjOYH5&usqp=CAI&s,Marine Lines
9,https://timesproperty.com/news/post/impact-coastal-road-real-estate-prices-mumbai-blid2192,Impact Of Coastal Road On Real Estate Prices In Mumbai,Times Property,"May 17, 2022","Mumbai is always under construction” - that's an adage that Mumbaikars 
often state. And why not? Go to any part of the city and you'll find...",https://serpapi.com/searches/66afcbf0aef264f63c6e153b/images/33375a48c4163172a008c07f1a7cfa0b0a1103acad992a14ac31a08b8db27878.jpeg,Marine Lines
10,https://www.business-standard.com/india-news/mumbai-coastal-road-project-all-you-need-to-know-about-the-toll-free-road-124010900723_1.html,Mumbai Coastal Road Project: All you need to know about the toll-free road,Business Standard,"Jan 9, 2024","The Mumbai Coastal Road Project (MCRP) is an ambitious project that aims to 
connect Marine Drive with the Bandra Worli Sea Link (BWSL).",https://serpapi.com/searches/66afcbf0aef264f63c6e153b/images/33375a48c4163172297b3c83a66c20dac982d3b5884bdcb44e6c09d5fd20720f.jpeg,Marine Lines
1,https://www.constructionworld.in/latest-construction-news/real-estate-news/bengaluru-based-prestige-projects-acquires-land-in-marine-lines/42493,Bengaluru-based Prestige Projects acquires Land in Marine Lines,Construction World,"Jul 13, 2023",The acquired land adjacent to SK Patil Park costs Rs 7.04 billion.,https://serpapi.com/searches/66afcbf6ce87f8f5fae7a242/images/696f5fce80c4eeedcb09988f9c7ba9bf90b0270892914fe7b80aa0d42dd83365.jpeg,Marine Lines
2,https://timesproperty.com/news/post/impact-coastal-road-real-estate-prices-mumbai-blid2192,Impact Of Coastal Road On Real Estate Prices In Mumbai,Times Property,"May 17, 2022","Mumbai is always under construction” - that's an adage that Mumbaikars 
often state. And why not? Go to any part of the city and you'll find...",https://serpapi.com/searches/66afcbf6ce87f8f5fae7a242/images/696f5fce80c4eeedef9a448a998367c98c8eedd53a534780931bae209a217072.jpeg,Marine Lines
3,https://www.business-standard.com/india-news/mumbai-coastal-road-project-all-you-need-to-know-about-the-toll-free-road-124010900723_1.html,Mumbai Coastal Road Project: All you need to know about the toll-free road,Business Standard,"Jan 9, 2024","Mumbai Coastal Road Project 2024 Updates: With Rs 12700 crore Phase 1 of 
the Mumbai Coastal Road project set to conclude this year,...",https://serpapi.com/searches/66afcbf6ce87f8f5fae7a242/images/696f5fce80c4eeedb27a0c4c79ae57d37b6d5c733958d8a2c53f9b2c4234f67b.jpeg,Marine Lines
4,https://housing.com/news/mmrda-allocates-rs-41955-crore-for-infrastructure-projects-across-mmr/,"MMRDA allocates Rs 41,955 crore for infrastructure projects across MMR",Housing,2 weeks ago,"The projects MMRDA is undertaking includes Metro Line construction, 
Thane-Borivali Twin Tube Tunnel Road among others.",https://serpapi.com/searches/66afcbf6ce87f8f5fae7a242/images/696f5fce80c4eeed20fffc7f7806e50c36609c52f912ced40dd9fbb647387d35.jpeg,Marine Lines
5,https://www.aninews.in/news/business/business/shapoorji-pallonji-real-estate-aims-to-surpass-rs-1000-crore-in-sales-revenue-from-its-uber-luxury-project-in-mumbai20240125165656,Shapoorji Pallonji Real Estate Aims to Surpass Rs 1000 Crore in Sales Revenue from its Uber-luxury Project in Mumbai,ANI News,"Jan 25, 2024","ANI | Updated: Jan 25, 2024 16:56 IST. ANI News Join our Whatsapp channel · 
NewsVoir. Mumbai (Maharashtra) [India], January 25: With the SP Group's 
legacy...",https://serpapi.com/searches/66afcbf6ce87f8f5fae7a242/images/696f5fce80c4eeedce9adbef99b249e59546b73330108a91cc72826048196c3b.jpeg,Marine Lines
6,https://housing.com/news/kandivali-an-emerging-residential-hub-in-mumbais-western-suburbs/,Kandivali: An emerging residential hub in Mumbai’s western suburbs,Housing,"Oct 3, 2023","Kandivali has risen as a preferred residential hub in Mumbai due to its 
strategic location, growing infrastructure and future potential.",https://serpapi.com/searches/66afcbf6ce87f8f5fae7a242/images/696f5fce80c4eeed8b4ad3e2acc0eec6b0b773d8d17f97603dc69f5d752d6012.jpeg,Marine Lines
7,https://timesproperty.com/news/post/infra-projects-are-transforming-mumbais-western-suburbs-blid4768,Infra Projects Are Transforming Mumbai's Western Suburbs | Borivali-Goregaon Belt,Times Property,"May 27, 2023","Connectivity to public transport options is key for Mumbaikars. And the 
Borivali-Goregaon belt is witnessing a considerable infrastructural...",https://serpapi.com/searches/66afcbf6ce87f8f5fae7a242/images/696f5fce80c4eeed8d38ae355af6b437d33a1570f8d499135519b8632750e5fb.jpeg,Marine Lines
8,https://sg.news.yahoo.com/indias-miami-putting-mumbais-art-deco-map-032510241.html,India's 'Miami': Putting Mumbai's Art Deco on the map,Yahoo News Singapore,"Nov 25, 2017","The seafront is lined with brightly coloured buildings boasting curved 
corners, stylish balconies and exotic motifs but this isn't Miami's...",https://serpapi.com/searches/66afcbf6ce87f8f5fae7a242/images/696f5fce80c4eeed29e90ff58e0dcf794b326ddf48c83caffa24263cf6740c1a.jpeg,Marine Lines
9,https://www.rprealtyplus.com/news-views/prestige-group-enters-south-mumbais-uber-luxury-residential-segment-114949.html,Prestige Group Enters South Mumbai’s Uber Luxury Residential Segment,Realty Plus Magazine,"Apr 30, 2024","Prestige Group, country's leading real estate developer with a portfolio of 
more than 305 delivered properties across 10 cities,...",https://serpapi.com/searches/66afcbf6ce87f8f5fae7a242/images/696f5fce80c4eeed0ba45a178537b41ffde2c6ce79ebb54e00c9b41eda5d4b5c.jpeg,Marine Lines
10,https://housing.com/news/reckoner-rates-in-nariman-point-mumbai/,"Reckoner Rates in Nariman Point, Mumbai",Housing,"Dec 28, 2023","The Maharashtra government has classified properties in Nariman Point as 
one of the most affluent neighbourhoods in Mumbai, placing it under...",https://serpapi.com/searches/66afcbf6ce87f8f5fae7a242/images/696f5fce80c4eeedbdff0bdad284b7ddf17a6ae42e8798de2491d9af72d7d638.jpeg,Marine Lines
1,https://housing.com/news/mumbai-coastal-road-phase-1-to-be-inaugurated-on-feb-19/,Mumbai Coastal Road Phase-1 to be inaugurated on Feb 19,Housing,"Feb 5, 2024","Phase-1 of the Mumbai Coastal Road will be inaugurated by Prime Minister 
Narendra Modi on February 19, confirmed Iqbal Singh Chahal, municipal 
commissioner and...",https://encrypted-tbn0.gstatic.com/images?q=tbn:ANd9GcQavdXXZhEjiTKIMN00uPiu4EXYN1B6znOXJV4Vs0EgsBwaX3DvPxF53HA&usqp=CAI&s,Marine Lines
2,https://housing.com/news/maha-cm-inaugurates-phase-1-of-mumbai-coastal-road/,Maha CM inaugurates Phase-1 of Mumbai Coastal Road,Housing,"Mar 11, 2024","Maharashtra chief minister Eknath Shinde partially inaugurated the Phase-1 
of the Mumbai Coastal Road project today in the presence of deputy chief 
minister...",https://serpapi.com/searches/66afcbf73d69191c169200ad/images/089ccf871a4b0c4e9e6cb106debcbb8fef59cf97c2aa687806d834306c6ac8a4.jpeg,Marine Lines
3,https://housing.com/news/suraksha-realty-directors-buy-rs-100-cr-luxury-flats-in-mumbais-worli/,Suraksha Realty directors buy Rs 100-cr luxury flats in Mumbai’s Worli,Housing,"Nov 21, 2023","Paresh Parekh and Vijay Parekh, the directors of the real estate 
development company Suraksha Realty, have purchased two sea-facing luxury 
apartments in Mumbai...",https://serpapi.com/searches/66afcbf73d69191c169200ad/images/089ccf871a4b0c4ef3248b3071d3a2efeb72784209273ed2ab901fcef4173ac9.jpeg,Marine Lines
4,https://housing.com/news/mumbais-wankhede-stadium/,"Mumbai’s Wankhede Stadium: Location, details, map",Housing,1 month ago,"The Wankhede Stadium is located in Mumbai and is operated by the Mumbai 
Cricket Association (MCA). Check out details.",https://serpapi.com/searches/66afcbf73d69191c169200ad/images/089ccf871a4b0c4ef16d88b1c2e6ae4ce74aea31b4c05ff83c312a0c0ca7e0bd.jpeg,Marine Lines
5,https://www.freepressjournal.in/mumbai/mumbai-news-lt-bags-7000-cr-contract-for-underground-twin-tunnel-project-between-eastern-freeway-marine-drive-coastal-road,"Mumbai News: L&T Bags ₹7,000 Cr Contract For Underground Twin Tunnel Project Between Eastern Freeway-Marine",Free Press Journal,"Sep 30, 2023","Larsen & Toubro (L&T) has bagged a mega order worth over Rs7,000 crore for 
an underground road tunnel between Orange Gate, Eastern Freeway to Marine 
Drive...",https://serpapi.com/searches/66afcbf73d69191c169200ad/images/089ccf871a4b0c4ef90b3b25031799570b3595cc648c68f69017dd84e4381b94.jpeg,Marine Lines
6,https://housing.com/news/places-to-visit-in-mumbai-with-friends/,Top 10 places to visit in Mumbai with friends,Housing,"Aug 11, 2023","Some popular places to explore are Marine Drive, Juhu Beach and Bandra. 
Mumbai is a bustling city with its blend of history, culture and modernity.",https://serpapi.com/searches/66afcbf73d69191c169200ad/images/089ccf871a4b0c4e39b2b0fba749a5e899bbf6583da95cf2fd64ebe3686e3efb.jpeg,Marine Lines
7,https://housing.com/news/mumbai-coastal-road-promenade-overshadow-marine-drive-walkway/,Mumbai Coastal Road promenade to overshadow Marine Drive walkway,Housing,"Jan 13, 2019","Marine Drive may soon lose its tag as the longest promenade in Mumbai, with 
the authorities proposing to construct a 6.4-km-long walkway,...",https://encrypted-tbn0.gstatic.com/images?q=tbn:ANd9GcQx6hv4TyHIImhCG0Wgvyti99kNYZmTgDBvMW2NDrfzfHr28fNI8FgIdQQ&usqp=CAI&s,Marine Lines
8,https://housing.com/news/134-bus-route-mumbai-backbay-bus-depot-to-thackeray-udyan/,134 Bus route Mumbai: P Thackeray Udyan to Backbay Bus Depot,Housing,"May 29, 2023","Check out the schedule, stops for the 134 bus route in Mumbai that can be 
used for traveling from P Thackeray Udyan to Backbay depot.",https://serpapi.com/searches/66afcbf73d69191c169200ad/images/089ccf871a4b0c4eeed6cd68cfdf3d601542a2935068572e80b06b469e3ccf58.jpeg,Marine Lines
9,https://housing.com/news/textile-industry-in-mumbai/,Textile industry in Mumbai,Housing,"Sep 29, 2023","Mumbai has a rich history as an industrial hub, boasting a diverse range of 
thriving sectors such as textiles, information technology, manufacturing 
and...",https://serpapi.com/searches/66afcbf73d69191c169200ad/images/089ccf871a4b0c4e5c85150dbec7ad3abb83d79db2cb662c09ba9aac0d983626.jpeg,Marine Lines
10,https://realty.economictimes.indiatimes.com/news/residential/db-realty-in-advance-talks-with-rustomjee-for-mumbai-project/63262571,DB Realty in advance talks with Rustomjee for Mumbai project,ET Realty,"Mar 12, 2018","The agreement for the project, with estimated revenue potential of ₹5000 
crore, will be a tripartite pact, given that DB Realty itself had...",https://encrypted-tbn0.gstatic.com/images?q=tbn:ANd9GcRNOBraZ9cXQV-YV5WjOV8aHVopTLDvkK1HqJ2aFThwJFb-kdaCJqt6ZgM&usqp=CAI&s,Marine Lines
1,https://housing.com/news/mumbai-coastal-road-everything-you-need-to-know/,Mumbai Coastal Road: All you need to know,Housing,"Oct 8, 2020","The Mumbai Coastal Road project will give rise to the city's longest promenade, overtaking the iconic walkway at Marine Drive in south Mumbai.",https://serpapi.com/searches/66afcbfac47d3c9f8668a508/images/477ab256ba1095da4b43de6b82adee0a5a1c47f12e4d03276cec5a00c5afbddd.jpeg,Marine Lines
2,https://housing.com/news/best-places-to-view-sunset-in-mumbai/,Best places to view sunset in Mumbai,Housing,"Aug 7, 2023",The ideal location to watch the sunset in Mumbai is Juhu Beach and the Marine Drive's famous promenade. We list the top sunset gazing locations in Mumbai.,https://serpapi.com/searches/66afcbfac47d3c9f8668a508/images/477ab256ba1095da7d1ed89df42c2c9c2ef0a3b6d5785c4cea0032cb3bd0ebdd.jpeg,Marine Lines
3,https://mumbaimirror.indiatimes.com/mumbai/cover-story/marine-drive-2-0-coming-up-in-the-east/articleshow/57725258.cms,Marine Drive 2.0 coming up in the East,Mumbai Mirror,"Mar 20, 2017",7-km long promenade part of Port Trust's plan to revamp 350 hectares of land along eastern water front between Mazagaon Docks and Wadala.,https://encrypted-tbn0.gstatic.com/images?q=tbn:ANd9GcRtEs6Qkz3_v98Nbco7OfvER5n3MwoXuAMH2ctp2Sqe1B8fmHknTDTcL4o&usqp=CAI&s,Marine Lines
4,https://www.zeebiz.com/real-estate/news-coastal-regulation-zone-in-mumbai-coastal-regulatory-zone-crz-rules-mumbai-high-rise-society-sea-facing-property-marine-drive-230028,Mumbai Coastal Regulatory Zone: CRZ rules relaxed to allow expansion in sea-facing properties,Zee Business,"Apr 10, 2023","The house owners had submitted their applications after the Coastal Regulation Zone (CRZ) laws were relaxed in 2019, allowing the...",https://serpapi.com/searches/66afcbfac47d3c9f8668a508/images/477ab256ba1095dad2a07986fd1801f885b268f503171dff80df596ca1fd0923.jpeg,Marine Lines
5,https://housing.com/news/places-to-visit-in-mumbai-for-couples/,Best Places For Couple In Mumbai,Housing,"Oct 12, 2023",Listed below are a few such best couple places in Mumbai where you and your loved one can enjoy a romantic evening together.,https://serpapi.com/searches/66afcbfac47d3c9f8668a508/images/477ab256ba1095da20a5d828c86ed3fbef2490ec78965eb928bcd68eadede7f1.jpeg,Marine Lines
6,https://www.business-standard.com/article/companies/piramals-close-to-buying-db-realty-marine-drive-plot-115090700207_1.html,Piramals close to buying DB Realty's Marine Drive plot,Business Standard,"Sep 8, 2015","Piramal Realty, an Ajay Piramal group company, is set to take over DB Realty's Marine Drive project in Mumbai for close to Rs 1,000 crore,...",https://encrypted-tbn0.gstatic.com/images?q=tbn:ANd9GcS9E6haSE_fBg1zJ00B3PGD6I-b6j6IO1os_llm8hCtSBgmUAFjjD9I4RQ&usqp=CAI&s,Marine Lines
7,https://housing.com/news/government-plans-ambitious-development-mumbai-city-port-lands/,Government plans ambitious development of Mumbai and other city port lands,Housing,"Apr 17, 2017","A structure taller than Dubai's iconic 163-floor Burj Khalifa, with a green boulevard bigger than Mumbai's Marine Drive – these are the...",https://serpapi.com/searches/66afcbfac47d3c9f8668a508/images/477ab256ba1095dad7c4829f9fc9104fb758f84a369dcbb1ae3f10b3a5dbded1.jpeg,Marine Lines
8,https://housing.com/news/cidco-to-build-a-rs-273-crore-coastal-road-in-navi-mumbai/,CIDCO to build a Rs 273-crore coastal road in Navi Mumbai,Housing,"Feb 25, 2019","The CIDCO board has given its approval for several projects, including a coastal road from Kharghar to Belapur, as well as the detailed...",https://encrypted-tbn0.gstatic.com/images?q=tbn:ANd9GcSbPVnVWWHqMr_VcZvek7K6EUEfKCkEU4SWXV7ccD7RCRLpVkId8a4EiXY&usqp=CAI&s,Marine Lines
9,https://housing.com/news/living-in-the-city-of-dreams-what-you-can-get-for-1-crore-in-mumbai/,What you can get for 1 Crore in Mumbai,Housing,"May 27, 2016",Property rates in Mumbai have been skyrocketing'. 'Affordable housing in Mumbai is no longer a real thing'. While these are common quotes...,https://serpapi.com/searches/66afcbfac47d3c9f8668a508/images/477ab256ba1095da94838fd6387836de9318bc671f4d3f96ec4c52f05c59c74b.jpeg,Marine Lines
1,https://www.moneycontrol.com/news/business/real-estate/5-things-you-dont-know-about-the-maharashtra-govts-rs-1601cr-acquisition-of-mumbais-air-india-building-11711681.html,"5 things you don't know about the Maharashtra govt’s Rs 1,601cr acquisition of Mumbai’s Air India...",Moneycontrol,"Nov 10, 2023","Mumbai real estate: According to the Maharashtra government, the 
5-lakh-square-feet-space will be used for housing different government...",https://serpapi.com/searches/66afcbfc9bddf702c79eb740/images/5d6ca4dd23eec185671687fe0c386d12d05d1466427ec210512cde19c3bfaf9c.jpeg,Churchgate
2,https://www.mypunepulse.com/mumbai-mans-raincoat-toss-causes-chaos-at-churchgate-station-trains-delayed-amid-mumbai-downpour/,"Mumbai Man’s Raincoat Toss Causes Chaos at Churchgate Station, Trains Delayed Amid Mumbai Downpour",PUNE PULSE,2 weeks ago,"A well-meaning gesture to protect a friend from rain led to significant 
disruptions at Churchgate railway station, with train services...",https://serpapi.com/searches/66afcbfc9bddf702c79eb740/images/5d6ca4dd23eec185ab33460ea35131581e1dfce03993e6be85a9acd62417b476.jpeg,Churchgate
3,https://www.businesstoday.in/latest/corporate/story/lic-housing-finance-takes-possession-of-subhash-chandra-owned-property-over-unpaid-dues-worth-rs-570-crore-400317-2023-10-01,LIC Housing Finance takes possession of Subhash Chandra-owned property over unpaid dues worth Rs 570 crore,Business Today,"Oct 1, 2023","LIC Housing Finance has taken possession of the property due to Chandra's 
failure to repay a loan worth around Rs 570 crore.",https://serpapi.com/searches/66afcbfc9bddf702c79eb740/images/5d6ca4dd23eec185792c886257d048e8d5b9db489c1d0cbd35de7d83b363dd22.jpeg,Churchgate
4,https://www.freepressjournal.in/business/why-are-mumbai-metropolitan-region-mmr-exurbs-favoured-by-home-buyers,Why Are Mumbai Metropolitan Region (MMR) ‘Exurbs’ Favoured by Home Buyers?,Free Press Journal,"Feb 2, 2024","During the evening peak travel hours, at stations along the western railway 
line, if the letter V flashes on the indicator, you get to see...",https://serpapi.com/searches/66afcbfc9bddf702c79eb740/images/5d6ca4dd23eec1851e5b91823b7db789dacbf4664fd16a9e894f61e32277dc36.jpeg,Churchgate
5,https://housing.com/news/posh-residential-areas-in-mumbai/,Posh Areas In Mumbai With Property Prices,Housing,"Oct 16, 2023","Check out the list of posh areas in Mumbai and its suburban regions that is 
known for housing celebrities, millionaires and businessmen.",https://serpapi.com/searches/66afcbfc9bddf702c79eb740/images/5d6ca4dd23eec1857421c031df468092d6d999ea4cc47676c2b5949434f351a8.jpeg,Churchgate
6,https://timesofindia.indiatimes.com/business/lic-housing-finance-takes-assets-symbolic-possession/articleshow/104076181.cms,LIC Housing Finance takes asset's symbolic possession,Times of India,"Oct 1, 2023","Business News: NEWS DELHI: LIC Housing Finance has taken symbolic 
possession of a Churchgate property in Mumbai whose guarantor was Essel...",https://serpapi.com/searches/66afcbfc9bddf702c79eb740/images/5d6ca4dd23eec185a9a92e44d84bcb70768b2f98372f934d4ff62270160a679d.jpeg,Churchgate
7,https://www.cnbctv18.com/business/lic-housing-finance-possession-mumbai-property-guarantor-essal-group-subhash-chandra-17923651.htm,LIC Housing Finance takes possession of Mumbai property whose guarantor is Essel Group's Subhash Chandra,CNBC TV18,"Oct 1, 2023","In a newspaper advertisement published on Saturday, September 30, LIC 
Housing Finance said it has issued a demand notice calling upon Vasant...",https://serpapi.com/searches/66afcbfc9bddf702c79eb740/images/5d6ca4dd23eec185ddd3ce830aa4d0f3390ec85fbfe8ec5e2bb411559492367c.jpeg,Churchgate
8,https://timesproperty.com/news/post/all-about-mumbai-coastal-road-project-blid6986,Mumbai's Coastal Road Project: Real Estate Buzz,Times Property,"Mar 15, 2024","Mumbai Coastal Road Project: An In-Depth Guide on Its Route, Financial 
Implications, and the Project's Influence on Local Real Estate...",https://serpapi.com/searches/66afcbfc9bddf702c79eb740/images/5d6ca4dd23eec18560501882a4492868d745d680b407d541bdf41a26c7364a79.jpeg,Churchgate
9,https://www.lokmattimes.com/mumbai/mumbai-local-mega-block-on-june-9-2024-5-hours-jumbo-block-on-western-line-on-sunday-check-details-of-harbour-and-central-train-services-a517/,"Mumbai Local Mega Block on June 9, 2024: 5 Hours Jumbo Block on Western Line on Sunday, Check Details of Harbour and Central Train Services",Lokmat,"Jun 8, 2024","Attention Mumbai local train commuters! Prepare for an upcoming disruption 
due to a 5-hour Jumbo mega block scheduled for this coming Sunday...",https://serpapi.com/searches/66afcbfc9bddf702c79eb740/images/5d6ca4dd23eec185afe95bb7caf9e4bdc90e073f101ca48b65f0694a4bd29c87.jpeg,Churchgate
10,https://www.hindustantimes.com/cities/others/police-transport-dept-finally-take-note-of-e-bike-menace-101701199292293.html,"Police, transport dept finally take note of e-bike menace",Hindustan Times,"Nov 29, 2023","Government agencies are addressing the nuisance caused by mini electric 
bikes in Mumbai, including haphazard parking, rash driving,...",https://serpapi.com/searches/66afcbfc9bddf702c79eb740/images/5d6ca4dd23eec18534b21131cb6d104749e65f92d8972ab9d9b2a8e7e38ea96f.png,Churchgate
1,https://www.colliers.com/en-in/news/press-release-mumbai-infrastructure-report,"Infrastructure upgrade to fuel realty in MMR - Office, data centres & residential hold upside potential",Colliers,"Oct 10, 2023","In anticipation of the upcoming infrastructure, Central Mumbai to see about 
5 mn sq. ft of new Grade-A office supply.",https://serpapi.com/searches/66afcbffc640d264a1c59579/images/bac1cc82d8300db0dff4ce2ad103202519178ab16b2cb682c3e15a5f187ab5d7.jpeg,Churchgate
2,https://housing.com/news/mumbais-wankhede-stadium/,"Mumbai’s Wankhede Stadium: Location, details, map",Housing,1 month ago,"The Wankhede Stadium is located in Churchgate, a posh locality in Mumbai 
that has residential, commercial and educational establishments.",https://serpapi.com/searches/66afcbffc640d264a1c59579/images/bac1cc82d8300db0cf61bdc174484e34dc26ef1d4df1393ba04c5c6e4fc8a254.jpeg,Churchgate
3,https://www.businesstoday.in/latest/in-focus/story/rbi-hdfc-bank-icici-bank-receive-bomb-threats-demanding-resignation-of-fm-shaktikanta-das-mumbai-police-410826-2023-12-26,"RBI, HDFC Bank, ICICI Bank receive bomb threats demanding resignation of FM, Shaktikanta Das: Mumbai Police",Business Today,"Dec 26, 2023","A total of 11 bomb threats were made at 11 places in Mumbai; probe is 
underway, said the cops.",https://serpapi.com/searches/66afcbffc640d264a1c59579/images/bac1cc82d8300db072e551508550a51926cde04862e8bd7c40afeeb029637259.jpeg,Churchgate
4,https://www.rprealtyplus.com/realty-spotlight/mumbai-real-estate-an-upcycle-awaits-107296.html,MUMBAI REAL ESTATE AN UPCYCLE AWAITS,Realty Plus Magazine,"Aug 12, 2022","Mumbai's real estate sector registered its best July in a decade, despite 
the rise in interest rates.",https://serpapi.com/searches/66afcbffc640d264a1c59579/images/bac1cc82d8300db076d6bd7e950739a220909683015bd1ec8a4886a5ab8e8bf6.jpeg,Churchgate
5,https://www.lokmattimes.com/mumbai/mumbai-mega-block-on-april-7-2024-local-train-services-to-be-affected-on-central-harbour-and-western-line-on-sunday-check-details/,"Mumbai Mega Block on April 7, 2024: Local Train Services to be Affected on Central, Harbour and Western Line On Sunday; Check Details",Lokmat,"Apr 6, 2024","Mumbai Local Mega Block Update: The Mumbai division has announced a mega 
block scheduled for its suburban sections on 7th April 2024.",https://serpapi.com/searches/66afcbffc640d264a1c59579/images/bac1cc82d8300db06822a02c16ae050551d5005207047fe52b19927ee9072d72.jpeg,Churchgate
6,https://housing.com/news/reckoner-rates-in-nariman-point-mumbai/,"Reckoner Rates in Nariman Point, Mumbai",Housing,"Dec 28, 2023","The Maharashtra government has classified properties in Nariman Point as 
one of the most affluent neighbourhoods in Mumbai, placing it under...",https://serpapi.com/searches/66afcbffc640d264a1c59579/images/bac1cc82d8300db083da9361b63de4b00bf317e1a01e5c16a53e7fc67b1624c0.jpeg,Churchgate
7,https://www.moneycontrol.com/news/business/real-estate/area-watch-will-luxury-homes-post-covid-bring-back-south-mumbais-charm-11060711.html,Area Watch: Will luxury homes post-COVID bring back South Mumbai’s charm?,Moneycontrol,"Jul 31, 2023","South Mumbai, once known for being among the costliest real estate markets, 
is set to witness a heavy inflow of infrastructure projects like...",https://serpapi.com/searches/66afcbffc640d264a1c59579/images/bac1cc82d8300db0543af2d54a87038265e0f19fc9eb9e51ffa2082ff885d513.jpeg,Churchgate
8,https://housing.com/news/mumbai-metro-line-3/,"Mumbai Metro Line 3: Aqua Line route, stations, map",Housing,1 month ago,"Mumbai Metro Line 3 is also known as the Aqua Line. Check out details, such 
as its route, stations, etc., in this guide.",https://serpapi.com/searches/66afcbffc640d264a1c59579/images/bac1cc82d8300db0fd9cffa5b7b1a868f6ee44a2a0740727e0ee1baadfa13de8.jpeg,Churchgate
9,https://housing.com/news/mumbai-metro/,"Mumbai Metro Lines: Route, map, stations and latest news",Housing,"May 28, 2024","Mumbai Metro Map: Read this article to learn about the various routes of 
the Mumbai Metro as well as other information.",https://serpapi.com/searches/66afcbffc640d264a1c59579/images/bac1cc82d8300db005e8a4cbd5d765de66bd110ddbab4b199150425a3fd7ae9a.jpeg,Churchgate
10,https://housing.com/news/top-insurance-companies-in-mumbai/,Top insurance companies in Mumbai,Housing,"Oct 19, 2023","Top insurance companies in Mumbai: HDFC life insurance, Policyboss, Aditya 
Birla health insurance, LIC, Max life insurance.",https://serpapi.com/searches/66afcbffc640d264a1c59579/images/bac1cc82d8300db00b9035a004ad4f42e5984bd9ef2fa92ddea7a8e15e191840.jpeg,Churchgate
1,https://hospitality.economictimes.indiatimes.com/news/restaurants/gaylord-2-0-the-iconic-restaurant-at-churchgate-mumbai-opens-its-door-again/109515938,"Gaylord 2.0, the iconic restaurant at Churchgate Mumbai, opens its door again",ET Hospitality,"Apr 23, 2024","The new interiors designed by Headlights Studio, a design firm from Delhi 
draw its inspiration from the black and white colonial-era infused...",https://serpapi.com/searches/66afcc002bc7d8dff4eb06fe/images/8c7877f188da0f24b5ba0e0ee3901a14e91f6125334a743a32f5120f636ce483.jpeg,Churchgate
2,https://timesproperty.com/news/post/current-market-prices-per-sq-ft-in-mumbai-blid3971,Market Prices Per Square Foot in Mumbai Neighborhoods,Times Property,"Feb 24, 2023","Know the Current Market Prices Per Sq. Ft. In Mumbai. Table of Contents. 
Mumbai And Its Neighbourhoods; Major Neighbourhoods In Brief In...",https://serpapi.com/searches/66afcc002bc7d8dff4eb06fe/images/8c7877f188da0f24313cddb0bd2be610829a298ad43de233e4e74473b9798fd4.jpeg,Churchgate
3,https://www.livemint.com/news/india/why-would-you-buy-apartment-in-mumbai-if-nikhil-kamath-on-housing-market-11667282458832.html,Why would you buy apartment in Mumbai if..: Nikhil Kamath on housing market in India | Today News,mint,"Nov 2, 2022","Earlier in July, Zerodha co-founder Nikhil Kamath had tweeted the question 
to ask when investing in real estate in a series of tweets.",https://serpapi.com/searches/66afcc002bc7d8dff4eb06fe/images/8c7877f188da0f240dfb6136e5d742fc7f9e9c055324000d832b7bc56c4c52f4.jpeg,Churchgate
4,https://timesproperty.com/news/post/impact-coastal-road-real-estate-prices-mumbai-blid2192,Impact Of Coastal Road On Real Estate Prices In Mumbai,Times Property,"May 17, 2022","Mumbai is always under construction” - that's an adage that Mumbaikars 
often state. And why not? Go to any part of the city and you'll find...",https://serpapi.com/searches/66afcc002bc7d8dff4eb06fe/images/8c7877f188da0f24d49f793c3fb14c50367cb847ca349df53731eedcac86a6b2.jpeg,Churchgate
5,https://www.thehindubusinessline.com/news/real-estate/adani-group-may-monetise-acc-campus-in-thane/article66758555.ece,Adani Group may monetise ACC campus in Thane,The Hindu BusinessLine,"Apr 20, 2023","The Adani Group is planning to monetise land in a Mumbai suburb where ACC 
Ltd has a large campus, including a research and development unit,...",https://serpapi.com/searches/66afcc002bc7d8dff4eb06fe/images/8c7877f188da0f246e1fa6af93088a071adb9a98573b8a5ca4500d107e38f7ef.jpeg,Churchgate
6,https://timesproperty.com/article/post/connectivity-is-revolutionising-real-estate-market-in-navi-mumbai-blid4277,Connectivity Is Revolutionising Real Estate Market In Navi Mumbai,Times Property,"Apr 24, 2023","Navi Mumbai's commercial market is on the rise, driving demand for 
residential properties due to improving connectivity and affordable...",https://serpapi.com/searches/66afcc002bc7d8dff4eb06fe/images/8c7877f188da0f24eda5d26d6030b9510c798cc8eee914899e1a2f135537f1fc.jpeg,Churchgate
7,https://www.business-standard.com/article/economy-policy/mumbai-leads-housing-market-recovery-in-q1-new-launches-rise-33-121080500019_1.html,Mumbai leads housing market recovery in Q1; new launches rise 33%,Business Standard,"Aug 5, 2021","The latest data from Knight Frank shows that property registration in the 
largest market - Mumbai Metropolitan Region - hit a decadal high...",https://serpapi.com/searches/66afcc002bc7d8dff4eb06fe/images/8c7877f188da0f244314a39163af092161869e434ed5b1da57af61971b8038e2.jpeg,Churchgate
8,https://housing.com/news/will-mumbai-metro-impact-real-estate-market-city/,How will Mumbai Metro impact the real estate market in the city?,Housing,"Dec 8, 2020","With Mumbai struggling with transportation infrastructure for long, we look 
at how the multiple metro rail lines planned for the city,...",https://serpapi.com/searches/66afcc002bc7d8dff4eb06fe/images/8c7877f188da0f246ac54b88de7c9bca017444e5b2710a49ebff468913d02d1c.jpeg,Churchgate
9,https://www.mypunepulse.com/real-estate-agent-drives-auto-rickshaw-as-hobby-owns-2-flats-in-mumbai/,Real estate agent drives auto rickshaw as hobby; owns 2 flats in Mumbai,PUNE PULSE,2 weeks ago,"An RJ in Mumbai had a memorable encounter with an auto driver at Vidyavihar 
station, whose story impressed and motivated her.",https://serpapi.com/searches/66afcc002bc7d8dff4eb06fe/images/8c7877f188da0f24d1aedfc3921424559ec01e77d718dd2790ecdacdb76e3056.jpeg,Churchgate
10,https://m.economictimes.com/news/company/corporate-trends/hindustan-unilever-sells-iconic-headquarters-to-hdfc-for-rs-300-crore/articleshow/45697358.cms,Hindustan Unilever sells iconic headquarters to HDFC for Rs 300 crore,The Economic Times,"Dec 31, 2014","MUMBAI: India's largest consumer goods company Hindustan Unilever has sold 
its erstwhile headquarters Lever House at Churchgate in south...",https://serpapi.com/searches/66afcc002bc7d8dff4eb06fe/images/8c7877f188da0f24ddc4bb1debec4bd1323845ad1ca26e266bf26f1d5ed02ce1.jpeg,Churchgate
1,https://www.cnbctv18.com/real-estate/mumbai-real-estate-market-booming-with-sharp-rise-in-sale-of-luxury-apartments-16081711.htm,Mumbai’s real estate market booming with sharp rise in sale of luxury apartments,CNBC TV18,"Mar 2, 2023","Real estate in Mumbai has been a topic of interest for many investors and 
analysts lately. The realty market in the city is still active and...",https://serpapi.com/searches/66afcc0218ca8636b09402c9/images/9a5077326da6fbf5ea20ce34025a46acc84a1a78e1b0bb70816c330a1d66e4c9.jpeg,Churchgate
2,https://www.constructionweekonline.in/people/borivali-an-emerging-real-estate-hotspot-in-mumbais-west,Borivali: An emerging real estate hotspot in Mumbai’s west,Construction Week India,"Dec 27, 2023","Borivali, nestled in Mumbai's western suburbs, is rapidly cementing its 
status as the prime destination for homebuyers and investors alike.",https://serpapi.com/searches/66afcc0218ca8636b09402c9/images/9a5077326da6fbf55b923bee9835345ff588f1f3358c852341b7e5bf561e2d90.jpeg,Churchgate
3,https://timesofindia.indiatimes.com/travel/destinations/a-city-that-never-sleepsmumbais-most-haunted-places/articleshow/48469214.cms,A city that never sleeps―Mumbai’s most haunted places,Times of India,"May 17, 2022","Haunted Places in Mumbai: Find the list of horror places in Mumbai like 
Sanjay Gandhi National Park, Tower of Silence, Santa Cruz West and more 
that give...",https://serpapi.com/searches/66afcc0218ca8636b09402c9/images/9a5077326da6fbf5f0f358f46a889583d72f566fd6672826fa1ecde013c9341a.jpeg,Churchgate
4,https://www.mid-day.com/mumbai/mumbai-news/article/mumbai-registration-of-housing-properties-in-bmc-region-jumps-over-4-fold-in-june-23180882,Mumbai: Registration of housing properties in BMC region jumps over 4-fold in June,Mid-day,"Jul 1, 2021","Real Estate consultant Knight Frank India analysed the property 
registrations data and said, it was found that 42 per cent of 
registrations...",https://serpapi.com/searches/66afcc0218ca8636b09402c9/images/9a5077326da6fbf5a748ada5ede2d81358468454d5e19f740b3831e1bf64b3f7.jpeg,Churchgate
5,https://www.cnbctv18.com/real-estate/redevelopment-projects-are-a-huge-opportunity-in-mumbai-real-estate-market-says-hiranandani-group-16493711.htm,Redevelopment projects are a huge opportunity in Mumbai real estate market: Hiranandani Group,CNBC TV18,"Apr 27, 2023","""Half of Mumbai city has the potential for redevelopment of its real 
estate"" says Akshay Kumar, CEO of Park Lane Property Advisors in an...",https://serpapi.com/searches/66afcc0218ca8636b09402c9/images/9a5077326da6fbf59ffd61f3719dca3ce73aa490aedf4e3b30620acb4d66c46e.jpeg,Churchgate
6,https://www.livemint.com/news/mumbai-first-underground-metro-to-run-in-july-route-stations-schedule-11719280777148.html,"Mumbai’s first underground metro to run in July: Route, stations, schedule | Today News",mint,1 month ago,"Listed are the train timings, stations that will be covered under the 
Mumbai underground metro project and schedule.",https://serpapi.com/searches/66afcc0218ca8636b09402c9/images/9a5077326da6fbf55363ae1105c1f71cfed258e1df4a916117f8a7d43efb2541.jpeg,Churchgate
7,https://www.freepressjournal.in/mumbai/mumbai-news-with-infra-boost-sobo-office-spaces-need-200-crore-makeover,"Mumbai News: With Infra Boost, SoBo Office Spaces Need ₹200-Crore Makeover",Free Press Journal,"Nov 18, 2023","Revival of Mumbai's old CBDs with upcoming infrastructure projects set to 
boost real estate market. Findings of a study by Colliers reveal...",https://serpapi.com/searches/66afcc0218ca8636b09402c9/images/9a5077326da6fbf57b421339ac020b76338cf8fcabb125717db26a6087848513.jpeg,Churchgate
8,https://www.businesstoday.in/latest/in-focus/story/three-detained-by-mumbai-police-for-sending-11-bombs-in-mumbai-mail-to-rbi-410959-2023-12-27,Three detained by Mumbai Police for sending '11 bombs in Mumbai' mail to RBI,Business Today,"Dec 27, 2023","Mumbai Crime Branch on Wednesday detained three people for sending threat 
mail to Reserve Bank of India (RBI) demanding resignation of Union...",https://serpapi.com/searches/66afcc0218ca8636b09402c9/images/9a5077326da6fbf5cde45a4e2d51abc22b2060f981015621c38fb99eeb56364e.jpeg,Churchgate
9,https://housing.com/news/ready-reckoner-rate-in-colaba-mumbai/,"What is the ready reckoner rate in Colaba, Mumbai?",Housing,"Dec 26, 2023","Also known as ready reckoner rate, this price varies from 
location-to-location. Check out the circle rate in Colaba.",https://serpapi.com/searches/66afcc0218ca8636b09402c9/images/9a5077326da6fbf525bc20bdfd7e5ec128ac7d8bcd6a54fb998ae28784a7b29e.jpeg,Churchgate
10,https://www.timesnownews.com/mumbai/churchgate-to-virar-special-late-night-trains-and-buses-for-new-years-eve-in-mumbai-article-106398756,Churchgate to Virar: Special Late-Night Trains and Buses for New Year's Eve in Mumbai,Times Now,"Dec 30, 2023","Mumbai to have special buses and trains for New Year's, running late from 
key locations like Gateway of India, , Juhu Beach, and Gorai Beach...",https://serpapi.com/searches/66afcc0218ca8636b09402c9/images/9a5077326da6fbf5d0799f03b901276c6e61a1ce1f86de495b07f5d811be3fd6.jpeg,Churchgate
1,https://housing.com/news/mumbai-dcpr-2034-solve-real-estate-problems/,Mumbai DCPR 2034: Can it solve Mumbai’s real estate problems?,Housing,"Nov 3, 2020","The current Development Plan for Mumbai, has several positives and is a 
step in the right direction, but implementation of some of the...",https://serpapi.com/searches/66afcc03cace9644e2017975/images/3bc9a0c7f5ab98ab79f1c358697e06f4a71685f93ec6af666029a4a2b445339a.jpeg,Churchgate
2,https://timesproperty.com/news/post/all-about-mumbai-western-line-blid6338,Mumbai Western Line Route & Stations!: Explore Now,Times Property,"Dec 26, 2023","Your guide to Mumbai's Western Line! Discover routes, station facilities, 
fare info, and more for easy commuting.",https://serpapi.com/searches/66afcc03cace9644e2017975/images/3bc9a0c7f5ab98ab50b3cbacadcced013c3c69d96c9963cd5eef5828771fd1b4.jpeg,Churchgate
3,https://timesproperty.com/news/post/mumbai-metro-line-3-details-blid5409,Mumbai Metro Line 3: Route Map & Construction Update,Times Property,"Aug 17, 2023","All About Mumbai Metro Aqua Line 3. Table of Contents. Latest News On 
Mumbai Metro Line 3; A Closer Look At Mumbai Metro Line 3; Key Updates Of 
Upcoming...",https://serpapi.com/searches/66afcc03cace9644e2017975/images/3bc9a0c7f5ab98abbe18b8108535004143345fa454af14070f7c846d3989515a.jpeg,Churchgate
4,https://www.livemint.com/Politics/TwUwYI3r2QaQEhLxsTo4ZO/First-AC-local-train-starts-in-Mumbai-on-the-Borivali-Church.html,First AC local train starts in Mumbai on the Borivali Churchgate route | Mint,mint,"Dec 25, 2017","The AC local train began its maiden journey at 10.32 am from the Borivali 
station to Churchgate in south Mumbai on the western line.",https://serpapi.com/searches/66afcc03cace9644e2017975/images/3bc9a0c7f5ab98ab962b008e8af3998e95ba053602c09ed0d9f97fb1891c725d.jpeg,Churchgate
5,https://timesofindia.indiatimes.com/city/mumbai/zara-swings-record-lease-deal-in-fort/articleshow/51788075.cms,Zara swings record lease deal in Fort,Times of India,"Apr 12, 2016","A heritage building in the Hutatma Chowk area in south Mumbai will soon be 
the largest retail space in a high street for a foreign brand in...",https://serpapi.com/searches/66afcc03cace9644e2017975/images/3bc9a0c7f5ab98ab5134760c22b2afda87d069e421a0ee557976f02fdebf2481.jpeg,Churchgate
6,https://www.hindustantimes.com/mumbai/old-money-cashing-out-of-sobo/story-GelL6f1JlepEdpH7eJnuFO.html,Old money cashing out of SoBo,Hindustan Times,"Oct 24, 2011","Residents and business houses, who have been in the area for more than 40 
years are selling their properties to the nouveau riche — people...",https://serpapi.com/searches/66afcc03cace9644e2017975/images/3bc9a0c7f5ab98ab304caccd8590dedef5963434063e7447250109cc6723ea6f.png,Churchgate
7,https://www.freepressjournal.in/mumbai/mumbai-news-lt-bags-7000-cr-contract-for-underground-twin-tunnel-project-between-eastern-freeway-marine-drive-coastal-road,"Mumbai News: L&T Bags ₹7,000 Cr Contract For Underground Twin Tunnel Project Between Eastern Freeway-Marine",Free Press Journal,"Sep 30, 2023","The Mumbai Metropolitan Region Development Authority (MMRDA) had floated a 
bid December 31, 2022 for this two plus-two lane tunnel,...",https://serpapi.com/searches/66afcc03cace9644e2017975/images/3bc9a0c7f5ab98ab107929764d639e0c98d084051164096abd60115d08df0d8a.jpeg,Churchgate
8,https://timesofindia.indiatimes.com/city/mumbai/path-cleared-for-pallonji-firm-to-work-on-sobos-priciest-sra-project/articleshow/73917517.cms,Path cleared for Shapoorji Pallonji firm to work on south Mumbai’s priciest SRA project,Times of India,"Feb 4, 2020","MUMBAI: Three years after the SC paved the way for authorities to approve 
one of the most valuable slum redevelopment projects at Cuffe...",https://serpapi.com/searches/66afcc03cace9644e2017975/images/3bc9a0c7f5ab98ab00748e32d7f43d5506c2d3434a65c8c4fcf4f779e70f8b5a.jpeg,Churchgate
9,https://www.goodreturns.in/news/52-week-high-stock-1-100-stock-split-16th-august-record-date-extend-dip-buying-1360615.html,"52-Week-High Stock: 1:100 Stock Split, 16th August - Record Date; Extend Dip Buying?",Goodreturns,6 days ago,"The shares of Jamshri Realty surged 2% from the previous closing of Rs 
17339.90 to close at a new 52-week high of Rs 17686.65 a share on...",https://serpapi.com/searches/66afcc03cace9644e2017975/images/3bc9a0c7f5ab98ab22bd5a26f8dd38e2b77d7475f28f060cfac630011a25cf9a.jpeg,Churchgate
10,https://mumbaimirror.indiatimes.com/mumbai/other/iconic-churchgate-bldg-changes-hands-fetches-rs-27-63-cr/articleshow/16093226.cms,"Iconic Churchgate bldg changes hands, fetches Rs 27.63 cr",Mumbai Mirror,"Jan 16, 2011","Its one of the first structures to greet you outside Churchgate station. 
The iconic Resham Bhavan, known as the silk hub of Mumbai about...",https://serpapi.com/searches/66afcc03cace9644e2017975/images/3bc9a0c7f5ab98ab79521ddeee996334b97e91578eb39089ba63d98b2bd4cf94.jpeg,Churchgate
1,https://www.business-standard.com/article/specials/mumbai-property-rate-slide-arrested-197090201067_1.html,Mumbai Property Rate Slide Arrested,Business Standard,"Sep 2, 1997","Prices in Mumbai experienced a drop of between 15-25% from their peaks. 
There has been a substantial fall in the volume of transactions.",https://serpapi.com/searches/66afcc058ccee0b640d89511/images/d789a2ff0026559641ae63c30c1896766b6361c9ca700afbea2a3e3677ca5bb0.png,Churchgate
2,https://www.hellomumbainews.com/current-news/ibg-awards-of-excellence-2022-held-at-imc-churchgate-mumbai-exclusive-pictures-here/,"IBG Awards of Excellence 2022 held at IMC Churchgate Mumbai, exclusive pictures here",Hello Mumbai News,"Apr 11, 2022","IBG Annual Awards Ceremony 2022 held at IMC Churchgate on 8th April, 2022 
IBG's 4th edition of awards which comprises of 8 categories like...",https://serpapi.com/searches/66afcc058ccee0b640d89511/images/d789a2ff0026559621d277fcede588aed155d5bcf421b98c945dd6b31ebc5802.jpeg,Churchgate
1,https://housing.com/news/anil-ambani-house/,Inside industrialist Anil Ambani’s house in Mumbai,Housing,1 week ago,"Anil Ambani house location, Pali Hill, Mumbai. Area, 16,000 sqft. Number of 
floors, 17. Property value, Rs 5,000 crore.",https://serpapi.com/searches/66afcc07aef264f63c6e1540/images/a8746629e891b33a36e7ba78a6dfa0a47bd6d215b4c0306b8409537c3766846f.jpeg,Cuffe Parade
2,https://www.moneycontrol.com/news/business/real-estate/maharera-dismisses-complaint-against-lodha-for-new-cuffe-parade-project-in-mumbai-11997191.html,MahaRERA dismisses complaint against Lodha for New Cuffe Parade project in Mumbai,Moneycontrol,"Jan 4, 2024","The Maharashtra Real Estate Regulatory Authority (MahaRERA) has said that 
RERA is not mandated to monitor construction beyond the boundaries...",https://serpapi.com/searches/66afcc07aef264f63c6e1540/images/a8746629e891b33af12c11fd5d12af9ec2e67b2d02ff4ba023705e6beeb57415.jpeg,Cuffe Parade
3,https://www.business-standard.com/india-news/with-mthl-on-the-road-mumbai-may-see-projects-worth-rs-84k-cr-begin-ops-124011000949_1.html,"With MTHL on the road, Mumbai may see projects worth Rs 84K cr begin ops",Business Standard,"Jan 10, 2024","The 37276 crore worth Mumbai Metro line-3, connects the north of the city 
(SEEPZ) to south (Cuffe Parade) and is expected to start...",https://serpapi.com/searches/66afcc07aef264f63c6e1540/images/a8746629e891b33a5645e2fc881c2af15f36727f7a9eea10777ee20b0914d072.jpeg,Cuffe Parade
4,https://www.freepressjournal.in/mumbai/mumbai-premium-housing-sales-in-malabar-hill-soar-by-79-in-a-year-crossing-1-lakh-per-sq-ft-mark,Mumbai: Premium Housing Sales In Malabar Hill Soar By 79% In A Year; Crossing ₹1 Lakh Per Sq Ft Mark,Free Press Journal,"Jan 3, 2024","With top builders already active in the market, three more A-grade builders 
are in line to launch their projects.",https://serpapi.com/searches/66afcc07aef264f63c6e1540/images/a8746629e891b33a77f6b1ca64d27671b0446d737c49f0f2e5de57cca8c51e04.jpeg,Cuffe Parade
5,https://housing.com/news/circle-rate-in-cuffe-parade-mumbai/,"Ready reckoner rate in Cuffe Parade, Mumbai",Housing,"Jan 29, 2024","Cuffe Parade, one of South Mumbai's most important residential and business 
areas, is well-known for its elegant and upmarket surroundings.",https://serpapi.com/searches/66afcc07aef264f63c6e1540/images/a8746629e891b33a53e148624bc286b5ded74864d828a679ffc2b5fc83b5c4fa.jpeg,Cuffe Parade
6,https://in.mashable.com/tech/71703/mumbais-bandra-kurla-complex-more-expensive-than-manhattan-uday-kotak-thinks-so,Mumbai’s Bandra Kurla Complex More Expensive Than Manhattan? Uday Kotak Thinks So,Mashable India,"Mar 19, 2024","Realtor Tracy Hampson once remarked that 'real estate is a contact sport.' 
It sure feels like one when you compare the property rates of...",https://serpapi.com/searches/66afcc07aef264f63c6e1540/images/a8746629e891b33a7385dc2aa3552baa26c9db82aaca0291ed75a45872627735.jpeg,Cuffe Parade
7,https://www.hindustantimes.com/cities/mumbai-news/real-estate-agent-booked-for-rape-after-spiking-journalism-student-s-drink-with-sedatives-in-mumbai-accused-on-the-run-rape-mumbai-crime-101681586921295.html,Colaba real estate agent booked for raping journalism student after spiking drink,Hindustan Times,"Apr 16, 2023","Real estate agent booked for allegedly raping a journalism student after 
spiking her drink with sedatives and recording her nude videos...",https://serpapi.com/searches/66afcc07aef264f63c6e1540/images/a8746629e891b33a1f7e021e26c2272364bf0e2c3778dfabb8cce9e920e9c7c9.png,Cuffe Parade
8,https://www.freepressjournal.in/mumbai/mumbai-news-with-infra-boost-sobo-office-spaces-need-200-crore-makeover,"Mumbai News: With Infra Boost, SoBo Office Spaces Need ₹200-Crore Makeover",Free Press Journal,"Nov 18, 2023","Revival of Mumbai's old CBDs with upcoming infrastructure projects set to 
boost real estate market. Findings of a study by Colliers reveal...",https://serpapi.com/searches/66afcc07aef264f63c6e1540/images/a8746629e891b33a431270cb7484fa0b34ead188861ba560478fa1a0f45e52fa.jpeg,Cuffe Parade
9,https://www.firstpost.com/business/new-cuffe-parade-to-upper-worli-how-realtors-are-enticing-buyers-1156529.html,New' Cuffe Parade to 'Upper' Worli: How realtors are enticing buyers,Firstpost,"Dec 20, 2014","Realtors across India are in a do or die situation. From swanky and 
hip-sounding addresses to customized festival discounts, real estate...",https://serpapi.com/searches/66afcc07aef264f63c6e1540/images/a8746629e891b33a93a03481ece91393c18d43a08bf8633f617f3a2c1bb16698.jpeg,Cuffe Parade
10,https://indianexpress.com/article/cities/mumbai/mumbai-new-cuffe-parade-project-maharera-5367306/,"Mumbai: New Cuffe Parade project comes under us, says MahaRERA",The Indian Express,"Sep 21, 2018","The Maharashtra Real Estate Regulatory Authority (MahaRERA) has held that 
it will have jurisdiction over the 'New Cuffe Parade' project by...",https://serpapi.com/searches/66afcc07aef264f63c6e1540/images/a8746629e891b33a07eeea067db19664f663320176e23f2dd3690f731d04f0f3.jpeg,Cuffe Parade
1,https://housing.com/news/posh-residential-areas-in-mumbai/,Posh Areas In Mumbai With Property Prices,Housing,"Oct 16, 2023","Check out the list of posh areas in Mumbai and its suburban regions that is 
known for housing celebrities, millionaires and businessmen.",https://serpapi.com/searches/66afcc08c7ad41b4b06b2c9e/images/a8ea8b9c42b1a2fc2ed94e34f58ef6150c0ffae8845150682ec018c820a635b1.jpeg,Cuffe Parade
2,https://www.timesnownews.com/business-economy/real-estate/warburg-pincus-sells-stake-in-indian-real-estate-venture-to-runwal-group-know-deal-valuation-article-105209066,Warburg Pincus Sells Stake In Indian Real Estate Venture To Runwal Group - Know Deal Valuation,Times Now,"Nov 14, 2023","Global investment giant Warburg Pincus has completed its exit from a joint 
real estate venture in India, selling its stake for over Rs 600...",https://serpapi.com/searches/66afcc08c7ad41b4b06b2c9e/images/a8ea8b9c42b1a2fc7fb971000d64bb878fc7083bb2dc74bf56e8c5036eb03715.jpeg,Cuffe Parade
3,https://www.newslaundry.com/2020/07/30/zee-medias-subhash-chandra-rents-out-mumbai-bungalow-to-the-chinese-consulate-according-to-real-estate-site,"Zee Media's Subhash Chandra rents out Mumbai bungalow to the Chinese Consulate, according to real estate site",Newslaundry,"Jul 30, 2020","Subhash Chandra, Rajya Sabha member and promoter of Zee Media group, has 
reportedly rented out a bungalow to the Chinese Consulate in Mumbai...",https://serpapi.com/searches/66afcc08c7ad41b4b06b2c9e/images/a8ea8b9c42b1a2fc38adfe620b19bf85cbdf9757245f263935c593f728ff89c7.jpeg,Cuffe Parade
4,https://www.moneycontrol.com/news/business/real-estate/area-watch-will-luxury-homes-post-covid-bring-back-south-mumbais-charm-11060711.html,Area Watch: Will luxury homes post-COVID bring back South Mumbai’s charm?,Moneycontrol,"Jul 31, 2023","South Mumbai, once known for being among the costliest real estate markets, 
is set to witness a heavy inflow of infrastructure projects like...",https://serpapi.com/searches/66afcc08c7ad41b4b06b2c9e/images/a8ea8b9c42b1a2fcf54d14004033371337f2704cad69d3e573ab38712306f48e.jpeg,Cuffe Parade
5,https://www.hindustantimes.com/cities/mumbai-news/malabar-hill-micro-market-picks-up-with-14-projects-101704135745751.html,Malabar Hill micro-market picks up with 14 projects,Hindustan Times,"Jan 2, 2024","The report threw light on 14 different projects at different stages of 
construction by 12 developers that lie in this catchment.",https://serpapi.com/searches/66afcc08c7ad41b4b06b2c9e/images/a8ea8b9c42b1a2fcf221f0e5373723f412a9d4a44f68b6ad3497356f82ee3c3f.jpeg,Cuffe Parade
6,https://indianexpress.com/article/explained/adarsh-scam-ashok-chavan-bombay-high-court-tyagi-2776837/,The Adarsh scam: Mumbai’s tower of shame,The Indian Express,"Apr 29, 2016","It would have been just another expensive sea-facing real estate along 
South Mumbai's upscale Colaba-Cuffe Parade area which is home to many...",https://serpapi.com/searches/66afcc08c7ad41b4b06b2c9e/images/a8ea8b9c42b1a2fc698d0f7c330cbdc33d1b278a5278cb3831443e5b6412a366.jpeg,Cuffe Parade
7,https://housing.com/news/supreme-court-orders-lodha-to-refunds-rs-2-25-cr-to-homebuyer/,Supreme Court orders Lodha to refund Rs 2.25 cr to homebuyer,Housing,1 month ago,"The Supreme Court (SC) has instructed Lodha Crown Buildmart, a division of 
the real estate developer Macrotech Developers (Lodha),...",https://serpapi.com/searches/66afcc08c7ad41b4b06b2c9e/images/a8ea8b9c42b1a2fceaa6e1d9ec486f6c66cb0a1339f717b798e1fc7662a2dbe0.jpeg,Cuffe Parade
8,https://housing.com/news/circle-rate-in-dongri-mumbai/,"Ready reckoner rate in Dongri, Mumbai",Housing,"Jan 29, 2024","The government, via the sub-registrar office, notifies property 
transactions at a minimum value known as the ready reckoner rate.",https://serpapi.com/searches/66afcc08c7ad41b4b06b2c9e/images/a8ea8b9c42b1a2fc72ad0fcd71e6c4514137bf2b40a8e218109878be0051f00c.jpeg,Cuffe Parade
9,https://housing.com/news/mumbai-metro-line-3/,"Mumbai Metro Line 3: Aqua Line route, stations, map",Housing,1 month ago,"Mumbai Metro Line 3 is also known as the Aqua Line. Check out details, such 
as its route, stations, etc., in this guide.",https://serpapi.com/searches/66afcc08c7ad41b4b06b2c9e/images/a8ea8b9c42b1a2fc32087436dd5d5633375b0789fda422397da6a854279c2663.jpeg,Cuffe Parade
10,https://housing.com/news/anupam-mittal-house/,Inside businessman Anupam Mittal’s swanky house in south Mumbai,Housing,"May 31, 2023","Shark Tank judge Anupam Mittal lives with his family in a luxurious 6 BHK 
apartment in South Mumbai's Cuffe Parade.",https://serpapi.com/searches/66afcc08c7ad41b4b06b2c9e/images/a8ea8b9c42b1a2fc7e82996c10344dffdd8d7a00d119b40ea6dddc50eefcef45.jpeg,Cuffe Parade
1,https://indianexpress.com/article/cities/mumbai/mumbai-wadalas-new-cuffe-parade-project-hits-height-hurdle-2781409/,Mumbai: Wadala’s ‘New Cuffe Parade’ project hits height hurdle,The Indian Express,"May 3, 2016","In a blow to an ambitious multi-crore real estate project of the Lodha 
Group, looking to brand Wadala as 'New Cuffe Parade', the Airports...",https://serpapi.com/searches/66afcc0b94fb031b191dccb5/images/873e0e504faae16cf3f9c748160a6f5af7e8fb81ee0a3c9cbe79d8996e62c0c3.jpeg,Cuffe Parade
2,https://www.moneycontrol.com/news/business/real-estate/sc-orders-lodha-to-refund-rs-2-25-cr-to-homebuyer-with-interest-over-delivery-delay-12366471.html,SC orders Lodha to refund Rs 2.25 cr to homebuyer with interest over delivery delay,Moneycontrol,"Feb 28, 2024","The Supreme Court has directed Lodha Crown Buildmart, part of the listed 
real estate developer Macrotech Developers (Lodha), to refund Rs...",https://serpapi.com/searches/66afcc0b94fb031b191dccb5/images/873e0e504faae16cb8557b4943c350e09bc128444408b313d66d658bf13e3608.jpeg,Cuffe Parade
3,https://www.hindustantimes.com/mumbai/a-tale-of-two-cuffe-parades/story-f3D8ZCyoMlbf6WxX1Y7iZI.html,A tale of two Cuffe Parades,Hindustan Times,"May 6, 2016","The only thing in common between the two Cuffe Parades is that both will 
provide a view of Mumbai's magnificent seafront, though how much of...",https://serpapi.com/searches/66afcc0b94fb031b191dccb5/images/873e0e504faae16c4b4945166ff1c8dd0d61f1a9b5cf5f77052109b9cbac9a17.png,Cuffe Parade
4,https://indianexpress.com/article/india/how-adarsh-scam-broke-officer-in-cbi-net-ropes-big-fish-for-prime-mumbai-plot/,How Adarsh scam broke: ‘Officer in CBI net ropes big fish for prime Mumbai plot’,The Indian Express,"Apr 29, 2016","The story below was the first report on the Adarsh Housing Society scam, 
published in The Indian Express on August 3, 2003.",https://serpapi.com/searches/66afcc0b94fb031b191dccb5/images/873e0e504faae16c8d8fb4b7fadcd75e3a1785e95530c72e5c512012ecd4510e.jpeg,Cuffe Parade
5,https://timesofindia.indiatimes.com/city/mumbai/maharashtra-to-develop-21-acre-machhimar-nagar-at-cuffe-parade/articleshow/91159441.cms,Maharashtra to develop 21-acre Machhimar Nagar at Cuffe Parade,Times of India,"Apr 28, 2022","Housing minister Jitendra Awhad on Thursday said that government plans to 
redevelop 21 acre of prime land in Cuffe Parade's Machhimar Nagar...",https://serpapi.com/searches/66afcc0b94fb031b191dccb5/images/873e0e504faae16cd2293b427e6f66f4be54edfd0c7096d1793a563c06104c2a.jpeg,Cuffe Parade
6,https://www.aninews.in/news/business/business/shapoorji-pallonji-real-estate-aims-to-surpass-rs-1000-crore-in-sales-revenue-from-its-uber-luxury-project-in-mumbai20240125165656,Shapoorji Pallonji Real Estate Aims to Surpass Rs 1000 Crore in Sales Revenue from its Uber-luxury Project in Mumbai,ANI News,"Jan 25, 2024","ANI | Updated: Jan 25, 2024 16:56 IST. ANI News Join our Whatsapp channel · 
NewsVoir. Mumbai (Maharashtra) [India], January 25: With the SP Group's 
legacy...",https://serpapi.com/searches/66afcc0b94fb031b191dccb5/images/873e0e504faae16c25630a626d0f841623c1e8cf16e601e1fc78db4bd40b8c9b.jpeg,Cuffe Parade
7,https://housing.com/news/luxurious-colourful-designer-maheka-mirpuris-home/,Luxurious and colourful: Designer Maheka Mirpuri’s home,Housing,"Dec 22, 2020","Designer Maheka Mirpuri's spacious home in Mumbai's Cuffe Parade blends 
colours, furniture, flowers, and artifacts, to create a décor that...",https://serpapi.com/searches/66afcc0b94fb031b191dccb5/images/873e0e504faae16c56c4b43e18e4193781e831bc2b30ff687fbe06386ec80417.jpeg,Cuffe Parade
8,https://www.prittleprattlenews.com/business/tardeo-pin-code-to-south-mumbais-premium-real-estate/,Tardeo: Pin code to South Mumbai’s premium real estate market that drips luxury,Prittle Prattle News,"Nov 2, 2022","Altamount Road in Tardeo is one of those costliest homes to extraordinary 
business tycoons in the city for which it is called a...",https://serpapi.com/searches/66afcc0b94fb031b191dccb5/images/873e0e504faae16cd9a108356893c8530d26ef458c9a7857e159918f870f02fd.jpeg,Cuffe Parade
9,https://www.hindustantimes.com/mumbai/living-in-the-lap-of-luxury/story-ygTJJw0xsn4Wzs3qcIfP3J.html,Living in the lap of luxury!,Hindustan Times,"Jun 16, 2012","Following the sale of a Mumbai flat at a record Rs 1.2 lakh per square 
foot, we look at the country's most expensive apartments, the people...",https://serpapi.com/searches/66afcc0b94fb031b191dccb5/images/873e0e504faae16cf750017c81d628d479bd925eb9d8d26f46750ea344d01836.png,Cuffe Parade
10,https://housing.com/news/ready-reckoner-rate-in-colaba-mumbai/,"What is the ready reckoner rate in Colaba, Mumbai?",Housing,"Dec 26, 2023","Also known as ready reckoner rate, this price varies from 
location-to-location. Check out the circle rate in Colaba.",https://serpapi.com/searches/66afcc0b94fb031b191dccb5/images/873e0e504faae16c28b225d35afad0061effbae43cbb9c417ac4800b0bd6e852.jpeg,Cuffe Parade
1,https://www.hindustantimes.com/real-estate/india-poshest-areas-data-reveals-tardeo-and-other-surprises/story-rGEijEXdtnQJbU5RuAJQFL.html,India’s poshest areas? Data reveals Tardeo and other surprises,Hindustan Times,"Oct 11, 2019","While Tardeo ranks high on the list of India's most expensive property, 
neighbourhoods from Chennai, Hyderabad, Bangalore, Delhi and Pune...",https://serpapi.com/searches/66afcc0de4a23d45d9ba5490/images/e31f1b24df25ab9d85d01d610a361256a9a73aaeac103362b57fad68ff730f04.png,Cuffe Parade
2,https://www.hindustantimes.com/cities/mumbai-news/bkc-to-worli-metro-service-likely-by-late-2024-101706986537013.html,BKC to Worli metro service likely by late 2024,Hindustan Times,"Feb 4, 2024","The Mumbai Metro Rail Corporation has decided to commence services on this 
9.63-km stretch of the Metro-3 line after phase one from Aarey...",https://serpapi.com/searches/66afcc0de4a23d45d9ba5490/images/e31f1b24df25ab9de3a7b4fa719e7600cd1bafc3018463c090cdd4d2583fa223.jpeg,Cuffe Parade
3,https://housing.com/news/mumbai-metro-line-3-is-82-complete-mmrcl/,Mumbai Metro-3 project is 82% complete: MMRCL,Housing,"Jun 14, 2023","The Mumbai Aqua Line also known as the Mumbai Metro Line 3 is 82% complete 
as on May 31, 2023. This underground metro from Aarey to Cuffe...",https://serpapi.com/searches/66afcc0de4a23d45d9ba5490/images/e31f1b24df25ab9d78d759e74e7f315b3f2c04366e747e8a1fa91f8435e66b63.jpeg,Cuffe Parade
4,https://www.hindustantimes.com/cities/mumbai-news/defence-restrictions-struck-down-by-court-no-longer-applicable-govt-to-bmc-sra-101699037843158.html,"Defence restrictions struck down by court no longer applicable, govt to BMC, SRA",Hindustan Times,"Nov 4, 2023","The Urban Development (UD) issued a clarification stating that four 
circulars issued by defense since 2011 were struck down by the Bombay...",https://serpapi.com/searches/66afcc0de4a23d45d9ba5490/images/e31f1b24df25ab9d9e08f0a51888786bece0be28e7c46dfc2e393e27597ef52d.jpeg,Cuffe Parade
5,https://housing.com/news/bandra-kurla-complex-marshy-land-prime-commercial-hub/,Bandra-Kurla Complex: From marshy land to a prime commercial hub,Housing,"Dec 26, 2018","The Bandra-Kurla Complex in Mumbai is today ranked alongside the prime 
commercial hubs of Nariman Point and Cuffe Parade in south Mumbai,...",https://serpapi.com/searches/66afcc0de4a23d45d9ba5490/images/e31f1b24df25ab9d8c0997418e992c887d8d16d1cdf4f6678df52ac245a40736.jpeg,Cuffe Parade
6,https://housing.com/news/what-is-the-circle-rate-in-mahim-mumbai/,"What is the ready reckoner rate in Mahim, Mumbai?",Housing,"Jan 29, 2024","The real estate market value in Mahim is linked to its strategic location 
and connectivity. Check out ready reckoner rates in Mahim.",https://serpapi.com/searches/66afcc0de4a23d45d9ba5490/images/e31f1b24df25ab9dfa875cb11f70247a52f2c1bc5c592726216958d6f5b2c0a8.jpeg,Cuffe Parade
7,https://housing.com/news/mumbai-metro-line-3-closer-to-operational-phase/,Mumbai Metro Line 3 closer to operational phase,Housing,"May 7, 2024","Also known as the Aqua Line, the Mumbai Metro Line 3 will be made 
operational in phases. Phase, Route. Phase- 1, Aarey colony to BKC.",https://serpapi.com/searches/66afcc0de4a23d45d9ba5490/images/e31f1b24df25ab9d5d210628ff9d963ae34d0955d2bf7ab50661123a0b31301c.jpeg,Cuffe Parade
8,https://timesofindia.indiatimes.com/city/mumbai/path-cleared-for-pallonji-firm-to-work-on-sobos-priciest-sra-project/articleshow/73917517.cms,Path cleared for Shapoorji Pallonji firm to work on south Mumbai’s priciest SRA project,Times of India,"Feb 4, 2020","Three years after the SC paved the way for authorities to approve one of 
the most valuable slum redevelopment projects at Cuffe Parade in...",https://serpapi.com/searches/66afcc0de4a23d45d9ba5490/images/e31f1b24df25ab9d07994d7e1674ee3aee9f5ca47879ee36c32f4a9a15754736.jpeg,Cuffe Parade
9,https://housing.com/news/mumbai-metro-line-3-is-80-6-complete/,Mumbai Metro Line-3 is 80.6% complete,Housing,"Apr 14, 2023","The 33.5 km Aqua line or Mumbai Metro 3 with 28 stations is the first 
underground metro in Mumbai.",https://serpapi.com/searches/66afcc0de4a23d45d9ba5490/images/e31f1b24df25ab9d3ad06acd9bc3e8461d7ec91a5bf618980bbf195d184e8759.jpeg,Cuffe Parade
10,https://housing.com/news/bombay-hc-raps-municipal-corporation-housing-society-usurping-garden-plot/,"Bombay HC raps municipal corporation, housing society for usurping garden plot",Housing,"Nov 17, 2017","The Bombay High Court has pulled up the municipal corporation, for allowing 
a housing society in south Mumbai to use a plot earmarked for a...",https://serpapi.com/searches/66afcc0de4a23d45d9ba5490/images/e31f1b24df25ab9d025613b0e078047a03dbd6374da22c26d6fdb3570f1cc886.jpeg,Cuffe Parade
1,https://timesproperty.com/news/post/mumbai-metro-line-3-details-blid5409,Mumbai Metro Line 3: Route Map & Construction Update,Times Property,"Aug 17, 2023","All About Mumbai Metro Aqua Line 3. Table of Contents. Latest News On 
Mumbai Metro Line 3; A Closer Look At Mumbai Metro Line 3; Key Updates Of 
Upcoming...",https://serpapi.com/searches/66afcc0fa4be1090d330f38d/images/694ed57d6ea1a8f4da8b02c9a4ce1037ebb90cacf10e4456bf5e54d38a8f23ff.jpeg,Cuffe Parade
2,https://housing.com/news/construction-work-to-connect-mumbai-metro-line-3-with-csmt-subway-starts/,Construction work to connect Mumbai Metro line 3 with CSMT subway starts,Housing,"Dec 21, 2022","This will aid in seamless change of mode of transport with the subway being 
connected with underground pathway access with Aqua Line 3.",https://serpapi.com/searches/66afcc0fa4be1090d330f38d/images/694ed57d6ea1a8f456da03bc26e98a1858544b22e710d7d75b61594f4af48df4.jpeg,Cuffe Parade
3,https://housing.com/news/top-fmcg-companies-in-mumbai/,Top FMCG Companies in Mumbai,Housing,"Oct 13, 2023","Hindustan Unilever Limited (HUL) stands tall as one of India's most trusted 
FMCG companies. It offers an extensive range of products,...",https://serpapi.com/searches/66afcc0fa4be1090d330f38d/images/694ed57d6ea1a8f474693fef346d19e1070547c7c5703bc3994f367aa0196b09.jpeg,Cuffe Parade
4,https://housing.com/news/134-bus-route-mumbai-backbay-bus-depot-to-thackeray-udyan/,134 Bus route Mumbai: P Thackeray Udyan to Backbay Bus Depot,Housing,"May 29, 2023","Check out the schedule, stops for the 134 bus route in Mumbai that can be 
used for traveling from P Thackeray Udyan to Backbay depot.",https://serpapi.com/searches/66afcc0fa4be1090d330f38d/images/694ed57d6ea1a8f4a6ff8a2aed38b1342877e4e6bae55b036ee35704ab27d2b6.jpeg,Cuffe Parade
5,https://housing.com/news/mumbai-metro/,"Mumbai Metro Lines: Route, map, stations and latest news",Housing,"May 28, 2024","Mumbai Metro Map: Read this article to learn about the various routes of 
the Mumbai Metro as well as other information.",https://serpapi.com/searches/66afcc0fa4be1090d330f38d/images/694ed57d6ea1a8f49a5aa9814e72951083f19ecdb3b3653843d830d73d5fe03c.jpeg,Cuffe Parade
6,https://www.fortuneindia.com/ideas/godrejs-master-plan/100746,Godrej’s master plan,Fortune India,"Jan 5, 2013","In a seedy business, Godrej Properties has a spotless reputation and 
customers are lapping up its apartments—even at a premium.",https://serpapi.com/searches/66afcc0fa4be1090d330f38d/images/694ed57d6ea1a8f41ed74563514e7f5b9c0d0769f70b89e72d9f50a2cf59f8cb.png,Cuffe Parade
7,https://housing.com/news/no-night-time-metro-construction-work-south-mumbai-area-mpcb-files-noise-pollution-report-hc/,"No night-time metro construction work in south Mumbai area, until MPCB files noise pollution report: HC",Housing,"Jul 19, 2018","The Bombay HC has asked the state's pollution control board to record noise 
levels near the metro rail site at Cuffe Parade and restricted...",https://serpapi.com/searches/66afcc0fa4be1090d330f38d/images/694ed57d6ea1a8f436f3c4b293c865346aafcead7a0786d2f27050605af266f5.jpeg,Cuffe Parade
8,https://housing.com/news/mumbai-metro-seeks-permission-carry-work-night-line-iii/,Mumbai Metro seeks permission to carry out work at night on Line III,Housing,"Jun 7, 2018","Stating that the tunnel-boring work in Cuffe Parade could only be done at 
night, when the traffic was minimal, the Mumbai Metro has sought...",https://serpapi.com/searches/66afcc0fa4be1090d330f38d/images/694ed57d6ea1a8f459ea92ae47a2040b26ce82b5bb96073c6c877ee61c23e276.jpeg,Cuffe Parade
9,https://www.thehindu.com/news/cities/mumbai/business/Anil-Ambani-gets-a-taste-of-daily-Mumbai-commute/article14414559.ece,Anil Ambani gets a taste of daily Mumbai commute,The Hindu,"Jun 10, 2016","After the Reliance Group's headquarters moved from Ballard Estate to Santa 
Cruz, Mr. Ambani will now spend an hour travelling everyday.",https://serpapi.com/searches/66afcc0fa4be1090d330f38d/images/694ed57d6ea1a8f474eaf403e79637dd46c2986018224926a00993117ad81410.jpeg,Cuffe Parade
10,https://housing.com/news/bombay-hc-allows-cutting-mangroves-bandra-kurla-complex-metro-station/,Bombay HC allows cutting of mangroves for Bandra-Kurla Complex metro station,Housing,"Jun 14, 2017","A Bombay High Court division bench of justices VM Kanade and MS Sonak, on 
June 13, 2017, allowed an application filed by the Mumbai Metro...",https://serpapi.com/searches/66afcc0fa4be1090d330f38d/images/694ed57d6ea1a8f443751b1bdc536c13bbe902f0fe4dad6a9bf41452d1169123.jpeg,Cuffe Parade
1,https://www.business-standard.com/article/specials/mumbai-property-rate-slide-arrested-197090201067_1.html,Mumbai Property Rate Slide Arrested,Business Standard,"Sep 2, 1997","The entry of transnationals, along with heightened industrial activity of 
the domestic private sector led to an upsurge in the demand for...",https://serpapi.com/searches/66afcc1018ca86374b5738bb/images/ff2a2b9ce6cdd2ba5d3ec0745244a1cc6013c23bdf81515f4a67774f42407a2b.png,Cuffe Parade
2,https://www.bignewsnetwork.com/news/274467363/siddhivinayak-homes-wins-prestigious-lokmat-real-estate-conclave-2024-award-for-best-township-in-navi-mumbai,Siddhivinayak Homes Wins Prestigious Lokmat Real Estate Conclave 2024 Award for Best Township in Navi Mumbai,Big News Network.com,1 week ago,"SMPL Navi Mumbai Maharashtra [India] July 24 Siddhivinayak Homes has been 
awarded the Best Township in Navi Mumbai at the Lokmat Real Estate...",https://serpapi.com/searches/66afcc1018ca86374b5738bb/images/ff2a2b9ce6cdd2ba3bc1495b2b3a146a7a8f10f8050898b076326c3ace59181e.jpeg,Cuffe Parade
1,https://www.moneycontrol.com/news/business/real-estate/wellknown-polysters-chairman-anil-gupta-buys-2-apartments-worth-rs-270-crore-in-south-mumbai-12644211.html,Wellknown Polysters Chairman Anil Gupta buys 2 apartments worth Rs 270 crore in South Mumbai,Moneycontrol,"Apr 15, 2024","This is one of the biggest residential deal in residential segment of 
Mumbai real estate market in 2024. In 2023, deal worth Rs 252 crore...",https://serpapi.com/searches/66afcc125b54ef718839fac6/images/e64771eb9154f3a579aaf8cbf764a87b97a4ffc85720d8146ddbcff588f65a6e.jpeg,Malabar Hill
2,https://www.timesnownews.com/business-economy/real-estate/rekha-jhunjhunwala-purchases-high-end-apartment-in-mumbais-malabar-hill-for-article-108725667,Rekha Jhunjhunwala Purchases High-End Apartment In Mumbai's Malabar Hill For...,Times Now,"Mar 23, 2024","This acquisition follows a recent investment move by Rekha 
Jhunjhunwala-backed Kinnteisto LLP, which had acquired prime office space 
worth...",https://serpapi.com/searches/66afcc125b54ef718839fac6/images/e64771eb9154f3a52be4a236adab4d1b3e594dd4e828f981d2799e58dfa2ec99.jpeg,Malabar Hill
3,https://www.hindustantimes.com/real-estate/nadir-godrej-purchases-three-apartments-for-rs-180-crore-in-south-mumbais-posh-malabar-hill-101718618802189.html,Nadir Godrej purchases three apartments for ₹180 crore in South Mumbai's posh Malabar Hill,Hindustan Times,1 month ago,"The three apartments purchased by Nadir Godrej of Godrej Industries in 
South Mumbai come with 12 parking spaces and have attracted a stamp...",https://serpapi.com/searches/66afcc125b54ef718839fac6/images/e64771eb9154f3a517debf5ea9130827e9e0512c0fd331e00faedfdbad68c068.jpeg,Malabar Hill
4,https://m.economictimes.com/industry/services/property-/-cstruction/nadir-godrej-family-buy-3-luxury-apartments-in-sobos-malabar-hill-for-rs-180-cr/articleshow/111062856.cms,"Nadir Godrej, family buy 3 luxury apartments in SOBO’s Malabar Hill for Rs 180 cr",The Economic Times,1 month ago,"Godrej Industries' Chairman Nadir Godrej and his family have acquired three 
sea-view luxury apartments in South Mumbai's Malabar Hill for a...",https://serpapi.com/searches/66afcc125b54ef718839fac6/images/e64771eb9154f3a55eeab57d3b4624d7ad74283446266e195aa3bfa58bec3be4.jpeg,Malabar Hill
5,https://www.mid-day.com/mumbai/mumbai-news/article/real-estate-rs-75000-a-sq-foot-worlds-priciest-garbage-dump-23337188,"Real estate Rs 75,000 a sq foot = world’s priciest garbage dump",Mid-day,"Feb 27, 2024","City's swish Malabar Hill area has a rubbish problem; debris, old furniture 
sails into the building.",https://serpapi.com/searches/66afcc125b54ef718839fac6/images/e64771eb9154f3a5d2cbafb529a1c35d1c4329a2de962e61722bd106c9b2272e.jpeg,Malabar Hill
6,https://www.gqindia.com/content/meet-the-indian-billionaire-businessman-who-bought-2-lavish-sea-facing-homes-for-rs-270-crore-in-mumbai-making-it-one-of-the-biggest-real-estate-transactions-of-2024-see-photos,"Meet the Indian billionaire businessman who bought 2 lavish sea-facing homes for Rs 270 Crore in Mumbai, making it one of the biggest real estate transactions of 2024. See photos",GQ India,"Apr 18, 2024","Mumbai's real estate market continues to witness an upward trend as another 
wealthy Indian billionaire businessman has invested a...",https://serpapi.com/searches/66afcc125b54ef718839fac6/images/e64771eb9154f3a56336b33a7f5e956a5bd980d7d32aa8c20f69e43b3cd956cd.jpeg,Malabar Hill
7,https://www.thehindubusinessline.com/news/real-estate/two-flats-in-lodha-malabar-sold-for-270-crore/article68067564.ece,Two flats in Lodha Malabar sold for ₹270 crore,The Hindu BusinessLine,"Apr 15, 2024","The demand for luxury residences continues unabated in Mumbai, the biggest 
property market in the country in terms of value.",https://serpapi.com/searches/66afcc125b54ef718839fac6/images/e64771eb9154f3a59b7945d0a984ded6d92d23170b487368ec8ad228720f54c9.jpeg,Malabar Hill
8,https://housing.com/news/nadir-godrej-buys-apartments-for-rs-180-cr-in-mumbais-malabar-hill/,Nadir Godrej buys apartments for Rs 180 cr in Mumbai’s Malabar Hill,Housing,1 month ago,"Industrialist Nadir Godrej has purchased three luxury apartments for Rs 180 
crore in Ruparel House, in south Mumbai's Malabar Hill,...",https://serpapi.com/searches/66afcc125b54ef718839fac6/images/e64771eb9154f3a51ae504b916c409cf1dd504511153d4929ae282055228a34e.jpeg,Malabar Hill
9,https://www.freepressjournal.in/business/godrej-agrovet-chief-nadir-godrej-acquires-3-luxury-apartments-in-mumbais-malabar-hill-for-180-crore-reports,Godrej Agrovet Chief Nadir Godrej Acquires 3 Luxury Apartments In Mumbai’s Malabar Hill For ₹180 Crore:,Free Press Journal,1 month ago,"Nadir Godrej, the chairperson of Godrej Agrovet, has made headlines with 
his recent purchase of 3 sea-view luxury apartments in Mumbai's...",https://serpapi.com/searches/66afcc125b54ef718839fac6/images/e64771eb9154f3a5ee1642f041bb00d60bc03100cb0bacd858b3b4976bbf1b50.jpeg,Malabar Hill
10,https://www.hindustantimes.com/cities/mumbai-news/malabar-hill-micro-market-picks-up-with-14-projects-101704135745751.html,Malabar Hill micro-market picks up with 14 projects,Hindustan Times,"Jan 2, 2024","The report threw light on 14 different projects at different stages of 
construction by 12 developers that lie in this catchment.",https://serpapi.com/searches/66afcc125b54ef718839fac6/images/e64771eb9154f3a56acf5554a9c54f18b25871ced75ccda92a479529124f0e7b.jpeg,Malabar Hill
1,https://www.moneycontrol.com/news/business/real-estate/godrej-agrovet-chief-nadir-godrej-buys-3-apartments-in-malabar-hill-for-rs-180-crore-12750615.html,Godrej Agrovet chief Nadir Godrej buys 3 apartments in Malabar Hill for Rs 180 crore,Moneycontrol,1 month ago,"The apartment, sprawling 13831 sq ft was sold at Rs 1.3 lakh per sq ft and 
is located in the posh Ruparel House. The seller is JSW Realty.",https://serpapi.com/searches/66afcc13607393a3a5914aad/images/9d666736c788e04bb55541822e52920c6fa9d91b9413d34d463db86d5a170546.jpeg,Malabar Hill
2,https://www.dnaindia.com/business/report-who-is-asha-mukul-agrawal-woman-who-bought-rs-263-crore-flats-in-mumbai-param-capital-3062837,"Who is Asha Mukul Agrawal, woman who bought Rs 263 crore flats in Mumbai?",DNA India,"Oct 3, 2023","Asha Mukul Agrawal, director of Param Capital, a capital market investment 
and trading firm, recently made a significant real estate move.",https://serpapi.com/searches/66afcc13607393a3a5914aad/images/9d666736c788e04bb64dd38e4a82a21937eb62ee8c63a603ca677ae1beba6397.jpeg,Malabar Hill
3,https://www.timesnownews.com/business-economy/real-estate/rekha-jhunjhunwalas-family-makes-massive-investment-in-12-apartments-in-sobos-walkeshwar-for-article-108746469,Rekha Jhunjhunwala's Family Makes Massive Investment In 12 Apartments In SOBO’s Walkeshwar For...,Times Now,"Mar 24, 2024","Renowned investor Rekha Jhunjhunwala and her family have made a significant 
real estate investment in Mumbai's prestigious Walkeshwar Road area.",https://serpapi.com/searches/66afcc13607393a3a5914aad/images/9d666736c788e04bd3f9d189d80356a51936a1df86067273bfbb9a77bc50123a.jpeg,Malabar Hill
4,https://housing.com/news/ready-reckoner-rate-in-malabar-hill-mumbai/,"Ready reckoner rate in Malabar Hill, Mumbai",Housing,"Jan 3, 2024","In Mumbai, the determination of circle rates falls under the purview of the 
stamps and registration department, contingent upon the market...",https://serpapi.com/searches/66afcc13607393a3a5914aad/images/9d666736c788e04bf6870b8f1a4535047f91766b0267c32299e6a97b25134722.jpeg,Malabar Hill
5,https://www.freepressjournal.in/mumbai/mumbai-premium-housing-sales-in-malabar-hill-soar-by-79-in-a-year-crossing-1-lakh-per-sq-ft-mark,Mumbai: Premium Housing Sales In Malabar Hill Soar By 79% In A Year; Crossing ₹1 Lakh Per Sq Ft Mark,Free Press Journal,"Jan 3, 2024","With top builders already active in the market, three more A-grade builders 
are in line to launch their projects.",https://serpapi.com/searches/66afcc13607393a3a5914aad/images/9d666736c788e04b9757bd16e0bb768992f76e801e331db914b45dd9a3786873.jpeg,Malabar Hill
6,https://www.hindustantimes.com/real-estate/lodha-sells-two-luxury-apartments-in-mumbai-for-rs-270-crore-101713174831918.html,Wellknown Polyester's CMD buys two luxury apartments in Mumbai for ₹270 crore,Hindustan Times,"Apr 15, 2024","Macrotech Developers has sold two apartments in its luxury project Lodha 
Malabar for ₹270 crore to the chairman and managing director of Wellknown 
Polyesters...",https://serpapi.com/searches/66afcc13607393a3a5914aad/images/9d666736c788e04be5a90bc1aab058cc1101728d9ed38bc978565e7f9d8a5f19.jpeg,Malabar Hill
7,https://housing.com/news/kumar-mangalam-birla-house/,Kumar Mangalam Birla’s Mumbai House: Facts about the 425-Cr bungalow,Housing,"Feb 21, 2024","The Jatia House in south Mumbai was purchased by Kumar Mangalam Birla for 
Rs 425 Cr after a day-long auction. Here are some key facts about...",https://serpapi.com/searches/66afcc13607393a3a5914aad/images/9d666736c788e04b5dd8aa25e60929e5efddf9270573130de43f1c58dbb5aa21.jpeg,Malabar Hill
8,https://www.hindustantimes.com/real-estate/mumbai-real-estate-all-that-you-need-to-know-about-bulk-property-deals-being-registered-in-the-financial-capital-101711611126069.html,Mumbai real estate: All that you need to know about ‘bulk’ property deals being registered in the financial capital,Hindustan Times,"Mar 28, 2024","High-net worth individuals generally look for 'bulk' real estate deals in 
the same or varied projects as an investment, for end use so that multiple 
family...",https://serpapi.com/searches/66afcc13607393a3a5914aad/images/9d666736c788e04b12293538cbfc52c6b9f68be5218afb378dfa4931c13f19e1.jpeg,Malabar Hill
9,https://www.moneycontrol.com/news/business/real-estate/param-capitals-asha-mukul-agrawal-buys-3-luxury-flats-in-mumbai-for-rs-263-crore-11460361.html,Param Capital's Asha Mukul Agrawal buys 3 luxury flats in Mumbai for Rs 263 crore,Moneycontrol,"Oct 1, 2023","These apartments are located in Lodha Malabar in Mumbai's Malabar Hill, and 
have been bought from Macrotech Developers.",https://serpapi.com/searches/66afcc13607393a3a5914aad/images/9d666736c788e04be04b3b894d3789de15d943e31199db14a6805446d7a81c3c.jpeg,Malabar Hill
10,https://housing.com/news/posh-residential-areas-in-mumbai/,Posh Areas In Mumbai With Property Prices,Housing,"Oct 16, 2023","Check out the list of posh areas in Mumbai and its suburban regions that is 
known for housing celebrities, millionaires and businessmen.",https://serpapi.com/searches/66afcc13607393a3a5914aad/images/9d666736c788e04bb4480a6d54c298f9f6cc93969f15733318b713c4fb76ffd6.jpeg,Malabar Hill
1,https://www.timesnownews.com/business-economy/real-estate/mumbais-uber-luxury-real-estate-market-jaw-dropping-apartment-sold-at-massive-rs-130-24-cr-check-out-buyers-name-article-104110523,Mumbai's Uber-Luxury Real Estate Market: Jaw-Dropping Apartment Sold At MASSIVE Rs 130.24 Cr - Check Out Buyer,Times Now,"Oct 2, 2023","In a remarkable transaction that reflects the surging demand for 
uber-luxury real estate in Mumbai, a single apartment spanning an 
expansive...",https://serpapi.com/searches/66afcc1514b2451087adfd13/images/9f3aaa132a28fd2afddc424cb20a91ae071389cb84ebb648dca900b079b2535c.jpeg,Malabar Hill
2,https://www.financialexpress.com/market/stock-investor-mukul-agrawals-wife-buys-3-ultra-luxury-flats-in-malabar-hill-3260046/,Stock investor Mukul Agrawal’s wife buys 3 ultra luxury flats in Malabar hill,The Financial Express,"Oct 1, 2023","In one of the most expensive residential property deals in the country, 
Asha Mukul Agrawal has bought three ultra luxurious apartments in...",https://serpapi.com/searches/66afcc1514b2451087adfd13/images/9f3aaa132a28fd2a111712b404d4fbd14de037f79e4a444b08d93a66e07a8ba4.jpeg,Malabar Hill
3,https://www.hindustantimes.com/cities/mumbai-news/man-posing-as-sales-executive-steals-and-sells-two-mercedes-cars-from-real-estate-developer-in-mumbai-101692300616995.html,"Malabar Hill resident sends his Mercedes cars for ‘free servicing’, finds them on sale in Pune",Hindustan Times,"Aug 18, 2023","A man posing as a sales executive from a car showroom in Mumbai took away 
two Mercedes cars from a real estate developer in Malabar Hill and...",https://serpapi.com/searches/66afcc1514b2451087adfd13/images/9f3aaa132a28fd2a257b6209e9b462d8ad3a455c5869d563e7bb3d0573a88f4f.jpeg,Malabar Hill
4,https://www.cnbctv18.com/photos/real-estate/mumbai-malabar-hill-to-lutyens-delhi-most-expensive-neighbourhoods-in-india-14222842.htm,"From Mumbai's Malabar Hill to Lutyens Delhi, a look at India's most expensive neighbourhoods",CNBC TV18,"Jul 24, 2022","No discussion on upmarket real estate is complete without the mention of 
what have by now become familiar residential locations across the...",https://serpapi.com/searches/66afcc1514b2451087adfd13/images/9f3aaa132a28fd2a768335eab3fb1113e808471493c5f99fb20d52a79130c4aa.jpeg,Malabar Hill
5,https://www.mansworldindia.com/more/news/indias-10-most-expensive-homes-sold-since-2021,10 Of India's Most Expensive Homes Sold Since 2021,Man's World India,"Jul 20, 2022","Following a report from property data aggregator Zapkey, a list of India's 
biggest property sales from 2021 to date has been revealed.",https://serpapi.com/searches/66afcc1514b2451087adfd13/images/9f3aaa132a28fd2a533dd74daca4074658291041e6d2c44b878e9e6b07fbbed0.jpeg,Malabar Hill
6,https://www.moneycontrol.com/news/business/real-estate/dmarts-radhakishan-damani-buys-malabar-hill-house-in-one-of-the-costliest-real-estate-deals-in-mumbai-6726451.html,DMart's Radhakishan Damani buys Malabar Hill house in one of the costliest real estate deals in Mumbai,Moneycontrol,"Apr 3, 2021","In one of the biggest property deals in Mumbai, DMart founder Radhakishan 
Damani and his brother Gopikishan Damani bought a Rs 1,001-crore...",https://serpapi.com/searches/66afcc1514b2451087adfd13/images/9f3aaa132a28fd2a6188f9efd0f3f139a516659af672e5f0d29f17337b7bf6d1.jpeg,Malabar Hill
7,https://www.moneycontrol.com/news/business/real-estate/bajaj-auto-chairman-niraj-bajaj-buys-triplex-in-mumbais-malabar-hill-for-rs-252-5-crore-10249871.html,Bajaj Auto Chairman Niraj Bajaj buys triplex in Mumbai’s Malabar Hill for Rs 252.5 crore,Moneycontrol,"Mar 14, 2023","In yet another large deal in Mumbai, Bajaj Auto Chairman Niraj Bajaj has 
bought a sea-facing triplex apartment from Macrotech Developers in...",https://serpapi.com/searches/66afcc1514b2451087adfd13/images/9f3aaa132a28fd2ab09bb9aa33647020a0dc0215f0d8506a15298a37c02562e6.jpeg,Malabar Hill
8,https://m.economictimes.com/industry/services/property-/-cstruction/birla-estates-acquires-prime-land-parcel-in-south-mumbais-malabar-hill/articleshow/99733290.cms,Birla Estates acquires prime land parcel in South Mumbai’s Malabar Hill,The Economic Times,"Apr 24, 2023","Birla Estates, the real estate development arm of the Aditya Birla Group, 
has acquired a prime land parcel in South Mumbai's upmarket...",https://serpapi.com/searches/66afcc1514b2451087adfd13/images/9f3aaa132a28fd2ac73e696fd06e734995fc37b228bdb4be1e7d4e2ca25a5805.jpeg,Malabar Hill
9,https://www.thehindubusinessline.com/news/real-estate/jobsforher-founder-buys-malabar-hill-flat-for-121-crore/article66754998.ece,JobsforHer founder buys Malabar Hill flat for ₹121 crore,The Hindu BusinessLine,"Apr 19, 2023","Founder and CEO of JobsforHer, Neha Bagaria has bought an apartment in 
Malabar Hill, Mumbai, for ₹121 crore.",https://serpapi.com/searches/66afcc1514b2451087adfd13/images/9f3aaa132a28fd2a65d64b419ee530bb8744bccb8b6d87f86f094f23976ad0d8.jpeg,Malabar Hill
10,https://www.moneycontrol.com/news/business/real-estate/the-rs-1000-crore-mumbai-home-that-lies-deserted-10309591.html,"The Rs 1,000-crore Mumbai home that lies deserted",Moneycontrol,"Mar 25, 2023","It cost a neat Rs 2 lakh when it was built in the late 1930s but the real 
value of this house in Mumbai's Malabar Hill lies in the history...",https://serpapi.com/searches/66afcc1514b2451087adfd13/images/9f3aaa132a28fd2a6f8cc97a729432a80246a41808f81ee67d8995b94a456e59.jpeg,Malabar Hill
1,https://www.hindustantimes.com/cities/mumbai-news/aditya-birla-s-real-estate-arm-buys-prime-land-in-mumbai-s-malabar-hill-for-luxury-residential-project-at-rs-162-30-crore-101682413460667.html,Birla Estates acquires prime land in Malabar Hill,Hindustan Times,"Apr 25, 2023","This is the second purchase by the Aditya Birla group in less than two 
weeks. On April 10, BGH Properties Ltd, a company whose directors are...",https://serpapi.com/searches/66afcc18cace96458a95d0c8/images/1f6865c9e37eda0b38d031e93b79c7cd3bdd5316437a7bdb253b979a093b2212.jpeg,Malabar Hill
2,https://www.rprealtyplus.com/news-views/birla-estates-acquires-land-for-luxury-residential-project-at-malabar-hill-mumbai-110398.html,"Birla Estates Acquires Land for Luxury Residential Project at Malabar Hill, Mumbai",Realty Plus Magazine,"Apr 25, 2023","Birla Estates Private Limited, the real estate arm of the Aditya Birla 
Group housed under Century Textiles and Industries Limited,has...",https://serpapi.com/searches/66afcc18cace96458a95d0c8/images/1f6865c9e37eda0b5f50d0e1d07ee580004fa2a75ae2f94f874b8de25d24b506.jpeg,Malabar Hill
3,https://www.businessinsider.in/india/news/indias-most-expensive-homes-dmarts-radhakishan-damanis-dream-home-cost-him-1001-crore/articleshow/92976542.cms,"India’s most expensive homes: DMart’s Radhakishan Damani’s dream home cost him ₹1,001 crore",Business Insider India,"Jul 22, 2022","Radhakishan Damani 's new house – bought for ₹1,001 crore – is located in 
the Malabar Hill area of Mumbai.",https://serpapi.com/searches/66afcc18cace96458a95d0c8/images/1f6865c9e37eda0b87e199a4e8c29c8e80d4b3ef14b60e0986fd078202a19867.jpeg,Malabar Hill
4,https://www.moneycontrol.com/news/business/real-estate/area-watch-will-luxury-homes-post-covid-bring-back-south-mumbais-charm-11060711.html,Area Watch: Will luxury homes post-COVID bring back South Mumbai’s charm?,Moneycontrol,"Jul 31, 2023","South Mumbai, once known for being among the costliest real estate markets, 
is set to witness a heavy inflow of infrastructure projects like...",https://serpapi.com/searches/66afcc18cace96458a95d0c8/images/1f6865c9e37eda0bbc56316a12b2640db1bc18ba879990a42545f9178244df71.jpeg,Malabar Hill
5,https://www.rprealtyplus.com/news-views/luxury-homes-sale-rise-by-50-in-mumbai-111535.html,Luxury Homes Sale Rise By 50% In Mumbai,Realty Plus Magazine,"Jul 25, 2023","With higher demand from industrialists, Bollywood celebs, high salaried 
employees the top luxury micro-markets in Mumbai - Worli, Malabar...",https://serpapi.com/searches/66afcc18cace96458a95d0c8/images/1f6865c9e37eda0b40e7e3e62f648b56731a6041c9a4b7fd714c4f886c45996a.jpeg,Malabar Hill
6,https://www.moneycontrol.com/news/business/real-estate/birla-estates-acquires-land-for-residential-project-at-malabar-hill-in-south-mumbai-sees-rs-600-crore-revenue-potential-10466111.html,Birla Estates acquires land for residential project at Malabar Hill in South Mumbai,Moneycontrol,"Apr 24, 2023","Birla Estates Private Limited, the real estate arm of the Aditya Birla 
Group housed under Century Textiles, on April 24 announced the...",https://serpapi.com/searches/66afcc18cace96458a95d0c8/images/1f6865c9e37eda0b2ecba03a4379ea04e8fd839b480667be7f14ceb9dd67bbb7.jpeg,Malabar Hill
7,https://www.business-standard.com/article/economy-policy/pandemic-proof-marquee-realty-soars-in-south-mumbai-here-re-the-top-buys-121040700073_1.html,"A Rs 1,001 cr house for Mr Damani and other marquee realty buys in Mumbai",Business Standard,"Apr 7, 2021","DMart promoter Radhakishan Damani has reasons besides snob value for buying 
plush Malabar Hill property, say experts.",https://serpapi.com/searches/66afcc18cace96458a95d0c8/images/1f6865c9e37eda0b958b4978c8166ce12be649c76b43708e74d74f9416057faf.jpeg,Malabar Hill
8,https://www.hindustantimes.com/india-news/luxury-flat-rush-in-mumbai-as-capital-gains-deduction-on-real-estate-limited-to-10-crore-from-saturday-101680199813543.html,Ultra-luxury Malabar Hill flats fetch ₹369.55 cr,Hindustan Times,"Mar 31, 2023","Ultra-luxury flats in Mumbai are in high demand as a new rule limiting the 
deduction on capital gains from real estate to INR10 crore...",https://serpapi.com/searches/66afcc18cace96458a95d0c8/images/1f6865c9e37eda0bf4088bf09e9541dc3f26cb790f0cd984a8571d677cef9ba7.png,Malabar Hill
9,https://m.economictimes.com/industry/services/property-/-cstruction/seeds-major-mahyco-promoter-family-buys-luxury-pad-in-sobos-malabar-hill-for-rs-122-cr/articleshow/101823574.cms,Seeds major Mahyco promoter family buys luxury pad in Mumbai's Malabar Hill for Rs 122 cr,The Economic Times,"Jul 17, 2023","In one of the most expensive property transactions, the promoter family of 
biotechnology and seeds major Maharashtra Hybrid Seeds Co...",https://serpapi.com/searches/66afcc18cace96458a95d0c8/images/1f6865c9e37eda0bbe66027674aaeb4b95f352ee6f9b2fa7825e034800899727.jpeg,Malabar Hill
10,https://housing.com/news/birla-estates-acquires-land-parcel-at-walkeshwar-malabar-hill/,Birla Estates buys land parcel at Malabar Hill’s Walkeshwar,Housing,"Apr 24, 2023","Birla Estates, the realty arm of the Aditya Birla Group, has acquired a 
land parcel in South Mumbai's Walkeshwar at Malabar Hill.",https://serpapi.com/searches/66afcc18cace96458a95d0c8/images/1f6865c9e37eda0bd6b472b0907dff3a60240eca4cabb73720e11d32910eb2f7.jpeg,Malabar Hill
1,https://m.economictimes.com/industry/services/property-/-cstruction/seeds-major-mahyco-promoter-family-buys-luxury-pad-in-sobos-malabar-hill-for-rs-122-cr/articleshow/101823574.cms,Seeds major Mahyco promoter family buys luxury pad in Mumbai's Malabar Hill for Rs 122 cr,The Economic Times,"Jul 17, 2023","In one of the most expensive property transactions, the promoter family of 
biotechnology and seeds major Maharashtra Hybrid Seeds Co...",https://serpapi.com/searches/66afcc1949ecdb22df0e44c9/images/313288a5bde22266ab27e6a852848724078733086ffe2beeec36f39d56428d04.jpeg,Malabar Hill
2,https://housing.com/news/birla-estates-acquires-land-parcel-at-walkeshwar-malabar-hill/,Birla Estates buys land parcel at Malabar Hill’s Walkeshwar,Housing,"Apr 24, 2023","Birla Estates, the realty arm of the Aditya Birla Group, has acquired a 
land parcel in South Mumbai's Walkeshwar at Malabar Hill.",https://serpapi.com/searches/66afcc1949ecdb22df0e44c9/images/313288a5bde222661735543c51b4a3ba33546c6b2defbc27cf1c423d520bedf0.jpeg,Malabar Hill
3,https://www.businesstoday.in/real-estate/story/birla-group-acquires-premium-land-for-luxury-residential-project-at-mumbais-malabar-hill-378572-2023-04-24,Birla group acquires premium land for luxury residential project at Mumbai's Malabar Hill,Business Today,"Apr 24, 2023","Birla Estates is all set to enter the super-luxury real estate market, 
following the success of Birla Niyaara in Worli.",https://serpapi.com/searches/66afcc1949ecdb22df0e44c9/images/313288a5bde222664bcb2971f2bc10147d26af8472c4be7aa88c010e4d40b614.jpeg,Malabar Hill
4,https://www.timesnownews.com/mumbai/know-who-bought-indias-costliest-apartment-worth-rs-369-crore-in-mumbais-malabar-hill-article-99140758,Know who bought India's costliest apartment worth Rs 369 crore in Mumbai's Malabar Hill,Times Now,"Mar 31, 2023","India's costliest apartment worth whopping Rs 369 crores has been bought by 
the family of industrialist JP Taparia, founder of contraceptive...",https://serpapi.com/searches/66afcc1949ecdb22df0e44c9/images/313288a5bde2226658bd96d98ea68d7a343dcc1caef4bdc48e6028a6c7376613.jpeg,Malabar Hill
5,https://www.moneycontrol.com/news/business/real-estate/mumbai-real-estate-an-iraqi-jew-opium-wars-and-indias-most-expensive-building-7743811.html,"Mumbai real estate: An Iraqi Jew, Opium wars and India’s most expensive building",Moneycontrol,"Nov 21, 2021","There is an iconic building in one of India's most expensive locations: 
Malabar Hill. It's a building called “Il Palazzo” built by the...",https://serpapi.com/searches/66afcc1949ecdb22df0e44c9/images/313288a5bde222668fcb693fc17ea912cf395e5daff2f94d681b9c75a6753e12.jpeg,Malabar Hill
6,https://housing.com/news/niraj-bajaj-buys-rs-252-2-crore-triplex-at-malabar-hill/,Niraj Bajaj buys Rs 252.2 crore triplex at Malabar hill,Housing,"Mar 15, 2023","Spread over 18000 sq ft and located on 29th, 30th and 31st floor, the 
triplex comes with 8 parking lots.",https://serpapi.com/searches/66afcc1949ecdb22df0e44c9/images/313288a5bde222663b5d04386c09d0a4d315c35f001adebf1c3783c7a730713b.jpeg,Malabar Hill
7,https://timesproperty.com/news/post/current-market-prices-per-sq-ft-in-mumbai-blid3971,Market Prices Per Square Foot in Mumbai Neighborhoods,Times Property,"Feb 24, 2023","Know the Current Market Prices Per Sq. Ft. In Mumbai. Table of Contents. 
Mumbai And Its Neighbourhoods; Major Neighbourhoods In Brief In...",https://serpapi.com/searches/66afcc1949ecdb22df0e44c9/images/313288a5bde2226643873fa40c8433cb4d5d90cc109365defa024762d1fedd9d.jpeg,Malabar Hill
8,https://www.timesnownews.com/business-economy/real-estate/whopping-rs-369-cr-this-family-buys-indias-costliest-triplex-apartment-in-south-bombays-malabar-hill-article-99112671,Whopping Rs 369 cr! This family buys India's COSTLIEST triplex apartment in South Bombay's Malabar Hill,Times Now,"Mar 30, 2023","Sea-view luxury triplex apartment - Rs 369 crore in South Mumbai's Malabar 
Hill from realty developer Lodha Group., Real Estate News - Times...",https://serpapi.com/searches/66afcc1949ecdb22df0e44c9/images/313288a5bde222666a389abc10587c3465fe4c8b1f9bf8617e66707f83c8ece4.jpeg,Malabar Hill
9,https://www.moneycontrol.com/news/business/real-estate/ex-hdfc-bank-boss-aditya-puris-family-buys-rs-50-crore-home-at-mumbais-malabar-hill-6191461.html,Ex-HDFC Bank boss Aditya Puri's family buys Rs 50-crore home at Mumbai’s Malabar Hill,Moneycontrol,"Dec 4, 2020","The high-end realty market in Maximum City seems to be getting back on 
track with uber luxury homebuyers coming forward to register their...",https://serpapi.com/searches/66afcc1949ecdb22df0e44c9/images/313288a5bde2226688b4fe91a594a8f4a1f9e37b0cba597d28d210febc15fb6c.jpeg,Malabar Hill
10,https://www.news18.com/business/kandoi-fabrics-director-buy-two-flats-for-rs-108-52-crore-in-mumbais-malabar-hill-8124307.html,"Kandoi Fabrics, Director Buy Two Flats For Rs 108.52 Crore In Mumbai's Malabar Hill",News18,"Jun 20, 2023","Mumbai's real estate market witnessed yet another high-profile deal as 
directors of Kandoi Fabrics Pvt Ltd, a renowned Indian manufacturer...",https://serpapi.com/searches/66afcc1949ecdb22df0e44c9/images/313288a5bde222663814e133ee40f2d29006e67a76bd36c02e65a3e2c69d63a9.jpeg,Malabar Hill
1,https://housing.com/news/luxury-homes-sales-in-mumbai-touch-rs-11400-cr-in-h1-cy23-report/,"Luxury homes sales in Mumbai touch Rs 11,400 cr in H1 CY’23: Report",Housing,"Jul 25, 2023","The sales of luxury housing in the primary market surged by 83% to Rs 8817 
crore in H1 2023 as compared to Rs 4816 crore in H1 2022.",https://serpapi.com/searches/66afcc1b8cd878ee6b3dfff0/images/80bc7c6d317aecab8b165a54139715328c064a12d6d97692d4a2c657cc8cdc6e.jpeg,Malabar Hill
2,https://www.freepressjournal.in/mumbai/mumbai-news-kandoi-fabrics-director-buys-two-flats-for-10852-crore-in-malabar-hill,"Mumbai News: Kandoi Fabrics, Director Buy Two Flats For ₹108.52 Crore In Malabar Hill",Free Press Journal,"Jun 20, 2023","Mumbai: Kandoi Fabrics, manufacturer and exporter of packaging fabrics, and 
one of its directors have picked up a couple of luxury...",https://serpapi.com/searches/66afcc1b8cd878ee6b3dfff0/images/80bc7c6d317aecabad5dc8ca204d612c0813e81a8bc9697f58136d05f1e4afd0.jpeg,Malabar Hill
3,https://www.livemint.com/news/india/damanis-purchase-24-luxury-properties-worth-rs-1-500-crore-in-mumbai-s-worli-in-largest-real-estate-transaction-11675604521808.html,"Damanis purchase 24 luxury properties worth ₹1,500 crore in Mumbai's Worli | Today News",mint,"Feb 5, 2023","After making the largest single residential transaction in the country's 
history by purchasing a bungalow in Mumbai's Malabar Hill for...",https://serpapi.com/searches/66afcc1b8cd878ee6b3dfff0/images/80bc7c6d317aecab3dc161e5e3eb08f89277c6ba334d4998efd23cc7c4bdedd6.jpeg,Malabar Hill
4,https://housing.com/news/rakesh-jhunjhunwala-house-inside-the-business-magnates-sprawling-mumbai-residence/,Rakesh Jhunjhunwala house: Inside the business magnate’s sprawling Mumbai residence,Housing,"Jan 3, 2023","Read on to know all about Rakesh Jhunjhunwala's House, a 14-storey 
structure under development on Malabar Hills. The tower where Rakesh...",https://serpapi.com/searches/66afcc1b8cd878ee6b3dfff0/images/80bc7c6d317aecab2114eb3be3c2ae9aeab0087db3bb88433a80d04455bc2074.jpeg,Malabar Hill
5,https://www.moneycontrol.com/news/business/real-estate/nesco-promoter-buys-a-bungalow-in-mumbai-for-rs-93-crore-7947701.html,Nesco promoter buys a bungalow in Mumbai for Rs 93 crore,Moneycontrol,"Jan 17, 2022","Situated in Malabar Hill, Laburnam House is a three-storeyed building 
spread across 9375 sq ft. The dealt shows growing demand for...",https://serpapi.com/searches/66afcc1b8cd878ee6b3dfff0/images/80bc7c6d317aecabe032d9a5a2c66eb259939753dcfb1564daf3be669e4938db.jpeg,Malabar Hill
6,https://timesofindia.indiatimes.com/city/mumbai/damanis-of-dmart-snap-up-mumbai-bungalow-for-record-1001-crore/articleshow/81892169.cms,"Damanis of DMart snap up Mumbai bungalow for record Rs 1,001 crore",Times of India,"Apr 4, 2021","In the biggest residential property transaction in the country, DMart 
founder Radhakishan Damani and his brother Gopikishan Damani have...",https://serpapi.com/searches/66afcc1b8cd878ee6b3dfff0/images/80bc7c6d317aecab22da4aa20b73ad7a7f5baff309c076d6b99366954d22661d.jpeg,Malabar Hill
7,https://www.constructionworld.in/latest-construction-news/real-estate-news/birla-estates-purchases-prime-plot-in-south-mumbai-s-malabar-hill/40421,Birla Estates purchases prime plot in South Mumbai's Malabar Hill,Construction World,"Apr 26, 2023","In the upscale South Mumbai neighbourhood of Walkeshwar in Malabar Hill, 
Birla Estates, the Aditya Birla Group's real estate development...",https://serpapi.com/searches/66afcc1b8cd878ee6b3dfff0/images/80bc7c6d317aecab70beee5043b2a156db5e4541d7d1a99e9fb6fb51103705f0.jpeg,Malabar Hill
8,https://www.constructionworld.in/latest-construction-news/real-estate-news/redevelopment-of-housing-societies-in-south-mumbai/38351,Redevelopment of housing societies in South Mumbai,Construction World,"Jan 2, 2023","In the silk stocking enclaves of south Mumbai, such as Malabar Hill, 
Walkeshwar, Nepean Sea Road, and Altamount Road, redevelopment fever...",https://serpapi.com/searches/66afcc1b8cd878ee6b3dfff0/images/80bc7c6d317aecabc2c018259c2c449fc101ca2f0b21494f859a2014d8f4743b.jpeg,Malabar Hill
9,https://www.timesnownews.com/business-economy/companies/article/dmart-s-radhakishan-damani-buys-rs-1000-crore-bungalow-in-mumbai-s-malabar-hill/740681,"DMart’s Radhakishan Damani buys Rs 1,000 crore bungalow in Mumbai’s Malabar Hill",Times Now,"Apr 3, 2021","It is one of the most expensive real estate transactions in the country's 
residential real estate market.",https://serpapi.com/searches/66afcc1b8cd878ee6b3dfff0/images/80bc7c6d317aecab0ec3386f47cfc5dc645a9ad28d6ce32d7c48a3cdfa51d0a7.jpeg,Malabar Hill
10,https://www.business-standard.com/companies/news/birla-estates-buys-land-parcel-in-mumbai-eyes-revenue-more-than-rs-600cr-123042400465_1.html,"Birla Estates buys land parcel in Mumbai, eyes revenue more than Rs 600cr",Business Standard,"Apr 24, 2023","Realty firm Birla Estates on Monday said it has purchased a land parcel in 
South Mumbai to develop a premium housing project and is...",https://serpapi.com/searches/66afcc1b8cd878ee6b3dfff0/images/80bc7c6d317aecab9ce59fbedce56429a4b810605de1d344d41ac1f868c46f51.jpeg,Malabar Hill
1,https://www.timesnownews.com/business-economy/real-estate/home-to-indian-billionaires-malabar-hills-registers-rs-93-cr-sale-of-laburnum-house-article-89088869,"Home to Indian billionaires, Malabar Hills' registers Rs 93 cr sale of Laburnum House",Times Now,"Jan 24, 2022","Laburnum House, sprawling over an area of 9375 sq ft, was owned by Amarsy 
Family until the sale last month., Real Estate News, Times Now.",https://serpapi.com/searches/66afcc1cc56d93cec060ec27/images/40982561bf008d8a9f0f2dbc91e7fd45475bf29b2545b9a4ff0888410819f418.jpeg,Malabar Hill
2,https://www.hindustantimes.com/mumbai-news/mumbai-s-posh-real-estate-surrounded-by-toxic-water/story-f1dVoh0Ozj62pjyOR8NPoI.html,"Mumbai’s posh Malabar Hill, Nariman Point surrounded by toxic water",Hindustan Times,"Feb 13, 2017","The city's most expensive real estate areas are surrounded by high levels 
of water pollution, a study by the state pollution control board...",https://serpapi.com/searches/66afcc1cc56d93cec060ec27/images/40982561bf008d8a08d270b1f379de7d2423b5b8bf7391fd8db76b4c3da9ae96.png,Malabar Hill
3,https://www.hindustantimes.com/mumbai-news/the-malabar-hill-model-of-militant-vegetarianism/story-ntzmmnLQKbAsqvMzWUj8nO.html,The Malabar Hill model of militant vegetarianism,Hindustan Times,"Aug 31, 2016","Vegetarian vigilantism is not new to this city. Read along with the beef 
ban that was imposed, this gradual “othering” of the non-vegetarian...",https://serpapi.com/searches/66afcc1cc56d93cec060ec27/images/40982561bf008d8ae7ad03b6ca63fe04184b91a080360c24367487b2bc52c428.png,Malabar Hill
4,https://www.siliconindia.com/realestate/news/costliest-property-deal-in-mumbai-fetches-rs135l-sq-ft-nid-154638.html,Costliest Property Deal In Mumbai Fetches Rs.1.35L/ Sq Ft,Siliconindia,"Sep 24, 2013","Costliest Property Deal In Mumbai Fetches Rs.1.35L/ Sq Ft - Bangalore: 
While the country's real estate market is observing sluggish growth...",https://serpapi.com/searches/66afcc1cc56d93cec060ec27/images/40982561bf008d8acea442584e5620c04959f77afef7ea1802006c3f8a184387.jpeg,Malabar Hill
1,https://www.hindustantimes.com/cities/mumbai-news/mangal-prabhat-lodha-to-hsg-societies-if-you-don-t-vote-for-modi-it-ll-be-like-a-sin-101715367676238.html,Mangal Prabhat Lodha to Mumbai housing societies: Not voting for Modi is a sin,Hindustan Times,"May 11, 2024","Mangal Prabhat Lodha urges south Mumbai residents to vote for BJP citing PM 
Modi's leadership, addresses local issues on campaign trail.",https://serpapi.com/searches/66afcc1e37b24ab6c02eee7b/images/6df807cedbdefc0ecf98e7700b222d791b83c03ba4b4739dbe30a810595e13e8.jpeg,Girgaon
2,https://www.constructionweekonline.in/business/the-odyssey-could-generate-rs-1000-cr-for-shapoorji-pallonji-real-estate,The Odyssey could generate Rs 1000 cr for Shapoorji Pallonji Real Estate,Construction Week India,"Jan 24, 2024","Shapoorji Pallonji Real Estate (SPRE) has unveiled its uber-luxury project, 
The Odyssey, situated off Marine Drive. This venture marks the...",https://serpapi.com/searches/66afcc1e37b24ab6c02eee7b/images/6df807cedbdefc0ef7ad8fd88cc498234f3b9524a8726286994f69afd63e78d2.jpeg,Girgaon
3,https://housing.com/news/mhada-releases-list-of-20-dangerous-cessed-buildings-in-mumbai/,Mhada releases list of 20 dangerous cessed buildings in Mumbai,Housing,"May 30, 2024","May 30, 2024: The Mumbai Buildings Repairs and Reconstruction Board 
(MBRRB), a unit of Maharashtra Housing and Area Development Authority...",https://serpapi.com/searches/66afcc1e37b24ab6c02eee7b/images/6df807cedbdefc0e1d74d89d9b5859b1d9c62c0d43bb0aa219a91b1c800ec487.jpeg,Girgaon
4,https://www.lokmattimes.com/mumbai/mumbai-eow-files-60-crore-fraud-case-against-builder-over-alleged-flats-for-investment-scam-a505/,Mumbai EOW Files 60 Crore Fraud Case Against Builder Over Alleged Flats-for-Investment Scam,Lokmat,"May 23, 2024","The Mumbai Economic Offences Wing (EOW) has lodged a case of fraud 
amounting to 60 crore against a builder operating in South Mumbai.",https://serpapi.com/searches/66afcc1e37b24ab6c02eee7b/images/6df807cedbdefc0e22dc975ff4534b949a37cd3a3334658ed54b93e98c15b1dd.jpeg,Girgaon
5,https://www.rprealtyplus.com/news-views/shapoorji-pallonji-unveils-uber-luxury-project-the-odyssey-in-south-mumbai-113787.html,Shapoorji Pallonji Unveils Uber-Luxury Project ‘The Odyssey’ In South Mumbai,Realty Plus Magazine,"Jan 25, 2024","With the SP Group's legacy of excellence spanning 157 years, Shapoorji 
Pallonji Real Estate (SPRE), one of India's most trusted real estate...",https://serpapi.com/searches/66afcc1e37b24ab6c02eee7b/images/6df807cedbdefc0e6d60b944713325bbbc8436c7679ebdef2f06ae3a90969944.png,Girgaon
6,https://www.businesstoday.in/latest/trends/story/mumbai-restaurant-fined-rs-25000-for-levying-a-rs-29-service-charge-on-a-customer-427705-2024-04-30,"Mumbai restaurant fined Rs 25,000 for levying a Rs 29 service charge on a customer",Business Today,"Apr 30, 2024","Yogesh S Patki filed a complaint with the South Mumbai District Consumer 
Disputes Redressal Commission against Girgaon-based Cream Centre...",https://serpapi.com/searches/66afcc1e37b24ab6c02eee7b/images/6df807cedbdefc0ec9072a67f1465d13a9b6c4fd2b0173e7350bfd69944566da.jpeg,Girgaon
7,https://www.freepressjournal.in/mumbai/mumbai-premium-housing-sales-in-malabar-hill-soar-by-79-in-a-year-crossing-1-lakh-per-sq-ft-mark,Mumbai: Premium Housing Sales In Malabar Hill Soar By 79% In A Year; Crossing ₹1 Lakh Per Sq Ft Mark,Free Press Journal,"Jan 3, 2024","With top builders already active in the market, three more A-grade builders 
are in line to launch their projects.",https://serpapi.com/searches/66afcc1e37b24ab6c02eee7b/images/6df807cedbdefc0eb4caac913d69249da81fff8d9515647c6446745f95a83429.jpeg,Girgaon
8,https://timesproperty.com/news/post/all-about-mumbai-coastal-road-project-blid6986,Mumbai's Coastal Road Project: Real Estate Buzz,Times Property,"Mar 15, 2024","Mumbai Coastal Road Project: An In-Depth Guide on Its Route, Financial 
Implications, and the Project's Influence on Local Real Estate...",https://serpapi.com/searches/66afcc1e37b24ab6c02eee7b/images/6df807cedbdefc0e193c39024d0f45782d6060b5452245501c0d06de99d24094.jpeg,Girgaon
9,https://www.hindustantimes.com/cities/mumbai-news/malabar-hill-micro-market-picks-up-with-14-projects-101704135745751.html,Malabar Hill micro-market picks up with 14 projects,Hindustan Times,"Jan 2, 2024","The report threw light on 14 different projects at different stages of 
construction by 12 developers that lie in this catchment.",https://serpapi.com/searches/66afcc1e37b24ab6c02eee7b/images/6df807cedbdefc0ea5d1c6102595100f493588d3612b9e85e5af46f06636dd16.jpeg,Girgaon
10,https://www.businesstoday.in/tech-today/video/first-drive-indias-first-undersea-tunnel-422106-2024-03-19,First Drive: India’s First Undersea Tunnel,Business Today,"Mar 19, 2024","In this segment, Tech Today's Aayush Ailawadi takes you to Mumbai Coastal 
Road that is India's first undersea tunnel.",https://serpapi.com/searches/66afcc1e37b24ab6c02eee7b/images/6df807cedbdefc0e5f1ffe1ae51f7691c6d2ee0d1ebf7aaf88f06cef635ad68b.jpeg,Girgaon
1,https://timesofindia.indiatimes.com/city/mumbai/ril-enters-commercial-real-estate-biz/articleshow/98321712.cms,RIL enters commercial real estate biz,Times of India,"Mar 1, 2023","Mumbai: Reliance Industries (RIL) is foraying into commercial real estate 
development, getting into competition with Adani Properties,...",https://serpapi.com/searches/66afcc1fc99903974ae44835/images/bd7fadcea0012574db1753d4e9134726695f29f62549e1ac20080fb8a151ce70.png,Girgaon
2,https://m.economictimes.com/industry/services/property-/-cstruction/prestige-estates-acquires-db-realtys-south-mumbai-land-parcel-for-rs-704-crore/articleshow/101676644.cms,Prestige Estates acquires DB Realty’s south Mumbai land parcel for Rs 704 crore,The Economic Times,"Jul 11, 2023","Realty developer Prestige Estates Projects' subsidiary Prestige Projects 
has acquired a prime sea-facing land parcel near Marine Lines and...",https://serpapi.com/searches/66afcc1fc99903974ae44835/images/bd7fadcea0012574891058dd856f5e97261bb2d6f16e4bcf24de595ecaf1ea8a.jpeg,Girgaon
3,https://www.livemint.com/news/india/why-would-you-buy-apartment-in-mumbai-if-nikhil-kamath-on-housing-market-11667282458832.html,Why would you buy apartment in Mumbai if..: Nikhil Kamath on housing market in India,Livemint,"Nov 2, 2022","Earlier in July, Zerodha co-founder Nikhil Kamath had tweeted the question 
to ask when investing in real estate in a series of tweets.",https://serpapi.com/searches/66afcc1fc99903974ae44835/images/bd7fadcea001257469d4428f00dfc4969b1f86f56cd35c604faf7491fb3ef524.jpeg,Girgaon
4,https://housing.com/news/ready-reckoner-rates-in-mumbai/,How to check Mumbai ready reckoner rate?,Housing,"Feb 1, 2024","Ready reckoner rates in Mumbai are the government-determined benchmarks 
below which a property can't be sold and registered in state...",https://serpapi.com/searches/66afcc1fc99903974ae44835/images/bd7fadcea0012574884db1bf9b9f2e097a66550b2e85d120734b41da329401b4.jpeg,Girgaon
5,https://www.hindustantimes.com/cities/mumbai-news/bkc-to-worli-metro-service-likely-by-late-2024-101706986537013.html,BKC to Worli metro service likely by late 2024,Hindustan Times,"Feb 4, 2024","The Mumbai Metro Rail Corporation has decided to commence services on this 
9.63-km stretch of the Metro-3 line after phase one from Aarey...",https://serpapi.com/searches/66afcc1fc99903974ae44835/images/bd7fadcea00125745763eaeb98024dee0c5f03d64ffe712f442fcdb2e1837e07.jpeg,Girgaon
6,https://housing.com/news/mumbai-metro/,"Mumbai Metro Lines: Route, map, stations and latest news",Housing,"May 28, 2024","Mumbai Metro Map: Read this article to learn about the various routes of 
the Mumbai Metro as well as other information.",https://serpapi.com/searches/66afcc1fc99903974ae44835/images/bd7fadcea00125741abe06b7c3482be4e81aa4bdcff1ebb31701fa5f864a02f6.jpeg,Girgaon
7,https://www.hindustantimes.com/cities/mumbai-news/five-arrested-for-kidnaping-extortion-attempt-of-real-estate-agent-101716577836170.html,"Five arrested for kidnaping, extortion attempt of real estate agent",Hindustan Times,"May 25, 2024","Four women and a man arrested for kidnapping and assaulting a real estate 
agent in Mumbai, demanding ₹1 lakh. Accused booked for extortion...",https://serpapi.com/searches/66afcc1fc99903974ae44835/images/bd7fadcea0012574526a5218e0acea9b044c87a7f758ce0ae8ba208d8c1edbc5.png,Girgaon
8,https://housing.com/news/top-5-ganpati-visarjan-spots-in-mumbai/,Top 5 Ganpati Visarjan spots in Mumbai,Housing,"Sep 26, 2023","Juhu Chowpatty, Girgaon Chowpatty, Shivaji Park Chowpatty are some of the 
popular Ganpati Visarjan spots in Mumbai.",https://serpapi.com/searches/66afcc1fc99903974ae44835/images/bd7fadcea001257443db216eecf5d634f315a237dddbd136cfdc65cf7c50198a.jpeg,Girgaon
9,https://www.hindustantimes.com/real-estate/centre-to-host-conference-in-mumbai-on-redressing-property-buyer-grievances-101681725967685.html,Centre to host conference in Mumbai on redressing property buyers' grievances,Hindustan Times,"Apr 17, 2023","With the real estate sector contributing around 10 per cent to the total 
cases in consumer commissions, the Department of Consumer Affairs...",https://serpapi.com/searches/66afcc1fc99903974ae44835/images/bd7fadcea0012574c96c2c63e4796466f10611536381ecb130a48241fd561ba8.jpeg,Girgaon
10,https://www.thehindubusinessline.com/news/real-estate/prestige-estates-buys-out-db-realtys-stake-in-two-projects-in-mumbai/article66910924.ece,Prestige Estates buys out DB Realty’s stake in two projects in Mumbai,The Hindu BusinessLine,"May 30, 2023","In 2021, Prestige Falcon Realty Ventures had invested in Turf Estate Joint 
Venture as a new partner with an equal share of profit and losses...",https://serpapi.com/searches/66afcc1fc99903974ae44835/images/bd7fadcea001257490c6226f399b94efb6b6f967622e1a8f604d79bfc91c0b77.jpeg,Girgaon
1,https://timesproperty.com/article/post/connectivity-is-revolutionising-real-estate-market-in-navi-mumbai-blid4277,Connectivity Is Revolutionising Real Estate Market In Navi Mumbai,Times Property,"Apr 24, 2023","Navi Mumbai's commercial market is on the rise, driving demand for 
residential properties due to improving connectivity and affordable...",https://serpapi.com/searches/66afcc213d69191c169200b4/images/8647429e08d5ceef50dc840fb3a8f94cd0f8330e56ceff9c4dc9145d74e9ea4d.jpeg,Girgaon
2,https://www.hindustantimes.com/cities/mumbai-news/real-estate-agents-will-have-to-appear-for-exams-101673465896012.html,Real estate agents will have to appear for exams,Hindustan Times,"Jan 12, 2023","Mumbai: Real estate agents, the intermediary between property seekers and 
owners in the state, will soon have to appear for exams and get a...",https://serpapi.com/searches/66afcc213d69191c169200b4/images/8647429e08d5ceefb695a65f4f469430eb9cf44db633883e4d0de96a539a8a5f.jpeg,Girgaon
3,https://www.freepressjournal.in/mumbai/mumbai-premium-housing-sales-in-malabar-hill-soar-by-79-in-a-year-crossing-1-lakh-per-sq-ft-mark,Mumbai: Premium Housing Sales In Malabar Hill Soar By 79% In A Year; Crossing ₹1 Lakh Per Sq Ft Mark,Free Press Journal,"Jan 3, 2024","With top builders already active in the market, three more A-grade builders 
are in line to launch their projects.",https://serpapi.com/searches/66afcc213d69191c169200b4/images/8647429e08d5ceef91d9b0ef532ef225b5f6112a0a5ed593b84c2ba3c3ed8350.jpeg,Girgaon
4,https://www.hindustantimes.com/cities/mumbai-news/2-dead-in-fire-at-girgaon-chowpatty-building-101701628797619.html,2 dead in fire at Girgaon chowpatty building,Hindustan Times,"Dec 4, 2023","Mother-son duo found dead in a fire in Mumbai building. Fire spread quickly 
due to wood, causing panic among residents.",https://serpapi.com/searches/66afcc213d69191c169200b4/images/8647429e08d5ceef8f3a4968f0292ffafa4abb9af84c7b80ca4fe60677e8a099.jpeg,Girgaon
5,https://www.business-standard.com/article/economy-policy/mumbai-leads-housing-market-recovery-in-q1-new-launches-rise-33-121080500019_1.html,Mumbai leads housing market recovery in Q1; new launches rise 33%,Business Standard,"Aug 5, 2021","The latest data from Knight Frank shows that property registration in the 
largest market - Mumbai Metropolitan Region - hit a decadal high...",https://serpapi.com/searches/66afcc213d69191c169200b4/images/8647429e08d5ceef271d59f216ec857eef888bb2803b5538f6a0a0e296605d4e.jpeg,Girgaon
6,https://www.cnbctv18.com/real-estate/mumbai-real-estate-market-booming-with-sharp-rise-in-sale-of-luxury-apartments-16081711.htm,Mumbai’s real estate market booming with sharp rise in sale of luxury apartments,CNBC TV18,"Mar 2, 2023","Real estate in Mumbai has been a topic of interest for many investors and 
analysts lately. The realty market in the city is still active and...",https://serpapi.com/searches/66afcc213d69191c169200b4/images/8647429e08d5ceef6694f1982df00793c13f1b6bfd06b88bc7677a8e1a78c09f.jpeg,Girgaon
7,https://indianexpress.com/article/cities/mumbai/give-timely-approvals-to-redevelop-girgaon-building-bombay-hc-authorities-8689193/,"Give timely approvals to redevelop Girgaon building, Bombay HC asks authorities",The Indian Express,"Jun 27, 2023","In a relief to eligible tenants deprived of redeveloped premises for a 
decade in a cessed property of South Mumbai's Girgaon, the Bombay...",https://serpapi.com/searches/66afcc213d69191c169200b4/images/8647429e08d5ceefaa06606b1a9a72458ec631af04cda4086f544eeea9df62da.jpeg,Girgaon
8,https://www.livemint.com/industry/how-mumbai-trans-harbour-link-mthl-road-will-be-a-game-changer-for-real-estate-explained-11704959350645.html,How Mumbai Trans Harbour Link (MTHL) road will be a game changer for real estate— Explained | Mint,mint,"Jan 13, 2024","Mumbai Trans Harbour Link (MTHL) comes as a welcome change as it will 
certainly democratise the real estate market connecting places like...",https://serpapi.com/searches/66afcc213d69191c169200b4/images/8647429e08d5ceef614e7871580271056694b15586af45642b2a07e9cf3e91a7.jpeg,Girgaon
9,https://housing.com/news/nana-nani-park-girgaon-chowpatty-mumbai/,Nana Nani Park Girgaon Chowpatty Mumbai: Main attractions,Housing,"May 23, 2023","BMC created the Nana Nani Park in Mumbai in 2002. The park has amenities, 
including walking routes and workout equipment.",https://serpapi.com/searches/66afcc213d69191c169200b4/images/8647429e08d5ceefc2aacb8ca7f826064abf2ee6c8bdb4f6c243d7cd95219bd7.jpeg,Girgaon
10,https://www.cnbctv18.com/real-estate/redevelopment-projects-are-a-huge-opportunity-in-mumbai-real-estate-market-says-hiranandani-group-16493711.htm,Redevelopment projects are a huge opportunity in Mumbai real estate market: Hiranandani Group,CNBC TV18,"Apr 27, 2023","""Half of Mumbai city has the potential for redevelopment of its real 
estate"" says Akshay Kumar, CEO of Park Lane Property Advisors in an...",https://serpapi.com/searches/66afcc213d69191c169200b4/images/8647429e08d5ceefe0d82ce7197292fbe4048de972fa39ba5b92bd19a63c4ab0.jpeg,Girgaon
1,https://www.livemint.com/industry/how-mumbai-trans-harbour-link-mthl-road-will-be-a-game-changer-for-real-estate-explained-11704959350645.html,How Mumbai Trans Harbour Link (MTHL) road will be a game changer for real estate— Explained | Mint,mint,"Jan 13, 2024","Mumbai Trans Harbour Link (MTHL) comes as a welcome change as it will 
certainly democratise the real estate market connecting places like...",https://serpapi.com/searches/66afcc2211c881fe0600d250/images/174508db064e1266f368bed8007f7a83f307c004a08cb3136b474f76526f58a1.jpeg,Girgaon
2,https://www.hindustantimes.com/cities/mumbai-news/30yearold-woman-real-estate-agent-shot-at-in-panvel-101680118859850.html,30-year-old woman real estate agent shot at in Panvel,Hindustan Times,"Mar 30, 2023","Supriya Patil was returning home in Koproli village in Uran in a car when 
she was fired at. The bullet pierced through the car's body from...",https://serpapi.com/searches/66afcc2211c881fe0600d250/images/174508db064e126662133f69961c1e3182f1fc8d52e570ba9104157aace625c5.jpeg,Girgaon
3,https://www.freepressjournal.in/mumbai/mumbai-news-average-property-price-falls-in-mmr-by-2,Mumbai News: Average Property Price In MMR Falls By 2%,Free Press Journal,"Jun 14, 2023","The average real estate prices went up in double digits across the cities 
of India except for Mumbai, where a reverse was observed with 2% fall.",https://serpapi.com/searches/66afcc2211c881fe0600d250/images/174508db064e1266187c695eec58fad6d095eb4dd30f169ae04a8669bdfb76fc.jpeg,Girgaon
4,https://www.business-standard.com/article/companies/why-mumbai-homes-are-so-expensive-115110200655_1.html,Why Mumbai homes are so expensive,Business Standard,"Nov 2, 2015","Mumbai's real estate prices are never out of the news. From the sale of 
spectacularly expensive trophy properties in South Mumbai to the...",https://serpapi.com/searches/66afcc2211c881fe0600d250/images/174508db064e12668e1d02372f1976bd600d8afc22f6986874ec254c133da4e9.jpeg,Girgaon
5,https://housing.com/news/nana-nani-park-girgaon-chowpatty-mumbai/,Nana Nani Park Girgaon Chowpatty Mumbai: Main attractions,Housing,"May 23, 2023","BMC created the Nana Nani Park in Mumbai in 2002. The park has amenities, 
including walking routes and workout equipment.",https://serpapi.com/searches/66afcc2211c881fe0600d250/images/174508db064e1266ef31294ec966aa4191d4593bbdb09c4130f2385069e06781.jpeg,Girgaon
6,https://www.newslaundry.com/2020/07/30/zee-medias-subhash-chandra-rents-out-mumbai-bungalow-to-the-chinese-consulate-according-to-real-estate-site,"Zee Media's Subhash Chandra rents out Mumbai bungalow to the Chinese Consulate, according to real estate site",Newslaundry,"Jul 30, 2020","Subhash Chandra, Rajya Sabha member and promoter of Zee Media group, has 
reportedly rented out a bungalow to the Chinese Consulate in Mumbai for a 
period of...",https://serpapi.com/searches/66afcc2211c881fe0600d250/images/174508db064e126652e951346708b284f5c1eb213e863520f0b344b2121fb9c8.jpeg,Girgaon
7,https://www.thehindubusinessline.com/news/real-estate/mondelez-india-renews-mumbai-office-lease-for-3-more-years/article66511144.ece,Mondelez India renews Mumbai office lease for 3 more years,The Hindu BusinessLine,"Feb 15, 2023","Mondelez to pay a monthly rent of ₹1 crore, which excludes car parking and 
common area maintenance charges.",https://serpapi.com/searches/66afcc2211c881fe0600d250/images/174508db064e1266dbe10058fb70d7eb474e2efba2d0ec97cd67b4f9ddc70f04.jpeg,Girgaon
8,https://www.livemint.com/news/mumbai-first-underground-metro-to-run-in-july-route-stations-schedule-11719280777148.html,"Mumbai’s first underground metro to run in July: Route, stations, schedule | Today News",mint,1 month ago,"Listed are the train timings, stations that will be covered under the 
Mumbai underground metro project and schedule.",https://serpapi.com/searches/66afcc2211c881fe0600d250/images/174508db064e126670138a188d0fd10b915ff1eca01036067f09ecd0236aac57.jpeg,Girgaon
9,https://www.timesnownews.com/business-economy/real-estate/story-behind-rakesh-jhunjhunwalas-new-luxurious-palace-in-mumbai-article-90367410,Story behind Rakesh Jhunjhunwala's new luxurious palace in Mumbai,Times Now,"Mar 22, 2022","Jhunjhunwala's new home's 4th floor has a banquet hall wherein the family 
can host large gatherings. The 8th floor has amenities like a gym...",https://serpapi.com/searches/66afcc2211c881fe0600d250/images/174508db064e12661d8b98ce7e9285edb69c6ef596739bd498e6e5375b7415fa.jpeg,Girgaon
10,https://realty.economictimes.indiatimes.com/news/industry/bmc-releases-list-of-226-dilapidated-buildings-in-mumbai/100542817,BMC releases list of 226 dilapidated buildings in Mumbai,ET Realty,"May 27, 2023","Of the 226 structures, the western suburbs account for the highest 126, 
followed by eastern suburbs with 65 and 35 in the island city,...",https://serpapi.com/searches/66afcc2211c881fe0600d250/images/174508db064e1266ccece3e5f398c0c8367579490b74b8dd5da0fcc47b34c022.jpeg,Girgaon
1,https://www.constructionworld.in/latest-construction-news/real-estate-news/redevelopment-of-housing-societies-in-south-mumbai/38351,Redevelopment of housing societies in South Mumbai,Construction World,"Jan 2, 2023","In the silk stocking enclaves of south Mumbai, such as Malabar Hill, 
Walkeshwar, Nepean Sea Road, and Altamount Road, redevelopment fever...",https://serpapi.com/searches/66afcc257d171a7f2157b2b6/images/6ce5bc72d4272df99aaed0419b4e7a7e645d89f98eb23fd03b2673c3c6f68c66.jpeg,Girgaon
2,https://housing.com/news/mhada-sends-immediate-evacuation-notice-to-15-south-mumbai-buildings/,Mhada sends immediate evacuation notice to 15 South Mumbai buildings,Housing,"Jun 6, 2023","The Maharashtra Housing and Area Development Authority (Mhada) has 
identified 15 dilapidated residential buildings in South Mumbai that are...",https://serpapi.com/searches/66afcc257d171a7f2157b2b6/images/6ce5bc72d4272df9f046dca5941dd7ac6219b36db76bb4954645286d9cd9f02b.jpeg,Girgaon
3,https://www.cnbctv18.com/real-estate/godrejs-bold-real-estate-bet-in-mumbai-a-swank-project-at-steep-prices-in-the-suburbs-5327201.htm,Godrej RKS: Why Mumbai's most audaciously-priced real estate project can succeed,CNBC TV18,"Feb 20, 2020","As a long-time witness to scores of real estate projects in Mumbai over the 
years, I have reduced the number of visits to new projects.",https://serpapi.com/searches/66afcc257d171a7f2157b2b6/images/6ce5bc72d4272df9e68ec12617ea414fbd3263fb0cac1c6d2f432dfff659802a.jpeg,Girgaon
4,https://www.hindustantimes.com/mumbai-news/1-781-acres-of-salt-pans-to-be-opened-up-for-real-estate/story-oRUFOw9V9meOAp27Usj7rI.html,"1,781 acres of salt pans spread across Mumbai to be opened up for real estate",Hindustan Times,"Aug 20, 2019","Salt pans are crucial to Mumbai's ecology, as according to a 2016 Mumbai 
Metropolitan Reg-ion Development Authority report, they safeguard...",https://serpapi.com/searches/66afcc257d171a7f2157b2b6/images/6ce5bc72d4272df9954dbfd5c9ac90e0a1709e53d08df6b40a828a5b7fa38097.png,Girgaon
5,https://housing.com/news/navi-mumbai-property-market-overview/,Navi Mumbai property market: An overview,Housing,"Feb 23, 2017","Mumbai, not being able to keep up with the rapid growth of population, has 
undergone major expansion and Navi Mumbai is one planned township...",https://serpapi.com/searches/66afcc257d171a7f2157b2b6/images/6ce5bc72d4272df9760314f601a08f3353505fafee4543dc0e59d23c11b49db9.jpeg,Girgaon
6,https://www.zeebiz.com/india/news-matunga-mumbai-s-real-estate-market-has-this-hidden-jewel-know-what-all-this-region-has-92768,Matunga: Mumbais real estate market has this hidden jewel - Know what all this region has,Zee Business,"Apr 3, 2019","Matunga is one of the prime locations in Mumbai. This prime central suburb 
has easy accessibility over the central, western and harbour...",https://serpapi.com/searches/66afcc257d171a7f2157b2b6/images/6ce5bc72d4272df90e07c6a684aea86a86fcbed7c1cd475a80be9bc668346069.jpeg,Girgaon
7,https://housing.com/news/mumbai-dcpr-2034-solve-real-estate-problems/,Mumbai DCPR 2034: Can it solve Mumbai’s real estate problems?,Housing,"Nov 3, 2020","The current Development Plan for Mumbai, has several positives and is a 
step in the right direction, but implementation of some of the...",https://serpapi.com/searches/66afcc257d171a7f2157b2b6/images/6ce5bc72d4272df91217bdf0a03e8535f90401767983c10a8ff18adf38d04d47.jpeg,Girgaon
8,https://www.freepressjournal.in/mumbai/freeway-coastal-roadtwintunnel-deadline-for-longest-road-tunnel-of-mumbai-declared,"By mid-2027, tunnel will connect the Eastern Freeway with Coastal Road in south Mumbai",Free Press Journal,"Jan 1, 2023","The work on the tunnel comprising 2+2 lanes to begin this year; it will be 
the longest road tunnel in Mumbai.",https://serpapi.com/searches/66afcc257d171a7f2157b2b6/images/6ce5bc72d4272df909d1f33c5a9a864e54c9559389155b68892d05280f6683f3.jpeg,Girgaon
9,https://mumbaimirror.indiatimes.com/mumbai/cover-story/chowpatty-building-that-houses-crystal-back-on-the-market/articleshow/17855234.cms,Chowpatty building that houses Crystal back on the market,Mumbai Mirror,"Oct 26, 2012","A sea-facing building at Girgaum Chowpatty that houses the well-known 
Crystal restaurant is back on the market less than three years after...",https://serpapi.com/searches/66afcc257d171a7f2157b2b6/images/6ce5bc72d4272df963377014089f326fba0a738de768bd0d9406e4cb67c8fd6d.jpeg,Girgaon
10,https://www.freepressjournal.in/legal/bombay-hc-to-tenants-in-girgaum-building-redevelopment-case-either-choose-mhada-or-a-new-developer,Bombay HC to tenants in Girgaum building redevelopment case: Either choose MHADA or a new developer,Free Press Journal,"Mar 17, 2023","44 tenants are out of their homes since 2013 have and not been paid transit 
rent.",https://serpapi.com/searches/66afcc257d171a7f2157b2b6/images/6ce5bc72d4272df982fbe242f8d46feccd6b3e13c90407dde59987369a4ef3da.jpeg,Girgaon
1,https://media.biltrax.com/indias-tallest-towers-aaradhya-avaan-tardeo-mumbai/,"India’s Tallest Towers – Aaradhya Avaan, Tardeo, Mumbai",Biltrax Media,"Apr 9, 2024","This project involves the development of India's tallest residential 
towers, Aaradhya Avaan, soaring 1000 feet (70 floors) in Tardeo,...",https://serpapi.com/searches/66afcc2c5b54ef70dda05c86/images/e9c749c90cf3aeeb0561ca7d26e4d6f804c0f98cf961d7400334dbb34aa1df5d.jpeg,Tardeo
2,https://www.livemint.com/companies/oberoi-realty-to-redevelop-land-in-mumbais-tardeo-expects-2-5-lakh-sq-ft-of-free-sale-component-11695834018843.html,"Oberoi Realty to redevelop land in Mumbai's Tardeo, expects 2.5 lakh sq ft of free sale component | Company Business News",mint,"Sep 27, 2023","The plot of the land, which is to be redeveloped, is adjoining a property 
already being redeveloped by Oberoi Realty in a joint venture,...",https://serpapi.com/searches/66afcc2c5b54ef70dda05c86/images/e9c749c90cf3aeebc3c621abef572ec1ac2bd157246451a061744928cf311efc.jpeg,Tardeo
3,https://realty.economictimes.indiatimes.com/news/industry/oberoi-realty-to-develop-13450-sq-meters-land-in-mumbai/104004914,"Oberoi Realty to develop 13,450 sq meters land in Mumbai",ET Realty,"Sep 28, 2023","Oberoi Realty: Currently, there are structures on the said land which are 
tenanted by Municipal Corporation of Greater Mumbai in favour of...",https://serpapi.com/searches/66afcc2c5b54ef70dda05c86/images/e9c749c90cf3aeebe0d2382f3a64d5e5de62656bf98fb8b0079ddd2ec2846e71.jpeg,Tardeo
4,https://www.ndtvprofit.com/business/biz-oberoi-realty-2,"Oberoi Realty Enters Into Agreement To Develop, Redevelop 13,450 Sqm Land Parcel In Mumbai",NDTV Profit,"Sep 27, 2023","Oberoi Realty has entered into an agreement to develop and redevelop 13,450 
square meter in Mumbai. The land parcel at Tardeo, Mumbai City,...",https://serpapi.com/searches/66afcc2c5b54ef70dda05c86/images/e9c749c90cf3aeebc0dc79c8c4bed7e89275473f24dd7d30f6bdd359784674ee.jpeg,Tardeo
5,https://www.moneycontrol.com/news/business/real-estate/oberoi-realty-to-redevelop-land-in-mumbais-tardeo-area-11442881.html,Oberoi Realty to redevelop land in Mumbai’s Tardeo area,Moneycontrol,"Sep 28, 2023","The company expects this project to generate a free sale component of 
around 2.5 lakh sq ft.",https://serpapi.com/searches/66afcc2c5b54ef70dda05c86/images/e9c749c90cf3aeeb9033f7bf3d276fcac3f0f1ac03a375ef14bbc58058d60350.jpeg,Tardeo
6,https://www.rprealtyplus.com/amp/interviews/tardeo-mumbais-preferred-luxury-real-estate-market-108291.html,Tardeo: Mumbai’s Preferred Luxury Real Estate Market,Realty Plus Magazine,"Nov 5, 2022","Tardeo: Mumbai's Preferred Luxury Real Estate Market ... Out of the most 
premium residential areas in South Mumbai, Tardeo is one of the most lavish 
and expensive...",https://serpapi.com/searches/66afcc2c5b54ef70dda05c86/images/e9c749c90cf3aeeb0be43175cc35648a5cdcdf7c3d39ab22ebb45b36b25aa236.jpeg,Tardeo
7,https://www.cnbctv18.com/real-estate/oberoi-realty-to-redevelop-prime-land-in-mumbais-tardeo-17897851.htm,Oberoi Realty to redevelop prime land in Mumbai's Tardeo,CNBC TV18,"Sep 27, 2023","At present, the land hosts existing structures, which are occupied by the 
Municipal Corporation of Greater Mumbai. Shares of Oberoi Realty...",https://serpapi.com/searches/66afcc2c5b54ef70dda05c86/images/e9c749c90cf3aeeb5d4a652432692d3a0141b935e2fc71a18add07fa5a94b904.jpeg,Tardeo
8,https://www.freepressjournal.in/mumbai/mumbai-man-infraconstruction-launches-aaradhya-avaan-project-in-tardeo-touted-to-be-indias-tallest-building-with-at-1000-feet-height,Mumbai: Man Infraconstruction Launches Aaradhya Avaan Project In Tardeo; Touted To Be Indias Tallest Building,Free Press Journal,"Nov 20, 2023","Aaradhya Avaan is anticipated to have total saleable carpet area of sale of 
6.5 lakh sq ft and constructed area of more than 18 lakh sq ft.",https://serpapi.com/searches/66afcc2c5b54ef70dda05c86/images/e9c749c90cf3aeeb4b0df646f5236f755da3a01f13cad052bfa5f181cd7dbddf.jpeg,Tardeo
9,https://www.constructionworld.in/latest-construction-news/real-estate-news/oberoi-realty-expands-in-tardeo-/44967,Oberoi Realty expands in Tardeo,Construction World,"Sep 28, 2023","""Oberoi Realty has officially entered into an agreement for the development 
and redevelopment of a sizable plot of land,...",https://serpapi.com/searches/66afcc2c5b54ef70dda05c86/images/e9c749c90cf3aeeb964696512a1c0f5e70292e6428ff6e85cac8e15bc6f1329b.jpeg,Tardeo
10,https://www.timesnownews.com/mumbai/more-than-1000-feet-tall-south-mumbai-may-soon-house-indias-tallest-building-article-105376950,"More Than 1,000 Feet Tall: South Mumbai May Soon House India's Tallest Building",Times Now,"Nov 21, 2023","MICL's Aaradhya Avaan project at Tardeo in South Mumbai has a planned 
height of more than 1000 feet. The current tallest building in India...",https://serpapi.com/searches/66afcc2c5b54ef70dda05c86/images/e9c749c90cf3aeebe563e1cb30cd293ea1e7a67d98fa9f9c439b607fded87209.jpeg,Tardeo
1,https://media.biltrax.com/kalpataru-to-redevelop-4-acre-housing-society-in-mumbais-andheri/,Kalpataru to redevelop 4 Acre Housing Society in Mumbai’s Andheri,Biltrax Media,"May 2, 2024","Kalpataru Ltd has acquired the rights to redevelop a large housing society in Andheri Lokhandwala, Mumbai, over nearly 4 Acres.",https://serpapi.com/searches/66afcc2f3bea7b89026bfb47/images/20c59ee2118afe7a863392403bc5bf03c41690045fe78c1a6c9e5231dc3f4343.jpeg,Tardeo
2,https://www.hindustantimes.com/real-estate/tardeo-in-south-mumbai-india-s-most-expensive-residential-location-in-primary-market-report/story-yAqwfDSPOncgwfBr9j4iEP.html,"Tardeo in South Mumbai, India’s most expensive residential location in primary market: Report",Hindustan Times,"Sep 9, 2019",Worli and Mahalaxmi in Mumbai Metropolitan Region (MMR) are placed at second and third positions with average housing prices of Rs 41500 and...,https://serpapi.com/searches/66afcc2f3bea7b89026bfb47/images/20c59ee2118afe7a7c2154b10a0ae2b354e9c6c6087594e2735a945c27ce1c7f.png,Tardeo
3,https://www.moneycontrol.com/news/business/real-estate/indias-tallest-building-in-mumbai-micl-aims-over-rs-8000-cr-revenue-potential-from-3-projects-11774181.html,"India's tallest building in Mumbai? MICL aims over Rs 8,000 cr revenue potential from 3 projects",Moneycontrol,"Nov 20, 2023","MICL has launched the project, Aaradhya Avaan, at Tardeo in southern Mumbai, which has a planned height of more than 1000 feet.",https://serpapi.com/searches/66afcc2f3bea7b89026bfb47/images/20c59ee2118afe7ac0bcc01d5ac342d20d128b842388caca98808f364764d806.jpeg,Tardeo
4,https://www.hindustantimes.com/cities/mumbai-news/mhada-enters-luxury-housing-segment-in-mumbai-with-flats-priced-at-up-to-7-58-crore-drawing-a-huge-response-in-a-recent-lottery-101684870584803.html,MHADA goes posh with ₹7.58 cr home up for sale,Hindustan Times,"May 24, 2023","Luxe properties in various categories are available in Tardeo, Juhu and Dadar Luxe properties in various categories are available in Tardeo,...",https://serpapi.com/searches/66afcc2f3bea7b89026bfb47/images/20c59ee2118afe7a28cedccfd630d8901dfea382ccf91dfb390cf3e8b476940c.jpeg,Tardeo
5,https://www.rprealtyplus.com/news-views/vdv-developers-manhattan-styled-apartment-project-in-tardeo-mumbai-110075.html,VDV Developer’s Manhattan-Styled Apartment Project in Tardeo Mumbai,Realty Plus Magazine,"Mar 30, 2023","The Altitude,' developed by VDV Developers, and Bhalchandra Walanju, a seasoned architect and designer is one-of-a-kind Manhattan-styled...",https://serpapi.com/searches/66afcc2f3bea7b89026bfb47/images/20c59ee2118afe7ab5c1ee65ed6369e6631f97f94e2cc3766c2fad0d3b9854b1.jpeg,Tardeo
6,https://www.moneycontrol.com/news/business/real-estate/mc-weekend-guide-are-new-york-style-loft-apartments-the-future-of-mumbai-real-estate-market-10540361.html,MC weekend guide: Are New York-style loft apartments the future of Mumbai real estate market?,Moneycontrol,"May 7, 2023","The Mumbai real estate market, which has been witnessing new launches consistently post the COVID-19 pandemic has seen some unique apartment...",https://serpapi.com/searches/66afcc2f3bea7b89026bfb47/images/20c59ee2118afe7a0773f967146c87711dd953b631596cd2448ca6e9fea6a0f7.jpeg,Tardeo
7,https://www.hindustantimes.com/cities/mumbai-news/costliest-mhada-flat-for-mla-mps-has-no-takers-101698867085704.html,Costliest MHADA flat for MLA-MPs has no takers,Hindustan Times,"Nov 2, 2023","A plush flat in Mumbai's expensive housing market, worth ₹7.57 crore, is struggling to find a buyer despite being subsidised for MPs and...",https://serpapi.com/searches/66afcc2f3bea7b89026bfb47/images/20c59ee2118afe7a936ae7d4f8a2675379fbe1a74e15ef804a3fd97b7af17af8.jpeg,Tardeo
8,https://www.hindustantimes.com/cities/mumbai-news/mla-surrenders-expensive-mumbai-flat-due-to-financial-reasons-opening-opportunity-for-minister-of-state-for-finance-101692991153756.html,BJP MLA surrenders MHADA lottery flat at Tardeo for financial reasons,Hindustan Times,"Aug 26, 2023","The High-Income Group (HIG) flat has a carpet area of 1531 square feet and was the only house reserved for sitting and former MPs,...",https://serpapi.com/searches/66afcc2f3bea7b89026bfb47/images/20c59ee2118afe7ad58509fffd7e1107b753a629651a504840de215ff9ec2d2f.jpeg,Tardeo
9,https://www.forbesindia.com/article/special/mumbais-tardeo-is-costliest-luxury-home-area-for-primary-market-report/55185/1,Mumbai's Tardeo Is Costliest Luxury Home Area For Primary Market: Report,Forbes India,"Sep 9, 2019","According to a new study by Anarock Property Consultants, Tardeo tops the list, followed by the city's Worli and Mahalaxmi areas in the...",https://serpapi.com/searches/66afcc2f3bea7b89026bfb47/images/20c59ee2118afe7af6c272453730db78ac3ec825d9c212b765f544eef4cd8ecc.jpeg,Tardeo
10,https://media.biltrax.com/avighna-group-to-invest-inr-1000-crore-to-develop-residential-real-estate-in-mumbai/,"Avighna Group to invest INR 1,000 Cr to develop residential project in Mumbai",Biltrax Media,"May 8, 2023",Avighna Group has announced its plans to expand its residential portfolio in Mumbai's Worli area by developing two ultra-luxury residential...,https://serpapi.com/searches/66afcc2f3bea7b89026bfb47/images/20c59ee2118afe7a790aee66e32af503456565e71018df1e5ae7928a185716f1.jpeg,Tardeo
1,https://www.hindustantimes.com/cities/mumbai-news/mangal-prabhat-lodha-to-hsg-societies-if-you-don-t-vote-for-modi-it-ll-be-like-a-sin-101715367676238.html,Mangal Prabhat Lodha to Mumbai housing societies: Not voting for Modi is a sin,Hindustan Times,"May 11, 2024","Mangal Prabhat Lodha urges south Mumbai residents to vote for BJP citing PM 
Modi's leadership, addresses local issues on campaign trail.",https://serpapi.com/searches/66afcc2f9f55b3d7635052b5/images/aea28a3f4107bfc92a6cbe46b2101bcea42a70209afcf7b502d579e75d96da91.jpeg,Tardeo
2,https://www.ndtvprofit.com/business/south-mumbai-s-tardeo-india-s-costliest-residential-location-in-primary-market-anarock,South Mumbai’s Tardeo India’s Costliest Residential Location In Primary Market: Anarock,NDTV Profit,"Sep 8, 2019","South Mumbai's Tardeo is India's costliest residential location, commanding 
a staggering Rs 56000 per sq ft average rate for homes available...",https://serpapi.com/searches/66afcc2f9f55b3d7635052b5/images/aea28a3f4107bfc9908c6089261aee93dfa7a0dfe107b0943bdff8a5b8325869.jpeg,Tardeo
3,https://m.economictimes.com/industry/services/property-/-cstruction/south-mumbais-tardeo-leads-indias-top-10-expensive-primary-housing-locations/articleshow/71047073.cms,South Mumbai’s Tardeo leads India’s top 10 expensive primary housing locations,The Economic Times,"Sep 9, 2019","South Mumbai's Tardeo locality has emerged as the country's most expensive 
luxury residential location in the primary (first sale by...",https://serpapi.com/searches/66afcc2f9f55b3d7635052b5/images/aea28a3f4107bfc9462f82658cb83c1d15d51cc184396126f2f3fa4f490462f4.jpeg,Tardeo
4,https://www.livemint.com/industry/infrastructure/south-mumbai-s-tardeo-india-s-costliest-residential-location-in-primary-market-anarock-1567961987043.html,South Mumbai's Tardeo India's costliest residential location in primary market: Anarock | Mint,mint,"Sep 8, 2019","South Mumbai's Tardeo is India's costliest residential location, commanding 
a staggering ₹56,000 per sq ft average rate for homes available...",https://serpapi.com/searches/66afcc2f9f55b3d7635052b5/images/aea28a3f4107bfc96d90552cefa02f2e65d12d19a85c0c19826c617ce2102d84.jpeg,Tardeo
5,https://www.moneycontrol.com/news/business/real-estate/mumbais-rush-for-premium-flats-continues-with-rs-64-48-crore-tardeo-deal-6709851.html,Mumbai’s rush for premium flats continues with Rs 64.48 crore Tardeo deal,Moneycontrol,"Mar 30, 2021","Mumbai's super-rich are buying properties in droves days before the cut in 
stamp duty lapses. The number of deals registered this month are...",https://serpapi.com/searches/66afcc2f9f55b3d7635052b5/images/aea28a3f4107bfc9487b4883fd75f2e5daecfd44aaa5993be338443eff776e58.jpeg,Tardeo
6,https://indianexpress.com/article/cities/mumbai/south-mumbais-tardeo-is-indias-most-expensive-luxury-housing-location-5981245/,South Mumbai’s Tardeo is India’s most expensive luxury housing location,The Indian Express,"Sep 10, 2019","AT AN average price of R 56,000 per sq ft, south Mumbai's Tardeo is India's 
most expensive luxury housing location in the primary...",https://serpapi.com/searches/66afcc2f9f55b3d7635052b5/images/aea28a3f4107bfc9200d17480dcaf5845a4d2ad6576583bde40069943af6672c.jpeg,Tardeo
7,https://indianexpress.com/article/cities/mumbai/eow-books-goa-real-estate-company-three-directors-in-rs-14-9-cr-fraud-case-8671662/,"EOW books Goa real estate company, three directors in Rs 14.9 cr fraud case",The Indian Express,"Jun 19, 2023","THE ECONOMIC Offenses Wing of Mumbai Police has registered a case of 
cheating against a Goa-based real estate company and its three...",https://serpapi.com/searches/66afcc2f9f55b3d7635052b5/images/aea28a3f4107bfc950be0a2f9daca3ace7e2deae6713dce0ff7fd4812b551a2f.jpeg,Tardeo
8,https://www.prittleprattlenews.com/business/tardeo-pin-code-to-south-mumbais-premium-real-estate/,Tardeo: Pin code to South Mumbai’s premium real estate market that drips luxury,Prittle Prattle News,"Nov 2, 2022","Altamount Road in Tardeo is one of those costliest homes to extraordinary 
business tycoons in the city for which it is called a...",https://serpapi.com/searches/66afcc2f9f55b3d7635052b5/images/aea28a3f4107bfc986221cc5b2ecaf694e052041c2ac65a44b48a5fad7ed9951.jpeg,Tardeo
9,https://housing.com/news/posh-residential-areas-in-mumbai/,Posh Areas In Mumbai With Property Prices,Housing,"Oct 16, 2023","Check out the list of posh areas in Mumbai and its suburban regions that is 
known for housing celebrities, millionaires and businessmen.",https://serpapi.com/searches/66afcc2f9f55b3d7635052b5/images/aea28a3f4107bfc9947dac56144e20744b6d951407eaac7873656be7cb387b79.jpeg,Tardeo
10,https://www.moneycontrol.com/news/business/real-estate/an-upstart-from-mumbai-dares-to-go-for-indias-tallest-building-11863461.html,An upstart from Mumbai dares to go for India’s tallest building,Moneycontrol,"Dec 6, 2023","India is far from having structures that are on the list of highest 
skyscrapers. The most famous Indian building to make the headlines was...",https://serpapi.com/searches/66afcc2f9f55b3d7635052b5/images/aea28a3f4107bfc9815352069b51bbf4355b47a6a22a791cbbd582962ca0f88f.jpeg,Tardeo
1,https://www.moneycontrol.com/news/business/real-estate/mhada-lottery-2023-bjp-mla-narayan-kuche-declared-winner-for-costliest-rs-7-57-crore-south-mumbai-apartment-11185551.html,MHADA lottery 2023: BJP MLA Narayan Kuche declared winner for costliest Rs 7.57 crore South Mumbai...,Moneycontrol,"Aug 14, 2023","The Maharashtra Housing and Area Development Authority (MHADA) on August 14 
announced BJP MLA Narayan Kuche as the winner of the costliest...",https://serpapi.com/searches/66afcc31e93ff493e6d74a60/images/c29e7b3b182b6cc08f8a27f49fd0e68b93cec3e1dcaeddcd572199bddbea6180.jpeg,Tardeo
2,https://www.hindustantimes.com/cities/mumbai-news/bjp-mla-narayan-kuche-wins-mumbai-s-most-expensive-flat-in-mhada-lottery-101692037658608.html,BJP MLA Narayan Kuche wins costliest MHADA flat in Mumbai,Hindustan Times,"Aug 14, 2023","Narayan Kuche, a BJP MLA, won Mumbai's most expensive flat, priced at ₹7.57 
crore, in the MHADA lottery. He plans to take a loan to pay for...",https://serpapi.com/searches/66afcc31e93ff493e6d74a60/images/c29e7b3b182b6cc007490e3a12a093d1fd947593b12a6d5ce6b1b937b8430c41.jpeg,Tardeo
3,https://www.freepressjournal.in/mumbai/mumbai-talmakiwadi-one-of-the-oldest-co-operative-housing-colonies-plans-for-self-redevelopment,"Mumbai: Talmakiwadi, One Of The Oldest Co-Operative Housing Colonies, Plans For Self-Redevelopment",Free Press Journal,1 month ago,"One of the oldest co-operative housing colonies in Mumbai, Talmakiwadi in 
Tardeo, is planning to go for reconstruction under the...",https://serpapi.com/searches/66afcc31e93ff493e6d74a60/images/c29e7b3b182b6cc046c420e4783c609adfd1fd8625a1cdaec1b3071deddf2a16.jpeg,Tardeo
4,https://www.business-standard.com/article/markets/mumbai-s-tardeo-most-expensive-luxury-residential-location-in-india-report-119090900427_1.html,Mumbai's Tardeo most expensive luxury residential location in India: Report,Business Standard,"Sep 9, 2019","Tardeo in Mumbai has emerged as the costliest location, followed by Worli 
and Mahalakshmi, which command a price of Rs 41500 and Rs 40000...",https://serpapi.com/searches/66afcc31e93ff493e6d74a60/images/c29e7b3b182b6cc09ab19c5b706bdd47454fe990a33e02f8e00e57a5f2519991.jpeg,Tardeo
5,https://business.outlookindia.com/real-estate/ten-most-expensive-housing-locations-in-india-3542,Ten Most Expensive Housing Locations in India,Outlook India,"Sep 11, 2019","luxury properties in Tardeo come with an astronomical average price tag of 
Rs 56200 per square foot.",https://serpapi.com/searches/66afcc31e93ff493e6d74a60/images/c29e7b3b182b6cc0d835545badcf0857d5f5dcfadf37dfbdfcb69fc06b626823.jpeg,Tardeo
6,https://mumbaimirror.indiatimes.com/mumbai/other/tardeo-most-expensive-hsg-location-in-mumbai/articleshow/71057334.cms,Tardeo most expensive hsg location in Mumbai,Mumbai Mirror,"Sep 10, 2019","Tardeo in South Mumbai has toped the list of the 10 most expensive housing 
locations across India, a research report by Anarock Property Consultants 
said on...",https://serpapi.com/searches/66afcc31e93ff493e6d74a60/images/c29e7b3b182b6cc08097e63b7151d251151ec4358ab05ea5ef2715b51b68bde4.jpeg,Tardeo
7,https://www.moneycontrol.com/news/business/real-estate/mhada-lottery-2023-4083-apartments-on-sale-in-first-lottery-in-4-years-for-mumbai-starting-at-rs-24-lakh-10638491.html,"MHADA lottery 2023: 4,083 apartments on sale in first lottery in 4 years for Mumbai starting at Rs 24 lakh",Moneycontrol,"May 22, 2023","For the first time in around four years, the Maharashtra Housing and Area 
Development Authority (MHADA) has put on sale 4,083 apartments in...",https://serpapi.com/searches/66afcc31e93ff493e6d74a60/images/c29e7b3b182b6cc06394a17566f813986a09e2f9891a4604bc2f7d9867e8e85a.jpeg,Tardeo
8,https://www.hindustantimes.com/real-estate/india-poshest-areas-data-reveals-tardeo-and-other-surprises/story-rGEijEXdtnQJbU5RuAJQFL.html,India’s poshest areas? Data reveals Tardeo and other surprises,Hindustan Times,"Oct 11, 2019","While Tardeo ranks high on the list of India's most expensive property, 
neighbourhoods from Chennai, Hyderabad, Bangalore, Delhi and Pune also make 
it to the...",https://serpapi.com/searches/66afcc31e93ff493e6d74a60/images/c29e7b3b182b6cc0c8c5c35011da1373bb3f68c2ba1e908816b98480d5eb05b6.png,Tardeo
9,https://www.moneycontrol.com/news/photos/india/10-most-expensive-housing-locations-in-india-south-mumbais-tardeo-takes-top-spot-4441661.html,10 most expensive housing locations in India; South Mumbai's Tardeo takes top spot,Moneycontrol,"Sep 24, 2019","The list includes the top 10 most expensive residential location in the 
primary residential real estate market, as per a report by real...",https://serpapi.com/searches/66afcc31e93ff493e6d74a60/images/c29e7b3b182b6cc0be51dc469c4649858fcabd05b0ec025a422530bf097b7465.jpeg,Tardeo
10,https://www.india.com/maharashtra/mhada-lottery-2023-deadline-to-apply-for-homes-in-mumbai-extended-vikhroli-antop-hill-goregaon-dadar-wadala-andheri-kandivali-malad-6133858/,MHADA Lottery 2023: Deadline To Apply for Homes in Mumbai Extended | Check New Date Here,India.Com,"Jun 26, 2023","MHADA Lottery 2023: The last date to apply for the Mumbai MHADA Lottery 
2023 has been extended by the Maharashtra Housing and Area...",https://serpapi.com/searches/66afcc31e93ff493e6d74a60/images/c29e7b3b182b6cc0985ce45eb0b5de5f0280091f5d8e8ab1bd49fc676e3b57f2.jpeg,Tardeo
1,https://www.moneycontrol.com/news/business/real-estate/mhada-lottery-2023-results-for-4000-mostly-affordable-homes-to-be-announced-on-august-14-11137011.html,"MHADA lottery 2023: Results for 4,000 mostly affordable homes to be announced on August 14",Moneycontrol,"Aug 10, 2023","The Maharashtra Housing and Area Development Authority (MHADA) is set to 
announce the results of the MHADA lottery 2023 on August 14.",https://serpapi.com/searches/66afcc32aef264f594d846da/images/c86b09a863c6011c287ed5ca1a918bae00ed52d0827bbb62ed31e4460cda4c77.jpeg,Tardeo
2,https://housing.com/news/mhada-lottery-2023-mumbai-to-offer-4083-units/,"Mhada lottery 2023 Mumbai lucky draw on August 14, 2023",Housing,"Aug 14, 2023","Registration starts May 22, 2023, and the last date to pay EMD for Mhada 
lottery 2023 Mumbai is June 26, 2023.",https://serpapi.com/searches/66afcc32aef264f594d846da/images/c86b09a863c6011c04de15765437f3fac1ae50f035fab3573fce379d49594adc.jpeg,Tardeo
3,https://www.timesnownews.com/business-economy/real-estate/mhada-lottery-2023-over-4000-flats-for-sale-in-mumbai-after-four-years-check-registration-date-price-online-application-and-more-article-100424840,"MHADA Lottery 2023: Over 4,000 Flats for Sale in Mumbai After Four Years | Check Registration Date, Price, Onl",Times Now,"May 22, 2023","The Mumbai Housing and Area Development Authority (MHADA) has announced the 
sale of more than 4000 flats in Mumbai, marking the first time...",https://serpapi.com/searches/66afcc32aef264f594d846da/images/c86b09a863c6011c4059ae7334e8f0c88a736f4ad58bc8f95a00cff9596ea679.jpeg,Tardeo
1,https://www.hindustantimes.com/cities/mumbai-news/hc-removes-builder-who-delayed-development-of-prime-bmc-plot-in-byculla-101718392969702.html,HC removes builder who delayed development of prime BMC plot in Byculla,Hindustan Times,1 month ago,"The composite redevelopment will cover 11 dilapidated municipal tenanted 
chawls and the rehabilitation of 523 slum dwellers who have...",https://encrypted-tbn0.gstatic.com/images?q=tbn:ANd9GcQVa_Jn_OTuxdHgQlQ9ZoF9Axn-Z7o7pH-DvsvTnrhrP51DLwDaWdeTpXU&usqp=CAI&s,Byculla
2,https://timesofindia.indiatimes.com/city/mumbai/mumbai-underground-new-metro-to-link-byculla-crawford-fort-and-gateway/articleshow/107771346.cms,"Mumbai underground new metro to link Byculla, Crawford, Fort and Gateway",Times of India,"Feb 17, 2024","Mumbai's second underground metro corridor, Wadala-CSMT Metro 11, has had 
its route realigned to serve Byculla, Fort and the Gateway of...",https://serpapi.com/searches/66afcc32437af25d8afe0895/images/34e2ba987884a12bae01a4e69ccb2e3e1177899f0e5688d4b5ffa3bd57c3ff36.jpeg,Byculla
3,https://housing.com/news/posh-residential-areas-in-mumbai/,Posh Areas In Mumbai With Property Prices,Housing,"Oct 16, 2023","Check out the list of posh areas in Mumbai and its suburban regions that is 
known for housing celebrities, millionaires and businessmen.",https://serpapi.com/searches/66afcc32437af25d8afe0895/images/34e2ba987884a12b77136c3f74e5f213f30d5e392c8f395a030d65c5490aa037.jpeg,Byculla
4,https://www.freepressjournal.in/mumbai/bombay-hc-stays-demolition-of-spindle-units-of-mafatlal-industries-at-byculla,Bombay HC Stays Demolition Of Spindle Units Of Mafatlal Industries At Byculla,Free Press Journal,"Apr 2, 2024","The state, the BMC and the developer have been restrained from razing the 
spindle unit building and from using any of its FSI.",https://serpapi.com/searches/66afcc32437af25d8afe0895/images/34e2ba987884a12b1d12cb016916a167ade7df2c758bbd5d502c5f878935a27c.jpeg,Byculla
5,https://www.prnewswire.com/in/news-releases/monte-south-byculla-receives-oc-till-51st-floor-of-tower-1-301823040.html,"Monte South, Byculla receives OC till 51st floor of Tower 1",PR Newswire,"May 12, 2023","MUMBAI, India, May 12, 2023 /PRNewswire/ -- Marathon Group and Adani Realty 
announced that Monte South, their luxury joint venture project...",https://encrypted-tbn0.gstatic.com/images?q=tbn:ANd9GcSY_XAIDJfyu2LR2858WPpmwJgzO7eNPih5L_Xj4lg&usqp=CAI&s,Byculla
6,http://www.msn.com/en-in/money/markets/real-estate-news-shahid-kapoor-spends-60-41-crore-to-buy-another-posh-apartment-in-mumbai/ar-BB1nazDh?apiversion=v2&noservercache=1&domshim=1&renderwebcomponents=1&wcseo=1&batchservertelemetry=1&noservertelemetry=1,Real Estate News: Shahid Kapoor spends ₹60.41 crore to buy another posh apartment in Mumbai,MSN,1 month ago,"Shahid Kapoor and Mira Kapoor bought a sea-view apartment in Mumbai's Worli 
area for over ₹60.41 crore, including stamp duty. The 24th-floor 
apartment,...",https://encrypted-tbn0.gstatic.com/images?q=tbn:ANd9GcTbuwSZt2_wUPrjsCQ0WX5OjN1OeBuz-t3K-pUaF90gLHO7ICUmYWtY4h8&usqp=CAI&s,Byculla
7,https://www.rprealtyplus.com/realty-spotlight/mumbai-real-estate-an-upcycle-awaits-107296.html,MUMBAI REAL ESTATE AN UPCYCLE AWAITS,Realty Plus Magazine,"Aug 12, 2022","Mumbai's real estate sector registered its best July in a decade, despite 
the rise in interest rates.",https://serpapi.com/searches/66afcc32437af25d8afe0895/images/34e2ba987884a12b9ae5848f5f923b59010ba31918b5a0d368704957d7f939d1.jpeg,Byculla
8,https://m.economictimes.com/industry/services/property-/-cstruction/brookfield-takes-over-peninsula-lands-residential-project-in-mumbais-byculla/articleshow/77023919.cms,Brookfield takes over Peninsula Land’s residential project in Mumbai’s Byculla,The Economic Times,"Jul 17, 2020","MUMBAI: Global alternative investment manager Brookfield Asset Management 
has taken over realty developer Peninsula Land's equity stake in...",https://serpapi.com/searches/66afcc32437af25d8afe0895/images/34e2ba987884a12bb363a1afbd15db0ddbfcd218a890b9f25e933bcd1e5d0c59.jpeg,Byculla
9,https://housing.com/news/mumbai-fire-brigade-organises-annual-fire-drill-competition-2023-24/,Mumbai Fire Brigade organises Annual Fire Drill Competition 2023-24,Housing,"Apr 17, 2024","The final round of the competition was held on April 16, 2024, at the 
Mumbai Fire Brigade Headquarters in Byculla.",https://serpapi.com/searches/66afcc32437af25d8afe0895/images/34e2ba987884a12b672983c545f0888b092797126f340a0ab0484fdd34757fd9.jpeg,Byculla
10,https://www.livemint.com/Companies/0fWtJWMSkRVCtQFrd8IwxJ/Byculla-Mumbais-newest-residential-hot-spot.html,Byculla: Mumbai’s newest residential hot spot | Company Business News,mint,"May 11, 2016","Several top real estate developers have announced residential projects in 
Byculla.",https://encrypted-tbn0.gstatic.com/images?q=tbn:ANd9GcSViFEdu0ypkfnvoujJvAnis42kMmghETM26LuEDdTau4rJJf0xPdRKWpI&usqp=CAI&s,Byculla
1,https://www.latestly.com/india/news/paras-porwal-mumbai-based-real-estate-developer-commits-suicide-by-jumping-off-23rd-floor-of-high-rise-building-4355729.html,"Paras Porwal, Mumbai-Based Real Estate Developer, Commits Suicide by Jumping Off 23rd Floor of High Rise",LatestLY,"Oct 20, 2022","Police later found a suicide note at the 57-year-old builder's gym in which 
it was mentioned that nobody was responsible for his death and...",https://serpapi.com/searches/66afcc3538242794796194de/images/239cfe80c25e5eb414405d81e67daafcc709dbc9b50ac760fb9b908b1960b15d.jpeg,Byculla
2,https://www.prnewswire.com/in/news-releases/adani-realty-and-marathon-group-complete-first-phase-of-mega-luxury-residential-project-in-byculla-847883036.html,Adani Realty and Marathon Group complete first phase of mega luxury residential project in Byculla,PR Newswire,"Aug 17, 2021","MUMBAI, India, Aug. 17, 2021 /PRNewswire/ -- Adani Realty and Marathon 
Group have announced the receipt of the occupation certificate for...",https://serpapi.com/searches/66afcc3538242794796194de/images/239cfe80c25e5eb47e6dd8eb877a8fd0f6da8b92de3f8524e0479902c79a8740.jpeg,Byculla
3,https://mumbaimirror.indiatimes.com/others/sunday-read/boom-town/articleshow/68340039.cms,Boom Town,Mumbai Mirror,"Mar 10, 2019","Byculla is on the cusp of a transformation, thanks to mega real estate and 
infrastructure projects, and new cultural hubs coming up.",https://serpapi.com/searches/66afcc3538242794796194de/images/239cfe80c25e5eb4cf1cf3a494f3a3a6b33dc3c67cc7d1b34c47f87fce19c747.jpeg,Byculla
4,https://m.economictimes.com/industry/services/property-/-cstruction/here-is-why-you-must-buy-a-home-at-piramal-aranya-in-byculla-now/articleshow/93636360.cms,Here is why you must buy a home at Piramal Aranya in Byculla now!,The Economic Times,"Aug 18, 2022","Not only is Byculla transitioning into a premium address in Mumbai, but 
Piramal Aranya has also smartly combined old-world charm with...",https://serpapi.com/searches/66afcc3538242794796194de/images/239cfe80c25e5eb4a0cd17755cc183bed7aaf130012649d8b2e48d8ebaf75bec.jpeg,Byculla
5,https://www.rprealtyplus.com/news-views/peninsula-lands-salsette27-project-receives-green-building-certification-114351.html,Peninsula Land’s Salsette27 Project Receives Green Building Certification,Realty Plus Magazine,"Mar 12, 2024","Salsette27, a sought-after residential project managed and marketed by 
Peninsula Land Limited (Promoter - Goodtime Real Estate Development...",https://serpapi.com/searches/66afcc3538242794796194de/images/239cfe80c25e5eb49dfcc70b92069659292532f979a59745e9c6b141e391616e.jpeg,Byculla
6,https://www.freepressjournal.in/mumbai/mumbai-achieves-12-year-high-in-june-property-registrations,Mumbai Achieves 12-Year High In June Property Registrations,Free Press Journal,1 month ago,"This upsurge can be attributed to rising economic prosperity and a 
favourable sentiment towards homeownership, Knight Frank said in its...",https://serpapi.com/searches/66afcc3538242794796194de/images/239cfe80c25e5eb493b38bfcadb359075a5d2d6ffc2de42bd0beae880c03d179.jpeg,Byculla
7,https://www.hindustantimes.com/cities/mumbai-news/at-byculla-jail-a-radio-show-hosted-by-one-of-their-own-rj-warms-hearts-101706467900513.html,"At Byculla jail, a radio show hosted by ‘one of their own’ RJ warms hearts",Hindustan Times,"Jan 29, 2024","The radio service was inaugurated on December 22, 2023, following the state 
prison department's decision to expand radio services to all...",https://serpapi.com/searches/66afcc3538242794796194de/images/239cfe80c25e5eb42d68f8be5c4006c8fd63b2bc951868405bf7348a44bd2a79.jpeg,Byculla
8,https://housing.com/news/byculla-an-old-mumbai-neighbourhood-reclaims-its-elite-roots/,Byculla: An old Mumbai neighbourhood reclaims its elite roots,Housing,"Dec 16, 2021","This timeless region of old Mumbai is embracing urban renewal, to reclaim 
its rightful status on the city's map. Aided by excellent connectivity...",https://serpapi.com/searches/66afcc3538242794796194de/images/239cfe80c25e5eb409ba49a93f3ed85420bc005d96bb00812e5eb3db91a5af81.jpeg,Byculla
9,https://m.economictimes.com/industry/services/property-/-cstruction/prestige-estates-furthers-mumbai-expansion-plan-acquires-land-parcel-in-byculla/articleshow/85762769.cms,"Prestige Estates furthers Mumbai expansion plan, acquires land parcel in Byculla",The Economic Times,"Aug 30, 2021","Realty developer Prestige Group has acquired a 2.16-acre land parcel in 
south Mumbai's Byculla locality for Rs 185 crore as part of its plan...",https://serpapi.com/searches/66afcc3538242794796194de/images/239cfe80c25e5eb43c1e7877f6517bf151e0dde1a76f0e09264bbb0784c413e2.jpeg,Byculla
10,https://housing.com/news/mumbais-mahalaxmi-a-preferred-choice-for-elite-home-buyers/,Mumbai’s Mahalaxmi: A preferred choice for elite home buyers,Housing,"Jun 4, 2021","As working professionals spend more time at home during these volatile 
times, in the aftermath of the COVID-19 pandemic, they feel a greater...",https://serpapi.com/searches/66afcc3538242794796194de/images/239cfe80c25e5eb4f9fbdedf8a6ab15834ff82aec7760ca14b15d178d22b33ca.jpeg,Byculla
1,https://housing.com/news/mumbais-mahalaxmi-a-preferred-choice-for-elite-home-buyers/,Mumbai’s Mahalaxmi: A preferred choice for elite home buyers,Housing,"Jun 4, 2021","As working professionals spend more time at home during these volatile 
times, in the aftermath of the COVID-19 pandemic, they feel a greater...",https://serpapi.com/searches/66afcc360b5062d32979b0bb/images/9a4f1f3fb3cc8cae22b0ff939bfe4360f89a4a227e955c6fd4dbe39bea0c153b.jpeg,Byculla
2,https://www.hindustantimes.com/real-estate/piramal-realty-eyes-rs-3-500-crore-investment-in-construction-over-next-two-years-says-ceo-101671978826958.html,"Piramal Realty eyes ₹3,500 cr investment in construction over next two years",Hindustan Times,"Dec 25, 2022","Piramal Realty is developing around 12000 apartments, covering 13 million 
square feet area, in phases across four residential projects in...",https://serpapi.com/searches/66afcc360b5062d32979b0bb/images/9a4f1f3fb3cc8caeb479e2ea75ef0ad5ceface787808c89ce0c83ff96953fb96.jpeg,Byculla
3,https://www.livemint.com/Companies/Gth1Yt99cb6x8s6JAypldJ/Brookfield-to-invest-Rs450-crore-in-Peninsula-Lands-Mumbai.html,Brookfield to invest Rs450 crore in Peninsula Land’s Mumbai project | Company Business News,mint,"Sep 24, 2016","The Peninsula Land deal in Byculla, Mumbai, marks Brookfield's first 
investment in a residential project in India from its new $9 billion...",https://serpapi.com/searches/66afcc360b5062d32979b0bb/images/9a4f1f3fb3cc8caee0fbadc28a8308b491896aaadffb9e63d4eac3af4ef349d5.jpeg,Byculla
4,https://www.hindustantimes.com/cities/mumbai-news/rustom-baug-in-byculla-celebrates-centenary-year-101675429159160.html,Rustom Baug in Byculla celebrates centenary year,Hindustan Times,"Feb 3, 2023","Built by Bai Jerbai Wadia in memory of her late son, the residential 
colony, continues to be a 'self-contained' thriving community centre...",https://serpapi.com/searches/66afcc360b5062d32979b0bb/images/9a4f1f3fb3cc8cae0eb02fdf9a7f481c5fe36dd871e4a5172693d02332f7630a.jpeg,Byculla
5,https://m.economictimes.com/industry/services/property-/-cstruction/godrej-properties-inks-joint-venture-with-db-realty-to-develop-a-property-in-mumbais-byculla/videoshow/96511556.cms,Godrej Properties inks joint venture with DB Realty to develop a property in Mumbai's Byculla,The Economic Times,"Dec 26, 2022","Godrej Properties has entered into a JV with Neelkamal Realtors Tower 
Private Limited (NRTPL) which is a wholly-owned subsidiary of DB...",https://serpapi.com/searches/66afcc360b5062d32979b0bb/images/9a4f1f3fb3cc8caeba65f0e8147490e7c38138cde2740dc16e7784ffee69b8e9.jpeg,Byculla
6,https://m.economictimes.com/industry/services/property-/-cstruction/cdsl-buys-46000-sq-ft-office-in-mumbais-lower-parel-for-rs-163-crore/articleshow/96338580.cms,"CDSL buys 46,000 sq ft office in Mumbai’s Lower Parel for Rs 163 crore",The Economic Times,"Dec 19, 2022","The developer Marathon Nextgen Realty has also launched a commercial tower 
in Mulund suburb of Mumbai and is planning another commercial...",https://serpapi.com/searches/66afcc360b5062d32979b0bb/images/9a4f1f3fb3cc8caeffff2d266f27750cb5bcb589c429439b6afba98f3576f2c5.jpeg,Byculla
7,https://www.khaleejtimes.com/property/piramal-realty-seeks-nri-buyers-for-mumbai-homes,Piramal Realty seeks NRI buyers for Mumbai homes,Khaleej Times,"Jun 3, 2016","Piramal Realty may be a relative newcomer in the Mumbai real estate 
circles, but with a backing of $434 million from global private equity...",https://serpapi.com/searches/66afcc360b5062d32979b0bb/images/9a4f1f3fb3cc8cae28953624719d20d03e2037a9f7fabb5c0996aab5e8cc7ca7.jpeg,Byculla
8,https://housing.com/news/peninsula-land-launches-tower-luxury-project-salsette-27-byculla/,"Peninsula Land launches ‘Tower A’ of its luxury project Salsette 27, in Byculla",Housing,"Feb 9, 2018","Peninsula Land Limited has announced the launch of 'Tower A', at its luxury 
project Salsette 27, in Byculla, Mumbai, which will offer 256...",https://serpapi.com/searches/66afcc360b5062d32979b0bb/images/9a4f1f3fb3cc8caeccbe373bba4d77f1b5ec3170a76c493ca61b7dfe99256137.jpeg,Byculla
9,https://www.india.com/maharashtra/mhada-lottery-2023-deadline-to-apply-for-homes-in-mumbai-extended-vikhroli-antop-hill-goregaon-dadar-wadala-andheri-kandivali-malad-6133858/,MHADA Lottery 2023: Deadline To Apply for Homes in Mumbai Extended | Check New Date Here,India.Com,"Jun 26, 2023","MHADA Lottery 2023: The last date to apply for the Mumbai MHADA Lottery 
2023 has been extended by the Maharashtra Housing and Area...",https://serpapi.com/searches/66afcc360b5062d32979b0bb/images/9a4f1f3fb3cc8caef2efae3300bf3dc20faefbdb54f4984a4aa8a276d587e264.jpeg,Byculla
10,https://housing.com/news/vasai-virar-mumbais-affordable-destination/,Vasai-Virar: Mumbai’s affordable destination,Housing,"Nov 9, 2022","In the present slowdown in the real estate market, Vasai-Virar is one 
region in the Mumbai metropolitan region that has shown consistent...",https://serpapi.com/searches/66afcc360b5062d32979b0bb/images/9a4f1f3fb3cc8caefd6db164f390cec49a17e7d090026d803b286f0a9a6e648c.jpeg,Byculla
1,https://www.businesstoday.in/news-reel/video/major-fire-breaks-out-at-gst-bhavan-in-mumbais-byculla-248920-2020-02-17,Major fire breaks out at GST Bhavan in Mumbai's Byculla,Business Today,"Feb 17, 2020","A massive level-4 fire broke out on Monday in GST Bhavan at Maharana Pratap 
Chowk in Mumbai's Byculla area. Several people are feared...",https://serpapi.com/searches/66afcc381baebb073454fce0/images/d41e1ce5ad6dbb9f09e9ff5855154899949ffe9994f04044761343f17a9d83a4.jpeg,Byculla
2,https://www.firstpost.com/mumbai/tug-of-war-over-byculla-zoo-land-finally-comes-to-an-end-623577.html,Tug-of-war over Byculla zoo land finally comes to an end,Firstpost,"Feb 13, 2013","Amidst a sustained lull in the realty sector, the final approval for the 
redevelopment of the 14-acre Mafatlal Mill land in Mumbai's Byculla...",https://serpapi.com/searches/66afcc381baebb073454fce0/images/d41e1ce5ad6dbb9f5c6adae0417a3d387e56550a2f801f1508fe9d43f4c57fe0.jpeg,Byculla
3,https://www.apnnews.com/marathon-group-and-adani-realty-jointly-venture-project-at-byculla/,Marathon Group and Adani Realty jointly venture project at Byculla,APN News,"May 24, 2018","Mumbai: As the real estate market continues to improve every passing day, 
the impact is being seen on the luxury property market of the city...",https://serpapi.com/searches/66afcc381baebb073454fce0/images/d41e1ce5ad6dbb9f3aafae67ed237b678e99f92ecf8e1910ce9693c0c9707f9e.jpeg,Byculla
4,https://housing.com/news/piramal-realty-launches-premium-residential-project-mahalaxmi-south-mumbai/,"Piramal Realty launches premium residential project in Mahalaxmi, south Mumbai",Housing,"Mar 28, 2018","Piramal Realty has announced the launch of a premium residential project, 
Piramal Mahalaxmi, at Mahalaxmi in south Mumbai, offering two and...",https://serpapi.com/searches/66afcc381baebb073454fce0/images/d41e1ce5ad6dbb9f56ada739996a8146e31c205642da512fc1998c44b3f3329c.jpeg,Byculla
5,https://housing.com/news/ready-reckoner-rate-in-bandra-kurla-complex-mumbai/,"Ready reckoner rate in Bandra Kurla Complex, Mumbai",Housing,"Feb 13, 2024","To check the ready reckoner rates in Bandra Kurla Complex, Mumbai, one can 
visit the official portal of IGR Maharashtra.",https://serpapi.com/searches/66afcc381baebb073454fce0/images/d41e1ce5ad6dbb9fd525581e90db6588951ed8dfdbcba425e23f587098ca3f04.jpeg,Byculla
6,https://housing.com/news/chembur-industrial-suburb-prime-property-market/,Chembur: From an industrial suburb to a prime property market,Housing,"May 16, 2017","The suburb of Chembur, in Mumbai, has witnessed a sea change over several 
years. There are many under-construction and ready projects in the...",https://serpapi.com/searches/66afcc381baebb073454fce0/images/d41e1ce5ad6dbb9fd74976e0c3777b76a92bf30b537f94ea72f1b46cafdbfb78.jpeg,Byculla
7,https://www.lokmattimes.com/mumbai/mumbai-byculla-police-register-fir-for-misuse-of-ambulance-siren-without-emergency-a505/,Mumbai: Byculla Police Register FIR for Misuse of Ambulance Siren Without Emergency,Lokmat Times,2 weeks ago,"The Byculla police have filed an FIR against an ambulance crew for using 
the siren without cause. Upon inspection, officers found that the...",https://serpapi.com/searches/66afcc381baebb073454fce0/images/d41e1ce5ad6dbb9fc05bf2951fe3fe8779e085554a20e8ab5a71fb39c80187b4.jpeg,Byculla
8,https://www.news18.com/india/mhada-lottery-2023-application-deadline-for-affordable-housing-in-mumbai-pushed-to-july-10-8194711.html,MHADA Lottery 2023: Application Deadline For Affordable Housing In Mumbai Pushed To July 10,News18,"Jun 29, 2023","MHADA Lottery 2023: These apartments are located across different areas of 
Mumbai including Vikhroli, Antop Hill, Malad, Byculla, Tardeo,...",https://serpapi.com/searches/66afcc381baebb073454fce0/images/d41e1ce5ad6dbb9f619f7bf2cd1f75c459b697d51633a01adcb15cdb5481e409.jpeg,Byculla
9,https://mumbaimirror.indiatimes.com/mumbai/cover-story/govt-puts-rs-400-cr-on-table-for-land-in-byculla-mulund-for-affordable-housing/articleshow/16186095.cms,"Govt puts Rs 400 cr on table for land in Byculla, Mulund for affordable housing",Mumbai Mirror,"Dec 6, 2011","The state government has offered to pay Richardson & Cruddas, a defuct 
engineering company headquartered in Mumbai, Rs 400 to 500 crore for...",https://serpapi.com/searches/66afcc381baebb073454fce0/images/d41e1ce5ad6dbb9f9b8711c51a4850e4877eee77e7c6acddcbf7914b3a4a0935.jpeg,Byculla
10,https://housing.com/news/mumbais-166-year-old-byculla-railway-station-to-undergo-restoration/,Mumbai’s 166-year-old Byculla railway station to undergo restoration,Housing,"Feb 15, 2019","As part of the move, dumping yards near Byculla station would be converted 
into gardens. “This historic railway station is in a dire need of...",https://serpapi.com/searches/66afcc381baebb073454fce0/images/d41e1ce5ad6dbb9f29b4a44a676ab10e5d782d74bcc61afb4ad2f741ffd64c3b.jpeg,Byculla
1,https://housing.com/news/jaipur-dlc-rate/,Jaipur DLC rates increased by 10% from April 1,Housing,"Apr 3, 2024","The district level committee rate in Jaipur has been increased by 10% in 
Jaipur from April 1, 2024. Check details.",https://serpapi.com/searches/66afcc39224db1b5d2c4add6/images/f62090d9fab8a41e46986163cceecb371df87671cd01677b6a6ae431ec5c55ef.jpeg,Byculla
2,https://m.economictimes.com/wealth/personal-finance-news/ap-groups-peninsula-land-to-buy-5-acres-of-mumbai-mill-land-for-over-rs-600-cr/articleshow/22022299.cms,AP Group's Peninsula Land to buy 5 acres of Mumbai mill land for over Rs 600 cr,The Economic Times,"Aug 24, 2013","MUMBAI: Ashok Piramal Group-promoted real estate company, Peninsula Land, 
is acquiring five acres of mill land at Byculla in central Mumbai...",https://serpapi.com/searches/66afcc39224db1b5d2c4add6/images/f62090d9fab8a41e66bf8d0d9c8513ed07fda65e7989ab01e723c66e468a77bc.jpeg,Byculla
3,https://housing.com/news/ready-reckoner-rates-in-mumbai/,How to check Mumbai ready reckoner rate?,Housing,"Feb 1, 2024","Ready reckoner rates in Mumbai are the government-determined benchmarks 
below which a property can't be sold and registered in state...",https://serpapi.com/searches/66afcc39224db1b5d2c4add6/images/f62090d9fab8a41eae0ae34bbf2fcd57ecbed8bad88e56a0adde4f8f556b45d5.jpeg,Byculla
4,https://housing.com/news/life-in-chembur-queen-of-the-eastern-suburbs-but-pollution-a-concern/,Life in Chembur: Queen of the eastern suburbs but pollution a concern,Housing,"Mar 13, 2019","Kala Suresh, a freelance business communication trainer and a resident of 
Mumbai's Chembur for 20 years, shares her experience of living in...",https://serpapi.com/searches/66afcc39224db1b5d2c4add6/images/f62090d9fab8a41e86b70d6978463d1d8d6cdddd26d6b0bf598157fd6f4bbd60.jpeg,Byculla
5,https://housing.com/news/mumbais-tallest-buildings/,Top 15 tallest buildings in Mumbai,Housing,"Sep 18, 2023","Mumbai is home to skyscrapers and vertical development is the norm here. 
Today, there are more than 4,000 tall Mumbai buildings and many...",https://serpapi.com/searches/66afcc39224db1b5d2c4add6/images/f62090d9fab8a41eecb47434dbc285ea5ceed458e359727a1cfcf10c47f1e291.jpeg,Byculla
6,https://indianexpress.com/article/india/mumbai-collector-questions-ok-to-parking-near-zoo-byculla-buildings-4424200/,Mumbai collector questions OK to parking near zoo,The Indian Express,"Dec 13, 2016","The Mumbai Collector has questioned the grant of additional building rights 
to a subsidiary of a real estate major for construction of a...",https://serpapi.com/searches/66afcc39224db1b5d2c4add6/images/f62090d9fab8a41eaf8840641c06ac73721db6df35f59481a29846f66dcf6f13.jpeg,Byculla
7,https://indianexpress.com/article/cities/mumbai/mafatlal-industries-sells-7acre-land-near-byculla-zoo-for-rs-605-crore/,Mafatlal Industries sells 7-acre land near Byculla zoo for Rs 605 crore,The Indian Express,"Jun 19, 2011","Amidst a sustained lull in the realty sector,Mafatlal Industries has closed 
a Rs 605-crore deal for its seven-acre textile mill land at...",https://serpapi.com/searches/66afcc39224db1b5d2c4add6/images/f62090d9fab8a41e13187496cf0556afbb6838328bc4abdb979efec89211ac37.jpeg,Byculla
8,https://housing.com/news/134-bus-route-mumbai-backbay-bus-depot-to-thackeray-udyan/,134 Bus route Mumbai: P Thackeray Udyan to Backbay Bus Depot,Housing,"May 29, 2023","Check out the schedule, stops for the 134 bus route in Mumbai that can be 
used for traveling from P Thackeray Udyan to Backbay depot.",https://serpapi.com/searches/66afcc39224db1b5d2c4add6/images/f62090d9fab8a41ec9532f59550dc9ff9c39156cdaf0bff3ca95eae5811ac936.jpeg,Byculla
9,https://housing.com/news/thakur-complex-property-market-overview/,Thakur Complex property market: An overview,Housing,"May 9, 2017","Thakur Complex, a locality in the western part of Mumbai, is primarily a 
residential area. The highlight of this locality is its...",https://serpapi.com/searches/66afcc39224db1b5d2c4add6/images/f62090d9fab8a41ecbd93ad85392b7bdc2321f1969c76596095804755c44f799.jpeg,Byculla
10,https://housing.com/news/cluster-based-redevelopment-approach-the-need-of-the-hour-for-cities-like-mumbai/,Cluster-based redevelopment approach: The need of the hour for cities like Mumbai,Housing,"Jul 22, 2021","With many parts of old Mumbai in dire need of a makeover, vis-à-vis housing 
and infrastructure, cluster-based redevelopment could provide...",https://serpapi.com/searches/66afcc39224db1b5d2c4add6/images/f62090d9fab8a41ea401e6a3e82d3704187561ab8c0bb317389077da38e7c80c.jpeg,Byculla
1,https://www.constructionweekonline.in/projects-tenders/9363-marathon-group-and-adani-realty-jv-launch-monte-south,Marathon Group and Adani Realty JV launch Monte South,Construction Week India,"Mar 16, 2019","Marathon Group and Adani Realty launched the 2nd tower of their premium 
residential project at Byculla – Monte South.",https://serpapi.com/searches/66afcc39969c08a3eae5a25f/images/54db6001f919049ca83bae4903a04da656d4cb8ab8b94b4e809adb66774fbc99.jpeg,Byculla
1,https://www.hindustantimes.com/real-estate/twinkle-khanna-rents-two-apartments-for-rs-1-85-lakh-per-month-in-mumbai-101721124294511.html,Twinkle Khanna rents two apartments for ₹1.85 lakh per month in Mumbai,Hindustan Times,3 weeks ago,"Twinkle Khanna and her sister Rinke Khanna have rented two flats in 
Mumbai's Khar area at a starting rent of ₹1.85 lakh for five years,...",https://serpapi.com/searches/66afcc3c96f5d728b47c6b76/images/de7f7502b442857988bbff79ee1acf06072bce7843d3125fe3ae831dc492b254.jpeg,Khar
2,https://www.rprealtyplus.com/news-views/actor-john-abraham-buys-mumbai-property-for-over-rs-70-cr-113481.html,Actor John Abraham Buys Mumbai Property For Over Rs 70 Cr,Realty Plus Magazine,"Jan 2, 2024","The 51-year-old actor-producer John Abraham who is also an astute investor 
in many realty projects and companies apart from being a sports...",https://serpapi.com/searches/66afcc3c96f5d728b47c6b76/images/de7f7502b44285790f9632fabe4260063870ecc8dfac37f1bf213604fa9dbd4c.jpeg,Khar
3,https://www.timesnownews.com/business-economy/real-estate/bollywood-star-john-abraham-buys-bungalow-in-mumbais-khar-know-price-and-other-details-article-106465131,Bollywood Star John Abraham Buys Bungalow In Mumbai's Khar - Know Price And Other Details,Times Now,"Jan 2, 2024","Bollywood actor John Abraham has recently made a significant real estate 
investment, acquiring a bungalow located on Linking Road, Khar,...",https://serpapi.com/searches/66afcc3c96f5d728b47c6b76/images/de7f7502b442857917805f9efda6e29c5a6b46ffb8d76cd143597f17701cb2b8.jpeg,Khar
4,https://www.moneycontrol.com/news/business/real-estate/bollywood-actor-john-abraham-purchases-bungalow-in-mumbai-for-rs-70-83-crore-11979261.html,Bollywood actor John Abraham purchases bungalow in Mumbai for Rs 70.83 crore,Moneycontrol,"Dec 31, 2023","Mumbai real estate: John Abraham has paid a stamp duty of Rs 4.24 crore for 
the bungalow located in Khar's Linking Road, which is one of the...",https://serpapi.com/searches/66afcc3c96f5d728b47c6b76/images/de7f7502b442857930385187a1fce7b345e23bfa0178830f3718433f61ef9966.jpeg,Khar
5,https://indianexpress.com/article/entertainment/bollywood/john-abraham-buys-a-bungalow-worth-rs-70-83-crore-in-mumbais-khar-area-9090190/,John Abraham buys a bungalow worth Rs 70.83 crore in Mumbai’s Khar area,The Indian Express,"Jan 1, 2024","John Abraham acquired a luxurious bungalow in Mumbai's coveted Khar area. 
The property boasts a price tag of Rs 70.83 crore.",https://serpapi.com/searches/66afcc3c96f5d728b47c6b76/images/de7f7502b44285795e7be9a3bf5ae0bd37b39140d8fda02f1797b079bc481f02.jpeg,Khar
6,https://timesofindia.indiatimes.com/city/mumbai/john-abraham-buys-rs-75-cr-bungalow-on-linking-rd/articleshow/106429110.cms,John Abraham buys Rs 75 cr bungalow on Linking Rd,Times of India,"Jan 1, 2024","MUMBAI: In another big ticket property purchase involving a Bollywood 
personality, actor John Abraham has sealed a deal to buy a bungalow on...",https://serpapi.com/searches/66afcc3c96f5d728b47c6b76/images/de7f7502b44285795c10b0b2478b4cb513527a2c0b645c4ace52d2bca4f9303d.jpeg,Khar
7,https://www.business-standard.com/entertainment/john-abraham-buys-luxury-bungalow-for-rs-70-83-cr-in-mumbai-s-khar-area-124010100466_1.html,John Abraham buys luxury bungalow for Rs 70.83 cr in Mumbai's Khar area,Business Standard,"Jan 1, 2024","John Abraham new bungalow : The transaction was registered on December 27, 
with John Abraham shelling out a stamp duty of Rs 4.24 crore for...",https://serpapi.com/searches/66afcc3c96f5d728b47c6b76/images/de7f7502b4428579853afa07bb62e5b804ebebaf513e62fec3311b7eea440466.jpeg,Khar
8,https://www.constructionworld.in/latest-construction-news/real-estate-news/john-abraham-acquires-bungalow-in-mumbais-khar-for-rs-708.3-million/48867,John Abraham Acquires Bungalow in Mumbai's Khar for Rs 708.3 million,Construction World,"Jan 2, 2024","Renowned actor John Abraham has made a high-profile real estate move, 
securing a palatial bungalow nestled in the posh neighbourhood of Khar...",https://serpapi.com/searches/66afcc3c96f5d728b47c6b76/images/de7f7502b442857998f421f9053cb2ea533522e05c1c2b18306420afc0f77439.jpeg,Khar
9,https://housing.com/news/tiger-shroff-buys-rs-7-5-crore-property-in-pune/,Tiger Shroff buys Rs 7.5-crore property in Pune,Housing,"Apr 4, 2024","Actor Tiger Shroff has bought a Rs 7.5-cr property in Pune and has leased 
it for Rs 3.5 lakh per month, as per documents accessed by Zapkey.",https://serpapi.com/searches/66afcc3c96f5d728b47c6b76/images/de7f7502b4428579ff9690e9760ac9388aeee79c03406fccd07d958c6f55096d.jpeg,Khar
10,https://www.moneycontrol.com/news/business/real-estate/girdhari-lal-bawri-of-macleods-pharmaceuticals-buys-rs-101-crore-bungalow-in-mumbai-12371551.html,Girdhari Lal Bawri of Macleods Pharmaceuticals buys Rs 101-crore bungalow in Mumbai,Moneycontrol,"Feb 28, 2024","Bawri's deal is the second bungalow deal in the Mumbai real estate market 
in the last three months after Bollywood actor John Abraham in...",https://serpapi.com/searches/66afcc3c96f5d728b47c6b76/images/de7f7502b4428579da035d0ac4ffc2b1983a07d4f34eeb69b8bf01d8311cd123.jpeg,Khar
1,https://www.constructionweekonline.in/projects-tenders/vibe-realty-makes-strides-in-real-estate-development-acquires-four-mumbai-projects,"Vibe Realty makes strides in real estate development, acquires four Mumbai projects",Construction Week India,"Sep 26, 2023","Vibe Realty, a realty venture founded by Gopal Sarda, has acquired four 
projects across the western suburbs of Mumbai, namely, Khar West,...",https://serpapi.com/searches/66afcc3dfdca3ebd32f20688/images/e274a1239502ab0a9868081d12b5ce4675758e7354228279c974732a2bc7b2e2.jpeg,Khar
2,https://www.rprealtyplus.com/news-views/vibe-realty-to-launch-its-real-estate-development-arm-112312.html,Vibe Realty To Launch Its Real Estate Development Arm,Realty Plus Magazine,"Sep 27, 2023","Vibe Realty Private Limited (Vibe Realty), a realty venture founded and 
established by industry stalwart Gopal Sarda, announced that it has...",https://serpapi.com/searches/66afcc3dfdca3ebd32f20688/images/e274a1239502ab0acd09819ce8c3b283b1f8e20a8073efa1c333d77f04362d18.jpeg,Khar
3,https://timesofindia.indiatimes.com/city/mumbai/borivli-gorai-have-most-bldg-projects-data/articleshow/105024657.cms,Mumbai AQI: Most realty construction going on in western suburbs,Times of India,"Nov 7, 2023","R-Central and K-East wards in Mumbai have recorded the highest number of 
real estate construction project clearances, with developers...",https://serpapi.com/searches/66afcc3dfdca3ebd32f20688/images/e274a1239502ab0a21a7785c05739f8a148f99faabf019c47a7ea45cef9c4989.jpeg,Khar
4,https://m.economictimes.com/industry/services/property-/-cstruction/mukesh-gandhi-buys-luxe-duplex-for-over-rs-50-crore-in-mumbais-khar/articleshow/93080183.cms,Mukesh Gandhi buys luxe duplex for over Rs 50-crore in Mumbai's Khar,The Economic Times,"Jul 23, 2022","Mukesh Gandhi, former director of stock brokerage firm Angel Broking, has 
bought a luxury duplex apartment in Khar locality of Mumbai for...",https://serpapi.com/searches/66afcc3dfdca3ebd32f20688/images/e274a1239502ab0a4cd35a7ecb03cb953e8e8ff95392022d2987084f14786295.jpeg,Khar
5,https://www.hindustantimes.com/cities/mumbai-news/bmc-lists-top-10-property-holders-for-unpaid-property-taxes-101712777439076.html,BMC lists top 10 property holders for unpaid property taxes,Hindustan Times,"Apr 11, 2024","BMC lists top 10 property holders in Mumbai pursued for non-payment of 
taxes, deadline set for May 25 to avoid penalties. | Mumbai news.",https://serpapi.com/searches/66afcc3dfdca3ebd32f20688/images/e274a1239502ab0a947382bafaea4d7382d1d2eb95a0d7794d5dc2501356ab6a.png,Khar
6,https://housing.com/news/diljit-dosanjh-house/,A look inside Diljit Dosanjh’s lavish home,Housing,"Nov 30, 2023","Diljit Dosanjh has multiple properties in India as well as in the US. Check 
out the details of Diljit Dosanjh house in the US.",https://serpapi.com/searches/66afcc3dfdca3ebd32f20688/images/e274a1239502ab0a0732c27f70a882a626b7b87ac85ccb8c43fa3eaaa7a69bde.jpeg,Khar
7,https://housing.com/news/akshay-kumar-twinkle-khanna-house/,Akshay Kumar house: A peek into his Mumbai residence,Housing,"Sep 20, 2023","The estimated price of Akshay Kumar's house is about 80 crores. Find out 
Twinkle Khanna and Akshay Kumar's net worth and investments.",https://serpapi.com/searches/66afcc3dfdca3ebd32f20688/images/e274a1239502ab0aa922e5805bac4408234ca22ff4d06228e8cc39285da5ab85.jpeg,Khar
8,https://www.moneycontrol.com/news/business/real-estate/mumbai-real-estate-is-the-land-of-shah-rukh-khan-and-kangana-ranaut-set-for-a-price-war-7715771.html,Mumbai real estate: Is the land of Shah Rukh Khan and Kangana Ranaut set for a price war?,Moneycontrol,"Nov 13, 2021","Property prices in the Bandra, Khar, Santacruz micro-market could fall, as 
redevelopment picks up pace. Most projects will find it tough to...",https://serpapi.com/searches/66afcc3dfdca3ebd32f20688/images/e274a1239502ab0a67306b8daa648b116f8eeaf05eecc66eda039dd7737d497a.jpeg,Khar
9,https://www.hindustantimes.com/real-estate/promoters-of-pharma-firm-buy-bungalow-in-mumbai-for-rs-101-crore-101709113465370.html,Promoters of pharma firm buy bungalow in Mumbai for ₹101 crore,Hindustan Times,"Feb 28, 2024","Promoters of Macleods Pharmaceuticals have bought a bungalow in Mumbai 
spread across an area of 3604 sq ft, located in JVPD Scheme in Vile...",https://serpapi.com/searches/66afcc3dfdca3ebd32f20688/images/e274a1239502ab0a6fe073a04ea0a0dc86d51d080acfef56d0393dcf76469e42.jpeg,Khar
10,https://timesofindia.indiatimes.com/city/hyderabad/fake-company-used-second-name-old-address-of-hyderabad-firm/articleshow/107378008.cms,"Fake company used second name, old address of Hyderabad firm",Times of India,"Feb 3, 2024","Hyderabad-based real estate firm, Vamsiram Builders, has filed a complaint 
alleging that its name and details have been impersonated by a...",https://serpapi.com/searches/66afcc3dfdca3ebd32f20688/images/e274a1239502ab0a73ae1b0dab90444609a700cc849006f66da2748ebc7cf3f5.jpeg,Khar
1,https://www.hindustantimes.com/cities/mumbai-news/pathare-prabhu-chs-at-khar-hits-a-century-101672342754170.html,Pathare Prabhu CHS at Khar hits a century,Hindustan Times,"Dec 30, 2022","It was on January 9 that the society turned 100 but the Omicron virus put a 
spanner in the works, and the celebrations had to be called off.",https://serpapi.com/searches/66afcc3fc9990396a68265ab/images/46fb33e325b4647f52bceca8b8b9d36aa3bfb3e8e4c054347babc7d2a2ae96aa.jpeg,Khar
2,https://www.moneycontrol.com/news/business/real-estate/got-a-job-in-mumbai-here-are-budget-friendly-1bhk-apartment-options-11477021.html,Got a job in Mumbai? Here are budget-friendly 1BHK apartment options,Moneycontrol,"Oct 5, 2023","Given that the Mumbai real estate market is the costliest residential 
market in India, those shifting to Mumbai after landing a new job are...",https://serpapi.com/searches/66afcc3fc9990396a68265ab/images/46fb33e325b4647f8d173ec4c3af86cc89bcd027bea7dce7b624511d784896a5.jpeg,Khar
3,https://www.hindustantimes.com/cities/mumbai-news/builder-duo-booked-for-78-cr-fraud-101708801678440.html,Builder duo booked for ₹78 cr fraud,Hindustan Times,"Feb 25, 2024","Police in Khar book father-son builder duo for ₹78 crore fraud, diverting 
funds, violating RERA rules, and failing to deliver flats on time.",https://serpapi.com/searches/66afcc3fc9990396a68265ab/images/46fb33e325b4647f3c14eae1f45d76f7ac5e7df691ea6c04798bb0ca12783f4c.png,Khar
4,https://timesproperty.com/news/post/anu-malik-buys-a-new-home-in-khar-west-blid3869,Anu Malik's Luxurious New Home in the Heart of Khar West,Times Property,"Feb 9, 2023","Renowned music composer Anu Malik has added a luxurious abode to his 
portfolio with his recent purchase in Khar West's The 50seven building.",https://serpapi.com/searches/66afcc3fc9990396a68265ab/images/46fb33e325b4647f593cad1a79248fcbc3bd33de1856cb4785fe4c026ce9c427.jpeg,Khar
5,https://www.moneycontrol.com/news/business/real-estate/wadhwa-family-buys-apartment-in-own-project-for-rs-80-crore-in-mumbais-khar-7343541.html,Wadhwa family buys apartment in own project for Rs 80 crore in Mumbai’s Khar,Moneycontrol,"Aug 16, 2021","In another promoter-led transaction, the promoters of Mumbai-based real 
estate firm, Wadhwa Group, have bought an apartment spread across...",https://serpapi.com/searches/66afcc3fc9990396a68265ab/images/46fb33e325b4647f0e7eb7f0430601bb73dda1d016b2540d382cc66c990b42c9.jpeg,Khar
6,https://www.moneycontrol.com/news/business/real-estate/actor-karishma-kapoor-sells-mumbai-apartment-for-rs-10-11-crore-6350111.html,Actor Karisma Kapoor sells Mumbai apartment for Rs 10.11 crore,Moneycontrol,"Jan 15, 2021","Bollywood actor Karisma Kapoor and mother Babita Kapoor sell posh apartment 
at Khar in Mumbai, joining list of celebrities and...",https://serpapi.com/searches/66afcc3fc9990396a68265ab/images/46fb33e325b4647f0caefc9f40c04560917d2a0a4fa6171b1f80e1d19ada641c.jpeg,Khar
7,https://www.livemint.com/industry/media/john-abraham-buys-bungalow-for-rs-75-crore-in-mumbai-s-khar-area-11704118248369.html,John Abraham buys ₹75-crore bungalow in Mumbai’s Khar area | Mint,mint,"Jan 1, 2024","Bollywood actor-producer John Abraham has purchased a 13138 sqft luxurious 
bungalow with two floors in Mumbai's Khar for over ₹75 crore.",https://serpapi.com/searches/66afcc3fc9990396a68265ab/images/46fb33e325b4647f5e2fa96660f0bd3ee45c2e3613c0fd35a079bee16aa2b79b.jpeg,Khar
8,https://housing.com/news/posh-residential-areas-in-mumbai/,Posh Areas In Mumbai With Property Prices,Housing,"Oct 16, 2023","Check out the list of posh areas in Mumbai and its suburban regions that is 
known for housing celebrities, millionaires and businessmen.",https://serpapi.com/searches/66afcc3fc9990396a68265ab/images/46fb33e325b4647fe803e8a4be051d09e8c74f1a0be05b47d4b57f31d8d699f8.jpeg,Khar
9,https://housing.com/news/santacruz-west-ideal-mix-residential-commercial-developments/,Santacruz west: An ideal mix of residential and commercial developments,Housing,"Dec 17, 2020","Santacruz west in Mumbai, offers luxurious homes that are in close 
proximity to business hubs, amidst a serene environment.",https://serpapi.com/searches/66afcc3fc9990396a68265ab/images/46fb33e325b4647f9a6addadbd546f798ff028cc8d28ab177539aa4dcfd8a1cd.jpeg,Khar
10,https://www.hindustantimes.com/cities/others/disha-patani-buys-5-9-cr-flat-rani-purchases-7-12-cr-house-in-mumbai-s-khar-101627587118261.html,Disha Patani buys ₹5.9-cr flat; Rani purchases ₹7.12-cr house in Mumbai’s Khar,Hindustan Times,"Jul 30, 2021","According to documents scanned by a real estate analytics research firm, 
Patani and Mukherjee paid ₹17.85 lakh and ₹21.37 lakh as stamp duty...",https://serpapi.com/searches/66afcc3fc9990396a68265ab/images/46fb33e325b4647f6ec96ee8b0a89af1f0322caeffe494a22499a7317ba4e98d.jpeg,Khar
1,https://www.freepressjournal.in/business/mumbai-stable-rr-rates-rising-infra-boost-property-registrations-in-mmr,"Mumbai: Stable RR Rates, Rising Infra Boost Property Registrations In MMR",Free Press Journal,"May 2, 2024","While property registrations in Mumbai Metropolitan Region (MMR) witnessed a 16% increase in the revenue to the state exchequer in April,...",https://serpapi.com/searches/66afcc43660dbd09567897fb/images/57e0bbeef5c9d73d05aa399a60b56c17f0065a0f6cacc3a66dbed408f7a2d71b.jpeg,Khar
2,https://m.economictimes.com/industry/services/property-/-cstruction/karza-technologies-co-founder-shirhatti-buys-luxury-duplex-in-mumbais-khar-for-rs-47-70-crore/articleshow/94968351.cms,Karza Technologies co-founder Shirhatti buys luxury duplex in Mumbai’s Khar for Rs 47.70 crore,The Economic Times,"Oct 19, 2022","This limited period stamp duty reduction window ended in March 2021, but which proved to be a major catalyst for the city's housing market,...",https://serpapi.com/searches/66afcc43660dbd09567897fb/images/57e0bbeef5c9d73d3b4985ef55ac290c3e26bfe0729d9232a2e0ce02e3c7b0f3.jpeg,Khar
3,https://www.moneycontrol.com/news/business/real-estate/disha-patani-rani-mukherjee-bollywood-actors-buy-apartments-mumbai-7248101.html,Disha Patani and Rani Mukerji buy luxury apartments in Mumbai project,Moneycontrol,"Jul 30, 2021","Bollywood actors buy apartment in project located at Khar in Mumbai, which offers views of the Arabian Sea, joining counterparts who are...",https://serpapi.com/searches/66afcc43660dbd09567897fb/images/57e0bbeef5c9d73d4a071a1dac5c0ef459047766a337284f57cc8ea428b24468.jpeg,Khar
4,https://www.theweek.in/news/entertainment/2024/01/01/john-abraham-buys-bungalow-in-mumbai-heres-how-much-it-is-worth.html,John Abraham buys bungalow in Mumbai; here's how much it is worth,The Week,"Jan 1, 2024",Actor-Producer John Abraham bought a sprawling bungalow in Khar's Linking Road for a whopping Rs. 71 crore. Abraham recently worked in...,https://serpapi.com/searches/66afcc43660dbd09567897fb/images/57e0bbeef5c9d73d4d9bba2ed43ad76ad22a22f5d8598b12911c5712c02b9590.jpeg,Khar
5,https://www.architectandinteriorsindia.com/projects/realestate-mumbais-latest-extravagant-and-spacious-residency-in-bandra,#RealEstate: Mumbai’s extravagant and spacious residency now in Khar,Architect and Interiors India,"Feb 15, 2023",S Raheja Realty's 'NewLight' has been envisioned with aesthetic designs which are more accommodative and offer a desirable ecosystem for the...,https://serpapi.com/searches/66afcc43660dbd09567897fb/images/57e0bbeef5c9d73d352c2fcb6a9787af5a473e9577de004e0ca452565ebfb5d4.jpeg,Khar
6,https://timesofindia.indiatimes.com/city/mumbai/in-a-first-maharera-acts-on-financial-irregularity/articleshow/104383807.cms,"In a first, MahaRera acts on financial irregularity",Times of India,"Oct 13, 2023",The economic offences wing of the Mumbai police is investigating Highstreet Paramvir Developers for financial irregularities following a...,https://serpapi.com/searches/66afcc43660dbd09567897fb/images/57e0bbeef5c9d73dba9b375ff3bc61d423989f1eb28088eb9de035612cdca651.jpeg,Khar
7,https://www.moneycontrol.com/news/business/real-estate/pune-based-kolte-patil-developers-launches-two-projects-in-mumbai-aims-rs-410-crore-revenue-10189451.html,Kolte Patil Developers launches two redevelopment projects in Mumbai; aims Rs 410 crore revenue,Moneycontrol,"Mar 2, 2023","Pune-based listed real estate developer Kolte-Patil Developers Ltd (KPDL), on March 2, announced the launch of two redevelopment projects in...",https://serpapi.com/searches/66afcc43660dbd09567897fb/images/57e0bbeef5c9d73db2cd988d8fe9a408b1654cdf66fec7ce9e96b43bae41cede.jpeg,Khar
8,https://housing.com/news/tiger-shroff-house-mumbai/,All about Tiger Shroff’s eight-bedroom house in Mumbai,Housing,"Apr 14, 2023",Actor Tiger Shroff house is an ultra-luxurious 8BHK apartment in Mumbai's Khar west that has ample space for a state-of-the-art gymnasium.,https://serpapi.com/searches/66afcc43660dbd09567897fb/images/57e0bbeef5c9d73deba2dc3957834cf1ebd666c2b47f39c41dbaa9cb2ccef84f.jpeg,Khar
9,https://timesofindia.indiatimes.com/city/mumbai/khar-make-up-artist-ends-life-case-of-abetment-filed/articleshow/101176694.cms,"Khar make-up artist ends life, case of abetment filed",Times of India,"Jun 22, 2023",A 26-year-old make-up artist allegedly ended her life by hanging herself from the ceiling fan at her rented Khar Danda residence.,https://serpapi.com/searches/66afcc43660dbd09567897fb/images/57e0bbeef5c9d73dc300f359a931d7f093ad87ef3860980602c4fbc1d393f11a.jpeg,Khar
10,https://www.moneycontrol.com/news/business/real-estate/pharmeasy-founder-siddharth-shah-buys-mumbai-apartment-7381861.html,PharmEasy founder Siddharth Shah buys apartment in Mumbai for Rs 40 crore,Moneycontrol,"Aug 24, 2021",Online pharmacy chain PharmEasy had recently acquired Thyrocare. The apartment is located off Carter Road at Khar West in Mumbai.,https://serpapi.com/searches/66afcc43660dbd09567897fb/images/57e0bbeef5c9d73dddc4a2da05b6c95618c2a1c0cb931bff19b5edd6a05d7e5d.jpeg,Khar
1,https://timesofindia.indiatimes.com/city/mumbai/realty-check-builders-bow-out-of-redevelopment-as-margins-crash/articleshow/73474013.cms,Realty check: Builders bow out of redevelopment as margins crash,Times of India,"Jan 21, 2020","Builders are cancelling agreements and surrendering rights to redevelop 
housing societies in prime localities because of financial...",https://serpapi.com/searches/66afcc45fa86751b350ac3d5/images/f7c6060041fdb2bba890d621a77568d6d56476cd79c87126720d676757b8af13.jpeg,Khar
2,https://www.constructionworld.in/latest-construction-news/real-estate-news/mukesh-gandhi-buys-a-property-worth-more-than-0.5-billion-in-khar-/35485,Mukesh Gandhi buys a property worth more than 0.5 billion in Khar,Construction World,"Jul 27, 2022","Mukesh Gandhi, former Angel Broking director, most recently paid S Raheja 
Realty more than $ 0.5 billion for an opulent duplex home in...",https://serpapi.com/searches/66afcc45fa86751b350ac3d5/images/f7c6060041fdb2bba5a2e79ff705c1ae7d7e8e549a9faf6bd983a8796dc3aeb9.jpeg,Khar
3,https://housing.com/news/disha-patani-house/,A virtual tour of Disha Patani’s beautiful Bandra apartment,Housing,"Apr 14, 2023","Disha Patani, a popular Bollywood actress started her career with 'Loafer', 
a Telugu film that released in 2015.",https://serpapi.com/searches/66afcc45fa86751b350ac3d5/images/f7c6060041fdb2bbefc1b23083d87ca8240257716baac8d35f23627023b5bb75.jpeg,Khar
4,https://www.moneycontrol.com/news/business/city-business/bmcs-notice-to-remove-structures-in-17-properties-evokes-concerns-among-mumbai-residents-10493251.html,BMC’s notice to remove structures in 17 properties evokes concerns among Mumbai residents,Moneycontrol,"Apr 28, 2023","The Brihanmumbai Municipal Corporation (BMC) has sent notices to 17 
property owners in Mumbai to remove their structures in a quest to widen...",https://serpapi.com/searches/66afcc45fa86751b350ac3d5/images/f7c6060041fdb2bb015715458f16382773ee2e5cf22efcd2f4579c868daafa7f.jpeg,Khar
5,https://www.constructionworld.in/latest-construction-news/real-estate-news/redevelopment-of-housing-societies-in-south-mumbai/38351,Redevelopment of housing societies in South Mumbai,Construction World,"Jan 2, 2023","In the silk stocking enclaves of south Mumbai, such as Malabar Hill, 
Walkeshwar, Nepean Sea Road, and Altamount Road, redevelopment fever...",https://serpapi.com/searches/66afcc45fa86751b350ac3d5/images/f7c6060041fdb2bba0f17c63df3aeb92bc2ceff2aaeab5c713ada9a3617e3eb8.jpeg,Khar
6,https://housing.com/news/circle-rates-in-bandra-west-mumbai/,"Ready reckoner rates in Bandra West, Mumbai",Housing,"Jan 29, 2024","In Mumbai, the Stamps and Registration Department determines ready reckoner 
rates based on market value. Bandra West, known for its mix of...",https://serpapi.com/searches/66afcc45fa86751b350ac3d5/images/f7c6060041fdb2bb877004dec46ccfee6e72938bccb8e5b1018e5a18e9c350f2.jpeg,Khar
7,https://timesofindia.indiatimes.com/vashu-bhagnanis-realty-project-fined-for-not-registering-with-maharera/articleshow/84938197.cms,Vashu Bhagnani’s realty project fined for not registering with MahaRERA,Times of India,"Aug 1, 2021","The firm in question, set up in 2000, is in the name of Vashu Bhagnani's 
wife Pooja Bhagnani. The husband and wife are directors in the...",https://serpapi.com/searches/66afcc45fa86751b350ac3d5/images/f7c6060041fdb2bbe2fba385b744a496234d9a3e68872205aa19b8faf614ad72.jpeg,Khar
8,https://www.koimoi.com/bollywood-news/disha-patani-prized-possessions-include-a-6-crores-mumbai-apartment-a-car-worth-over-a-crore-more/,"Disha Patani’s Prized Possessions Include A 6 Crore’s Mumbai Apartment, A Car Worth Over A Crore & More",Koimoi,"Jul 31, 2021","Disha Patani mints huge amounts thanks to her brand deals & movies. Today 
we take a look at some of her expensive splurges like cars, home.",https://serpapi.com/searches/66afcc45fa86751b350ac3d5/images/f7c6060041fdb2bb5bff4facb8da1bda8a7e7a79ad6fdcad332c70330c3cc24e.jpeg,Khar
9,https://www.dnaindia.com/mumbai/report-khar-police-summon-kangana-ranaut-over-real-estate-brokerage-2651535,Mumbai: Khar Police summon Kangana Ranaut over real estate brokerage,DNA India,"Aug 19, 2018","Real estate agent alleges he was not paid the entire amount by the actor, 
for a Pali Hill house he got her. Latest News.",https://serpapi.com/searches/66afcc45fa86751b350ac3d5/images/f7c6060041fdb2bb8094278c6068fd4c7bc215e16d918d78cac79b296ef77104.jpeg,Khar
10,https://www.thehindu.com/news/cities/mumbai/austrian-who-alleged-harassment-goes-missing-sets-off-alarm-bells/article61856920.ece,"Austrian who alleged harassment goes ‘missing’, sets off alarm bells",The Hindu,"Nov 12, 2017","An Austrian national, who had registered a case of sexual harassment 
against a Mumbai resident earlier this year, set off alarm bells by...",https://serpapi.com/searches/66afcc45fa86751b350ac3d5/images/f7c6060041fdb2bb7e98fa808e18e3c1f26c3854b8f85b13637449c2f05aafa1.png,Khar
1,https://www.hindustantimes.com/real-estate/icici-prudential-amc-purchases-commercial-office-space-in-mumbais-santacruz-for-rs-315-crore-101719836752042.html,ICICI Prudential AMC purchases commercial office space in Mumbai's Santacruz for ₹315 crore,Hindustan Times,1 month ago,"The commercial office space in Mumbai comprises 12 floors and has been sold 
along with 1464 sq m of land and 114 car parks,...",https://serpapi.com/searches/66afcc47c640d264a1c59581/images/47b9c02e49f28b809aa2aef307fd1741fa2facd12d008b4b68c71826a5dc3483.jpeg,Santacruz
2,https://timesofindia.indiatimes.com/city/mumbai/real-estate-co-owner-arrested-for-675-crore-fraud/articleshow/111617251.cms,Real estate co owner held for 67.5 cr fraud,Times of India,3 weeks ago,"Read about the arrest of Ramesh Gowani, the owner of Kamla Mills compound, 
for defrauding a businessman of Rs 67.5 crore.",https://serpapi.com/searches/66afcc47c640d264a1c59581/images/47b9c02e49f28b802768b077d8643a962bb1f56f8ff3d6c6a64706544689c74d.png,Santacruz
3,https://propnewstime.com/getdetailsStories/ODcyMw==/icici-prudential-amc-acquires-kalpataru-infinia-in-santacruz-mumbai-for-inr-315-crore,"ICICI Prudential AMC acquires Kalpataru Infinia in Santacruz, Mumbai for INR 315 crore",Prop News Time,6 days ago,"ICICI Prudential Asset Management Company purchases Kalpataru Infinia in 
Santacruz East, Mumbai, for INR 315 crore, highlighting the city's...",https://serpapi.com/searches/66afcc47c640d264a1c59581/images/47b9c02e49f28b80f937e6724ed01a4dab723f66a7fb319aaac2dca6d76ad211.jpeg,Santacruz
4,https://www.moneycontrol.com/news/business/real-estate/unity-small-finance-bank-purchases-commercial-space-worth-rs-227-crore-in-mumbai-12753623.html,Unity Small Finance Bank purchases commercial space worth Rs 227 crore in Mumbai,Moneycontrol,1 month ago,"Unity Small Finance Bank, owned by Centrum group and BharatPe, has 
purchased multiple floors in a commercial building in Santacruz East in...",https://serpapi.com/searches/66afcc47c640d264a1c59581/images/47b9c02e49f28b80b85638318efd75dcca545107befb18dc52adf6f3ca0e3b00.jpeg,Santacruz
5,https://www.freepressjournal.in/business/chemburs-market-to-witness-upward-movement-in-prices-report,Chembur’s Market To Witness Upward Movement In Prices: Report,Free Press Journal,"May 29, 2024","Mumbai's real estate landscape has evolved significantly, driven by factors 
like population growth, infrastructure expansion,...",https://serpapi.com/searches/66afcc47c640d264a1c59581/images/47b9c02e49f28b80614ab72ee985bc8450f3f46661d440ba1d86b3b119cffceb.jpeg,Santacruz
6,https://indianexpress.com/article/cities/mumbai/salman-khan-rents-out-commercial-property-santacruz-60-months-8954902/,Actor Salman Khan rents out commercial property in Santacruz for 60 months,The Indian Express,"Sep 25, 2023","The sprawling property spread over 2140.71 sq. metres has been rented to 
Landcraft Retail Pvt Ltd for deposit amount of Rs 5.4 crore.",https://serpapi.com/searches/66afcc47c640d264a1c59581/images/47b9c02e49f28b802ee8b0f03141594393c39af0024f84a4bca68bda80627275.jpeg,Santacruz
7,https://www.rprealtyplus.com/news-views/join-tomorrow-the-powerhouse-line-up-of-real-estate-leaders-in-mumbai-112562.html,Join Tomorrow: The Powerhouse Line-Up of Real Estate Leaders In Mumbai,Realty Plus Magazine,"Oct 18, 2023","The 15th Edition of Realty+ Conclave & Excellence Awards 2023 – West stage 
is all set to feature the leaders of Indian real estate on Oct 19...",https://serpapi.com/searches/66afcc47c640d264a1c59581/images/47b9c02e49f28b80c2b40bfc67e5b5a2a1e83f14f3288efc5945b5b9b9e39e9a.jpeg,Santacruz
8,https://housing.com/news/icici-prudential-amc-buys-commercial-property-in-santacruz-for-rs-315-cr/,ICICI Prudential AMC buys Kalpataru Infinia building for Rs 315 cr,Housing,1 month ago,"July 2, 2024: ICICI Prudential Asset Management Company (AMC) has purchased 
the Kalpataru Infinia building in Santacruz (East), Mumbai for...",https://serpapi.com/searches/66afcc47c640d264a1c59581/images/47b9c02e49f28b80a2ca245e344d604c6eeafd3596e6aca38f260047ec4973ca.jpeg,Santacruz
9,https://realty.economictimes.indiatimes.com/news/industry/luxury-sustainable-real-estate-takes-center-stage-at-the-economic-times-real-estate-conclave-awards-2024/107958734,Luxury & sustainable real estate takes center stage at The Economic Times Real Estate Conclave & Awards 2024,ET Realty,"Feb 24, 2024","The Economic Times Real Estate Conclave 2024: The Economic Times Real 
Estate Conclave & Awards 2024 held in Taj Santacruz, Mumbai on...",https://serpapi.com/searches/66afcc47c640d264a1c59581/images/47b9c02e49f28b8081d6fc62d92d3dc0f9e113087258e42f1c526b2da899e308.jpeg,Santacruz
10,https://www.hindustantimes.com/real-estate/unity-small-finance-bank-acquires-commercial-properties-worth-rs-400-crore-in-mumbai-101718965573289.html,Unity Small Finance Bank buys commercial properties worth ₹400 crore in Mumbai,Hindustan Times,1 month ago,"In two separate real estate deals, private lender Unity Small Finance Bank 
has purchased commercial properties worth ₹400 crore in Mumbai.",https://serpapi.com/searches/66afcc47c640d264a1c59581/images/47b9c02e49f28b803f2ce74cb325080646f4099175bd1ac0fefcfbcce6699da0.jpeg,Santacruz
1,https://www.cnbctv18.com/real-estate/real-estate-player-vascon-engineers-bags-rs-350-crore-mumbai-project-18290191.htm,Real estate player Vascon Engineers bags ₹350-crore Mumbai project,CNBC TV18,"Nov 9, 2023","The redevelopment of Prakash Cooperative Housing Society Ltd in Santacruz 
(West), Mumbai, will be done in 36 months.",https://serpapi.com/searches/66afcc4a29d1779397f1e756/images/a382cc9f5017e49c85f89e524d85a5bd35ad7532b1aaadbbdad3dee7cc95e568.jpeg,Santacruz
2,https://www.propnewstime.com/getdetailsStories/Nzc2OA==/santacruz-east-sees-robust-real-estate-activity-in-may,Santacruz East sees robust real estate activity in May,Prop News Time,1 month ago,"Discover Santacruz East, a vibrant Mumbai neighborhood known for its robust 
infrastructure, educational institutions, and lush greenery.",https://serpapi.com/searches/66afcc4a29d1779397f1e756/images/a382cc9f5017e49c433f19d66c1c2c4e195d0dd6230b47bd4cff93ec8318f9eb.png,Santacruz
3,https://www.koimoi.com/bollywood-news/salman-khan-strikes-gold-by-bagging-1-crore-monthly-deal-for-60-months-by-leasing-santacruz-commercial-property-to-food-square/,Salman Khan Strikes Gold By Bagging 1 Crore Monthly Deal For 60 Months By Leasing Santacruz Commercial Property To Food Square!,Koimoi,"Sep 25, 2023","Salman Khan has rented out his commercial property spread over 2140.71 sq. 
metres to Landcraft Retail Pvt Ltd for a whopping amount.",https://encrypted-tbn0.gstatic.com/images?q=tbn:ANd9GcSt7b-NWTjClcPtTHa5BM9EA9MQGDGnSeL-DAu-cBWMGgYrceCVc77GJHs&usqp=CAI&s,Santacruz
4,https://www.freepressjournal.in/mumbai/mumbai-news-santacruz-police-file-case-against-directors-of-3-real-estate-companies-for-cheating-homebuyer,Mumbai News: Santacruz Police File Case Against Directors Of 3 Real Estate Companies For Cheating Homebuyer,Free Press Journal,"Dec 21, 2023","The accused were identified as Jagdish Ahuja, Gautam Ahuja, Chandrahas 
Kotian, Ashok Gacheria, Jia Vei and other board members of the...",https://serpapi.com/searches/66afcc4a29d1779397f1e756/images/a382cc9f5017e49cd370327e0d2ab782aa824a9deeb451044cec524452d06c74.jpeg,Santacruz
5,https://housing.com/news/aamir-khan-house/,"Aamir Khan house in Pali Hill, Mumbai and Panchgani",Housing,1 month ago,"Know about Aamir Khan house in Mumbai and his Panchgani property that he 
bought in 2012-13 for around Rs 7 crore.",https://serpapi.com/searches/66afcc4a29d1779397f1e756/images/a382cc9f5017e49c4e059d22bbb1905d5d5a0390294b65f1273e4b6a49955e80.jpeg,Santacruz
6,https://www.moneycontrol.com/news/business/real-estate/actor-salman-khan-leases-out-commercial-space-in-mumbai-for-five-years-11423831.html,Salman Khan leases out commercial space in Mumbai for five years,Moneycontrol,"Sep 25, 2023","Bollywood actor Salman Khan has leased out 23,042 sq ft retail space he 
owns in Mumbai's Santacruz area to Landcraft Retail Pvt Ltd for Rs...",https://serpapi.com/searches/66afcc4a29d1779397f1e756/images/a382cc9f5017e49c928efa65c8ee41aa0b7a0a48b510fe901d831f686bcf8e8e.jpeg,Santacruz
7,https://timesofindia.indiatimes.com/city/mumbai/john-abraham-buys-rs-75-cr-bungalow-on-linking-rd/articleshow/106429110.cms,John Abraham buys Rs 75 cr bungalow on Linking Rd,Times of India,"Jan 1, 2024","MUMBAI: In another big ticket property purchase involving a Bollywood 
personality, actor John Abraham has sealed a deal to buy a bungalow on...",https://serpapi.com/searches/66afcc4a29d1779397f1e756/images/a382cc9f5017e49c4b36e466db1e0d98adc90ab4646b752856cfa8dd73db97f7.jpeg,Santacruz
8,https://www.freepressjournal.in/mumbai/mumbai-icici-prudential-amc-purchases-commercial-office-space-worth-315-crore-at-kalpataru-infinia-in-santacruz,Mumbai: ICICI Prudential AMC Purchases Commercial Office Space Worth ₹315 Crore At Kalpataru Infinia In,Free Press Journal,1 month ago,"In one of the biggest commercial real etstae deals, the ICICI Prudential 
Asset Management Company Ltd has purchased 12 floors along with...",https://encrypted-tbn0.gstatic.com/images?q=tbn:ANd9GcT0OYMcBp77vI1nlBkYIPg-7tlWr_s4kSTFYjsQKK70gV65xK4HR1l6CMY&usqp=CAI&s,Santacruz
9,https://www.hindustantimes.com/cities/mumbai-news/sameer-bhujbal-accuses-catholic-family-is-not-settling-dispute-despite-attempts-101700418912507.html,Sameer Bhujbal accuses Catholic family is not settling dispute despite attempts,Hindustan Times,"Nov 20, 2023","Anjali Damania accuses Bhujbal family of land grabbing, NCP leader Sameer 
Bhujbal accuses Fernandes family of not settling the dispute.",https://serpapi.com/searches/66afcc4a29d1779397f1e756/images/a382cc9f5017e49c517d14c3c66866b5a5b515dde42263a17090743b9dae6646.png,Santacruz
10,https://timesofindia.indiatimes.com/city/mumbai/borivli-gorai-have-most-bldg-projects-data/articleshow/105024657.cms,Mumbai AQI: Most realty construction going on in western suburbs,Times of India,"Nov 7, 2023","R-Central and K-East wards in Mumbai have recorded the highest number of 
real estate construction project clearances, with developers...",https://serpapi.com/searches/66afcc4a29d1779397f1e756/images/a382cc9f5017e49c23cce01fc317e1efa962cab5dcb51140083ce64a776511d4.jpeg,Santacruz
1,https://housing.com/news/actor-salman-khan-leases-santacruz-commercial-space-to-landcraft-retail/,Actor Salman Khan leases Santacruz commercial space to Landcraft Retail,Housing,"Sep 26, 2023","Salman Khan's commercial space will yield a monthly rent of Rs 90 lakh in 
the 1st year, which will grow to Rs 1.15 crore in the 5th year.",https://serpapi.com/searches/66afcc4cf716ee8cc3abd17d/images/cb1f86d735bba031e0b5b8ad186ed869b122bd418d893ace24aadb58fab5a7d2.jpeg,Santacruz
2,https://www.eastbaytimes.com/2023/03/23/jackson-browne-considers-appeal-to-aptos-property-court-ruling/amp/,Singer Jackson Browne considers appeal to Santa Cruz County property court ruling,East Bay Times,"Mar 23, 2023","APTOS — Singer/songwriter Jackson Browne, who recently lost a legal land 
dispute with neighbors to his long-time Porter Gulch Road property,...",https://serpapi.com/searches/66afcc4cf716ee8cc3abd17d/images/cb1f86d735bba03125814d55a350f13f975e4c9968ceed2ab026a0f8e93c8011.jpeg,Santacruz
3,https://localnewsmatters.org/2022/05/30/town-and-gown-struggle-over-student-housing-at-uc-santa-cruz/,Town and gown struggle over student housing at UC Santa Cruz,Local News Matters,"May 30, 2022","When Dmitrius Rodriguez, 23, was admitted to UC Santa Cruz as a transfer 
student, he knew he would not be able to afford his education if he...",https://serpapi.com/searches/66afcc4cf716ee8cc3abd17d/images/cb1f86d735bba031cff6feac106e222fa4d190dfebaa32addb722556098d9d43.jpeg,Santacruz
4,https://housing.com/news/santacruz-west-ideal-mix-residential-commercial-developments/,Santacruz west: An ideal mix of residential and commercial developments,Housing,"Dec 17, 2020","Santacruz west in Mumbai, offers luxurious homes that are in close 
proximity to business hubs, amidst a serene environment.",https://serpapi.com/searches/66afcc4cf716ee8cc3abd17d/images/cb1f86d735bba031eac4acb7098a563595a6921699e2f25f9dc11a80ba0229ea.jpeg,Santacruz
5,https://www.hindustantimes.com/cities/mumbai-news/indian-arm-of-luxembourg-based-firm-buys-art-deco-villa-in-s-crz-for-8651cr-101678389304078.html,Indian arm of Luxembourg-based firm buys Art Deco villa in S’crz for ₹86.51cr,Hindustan Times,"Mar 10, 2023","The transaction between Picard Angst India directors and six legal heirs of 
Rozario family entails purchase of 11395 sq ft of land and 4005...",https://serpapi.com/searches/66afcc4cf716ee8cc3abd17d/images/cb1f86d735bba0311af2de24b0e265cfbf7e68f49e2804d9df8d05a886fa6cc5.jpeg,Santacruz
6,https://housing.com/news/mahindra-lifespaces-to-redevelop-2-societies-in-in-mumbais-santacruz-west/,Mahindra Lifespaces to redevelop 2 societies in in Mumbai’s Santacruz West,Housing,"Jan 19, 2023","Mahindra Lifespaces has been selected to redevelop two adjacent residential 
societies in Santacruz West, Mumbai.",https://serpapi.com/searches/66afcc4cf716ee8cc3abd17d/images/cb1f86d735bba031372bf1280cb12fc69cfd208bfddae3e0d7a4947fd4b106a5.jpeg,Santacruz
7,https://www.rprealtyplus.com/news-views/luxury-homes-sale-rise-by-50-in-mumbai-111535.html,Luxury Homes Sale Rise By 50% In Mumbai,Realty Plus Magazine,"Jul 25, 2023","With higher demand from industrialists, Bollywood celebs, high salaried 
employees the top luxury micro-markets in Mumbai - Worli,...",https://serpapi.com/searches/66afcc4cf716ee8cc3abd17d/images/cb1f86d735bba031722e77c8ad4f2e6c1b0b887b3ae455e05221a1f0108bce00.jpeg,Santacruz
8,https://www.mid-day.com/amp/brand-media/article/notandas-realtys-harsh-jagwani-bags-the-emerging-developer-of-the-year-award-23318522,Notandas Realty's Harsh Jagwani bags the Emerging Developer of the Year award; Announces upcoming luxurious residential projects,Mid-day,"Nov 6, 2023","Notandas Realty is dedicated to shaping the future of Indian real estate 
with a relentless focus on excellence and innovation.",https://serpapi.com/searches/66afcc4cf716ee8cc3abd17d/images/cb1f86d735bba03123d7fd5c620f55c7748ad135b730e444e9068d2fe7e191e6.jpeg,Santacruz
9,https://www.hindustantimes.com/cities/mumbai-news/maharera-denies-relief-to-buyers-stuck-in-stalled-santacruz-project-101674414614195.html,MahaRERA denies relief to buyers stuck in stalled Santacruz project,Hindustan Times,"Jan 23, 2023","The complainants said the construction of the Avenue 54 project by Sumer 
Radius Realty Private Ltd in Santacruz is incomplete and it is far...",https://serpapi.com/searches/66afcc4cf716ee8cc3abd17d/images/cb1f86d735bba031e813b7079c4dca5f2fa080753dd743d8e7979c6e9e4d62da.png,Santacruz
10,https://m.economictimes.com/industry/indl-goods/svs/construction/luxembourg-realty-investment-companys-india-arm-buys-land-bungalow-in-mumbais-santacruz/articleshow/98521790.cms,"Luxembourg realty investment company’s India arm buys land, bungalow in Mumbai’s Santacruz",The Economic Times,"Mar 9, 2023","The company has purchased the property from five joint owners, including 
global banking and finance professional Francis Andrew Rozario,...",https://serpapi.com/searches/66afcc4cf716ee8cc3abd17d/images/cb1f86d735bba0311ad846b71150f953cf3088127453d1a14cab62c9a9165998.jpeg,Santacruz
1,https://www.hindustantimes.com/real-estate/promoters-of-pharma-firm-buy-bungalow-in-mumbai-for-rs-101-crore-101709113465370.html,Promoters of pharma firm buy bungalow in Mumbai for ₹101 crore,Hindustan Times,"Feb 28, 2024","Promoters of Macleods Pharmaceuticals have bought a bungalow in Mumbai 
spread across an area of 3604 sq ft, located in JVPD Scheme in Vile...",https://serpapi.com/searches/66afcc50979054fbecf2fa42/images/03e6b08bc9bedc38b51fa79f3b030bddf7f889a80e5594d6f06686a809f18571.jpeg,Santacruz
2,https://www.hindustantimes.com/cities/mumbai-news/maharera-denies-relief-to-buyers-stuck-in-stalled-santacruz-project-101674414614195.html,MahaRERA denies relief to buyers stuck in stalled Santacruz project,Hindustan Times,"Jan 23, 2023","The complainants said the construction of the Avenue 54 project by Sumer 
Radius Realty Private Ltd in Santacruz is incomplete and it is far...",https://serpapi.com/searches/66afcc50979054fbecf2fa42/images/03e6b08bc9bedc3815f067c94ff60b27a22f1a3c13a6262d8bcffcc12ba12b3d.png,Santacruz
3,https://housing.com/news/salman-khan-house/,Inside Salman Khan’s luxurious house,Housing,"Apr 16, 2024","Salman Khan house address is 3, Galaxy Apartment, Byramjee Jeejeebhoy Road, 
Bandstand, Bandra West, Mumbai – 400050.",https://serpapi.com/searches/66afcc50979054fbecf2fa42/images/03e6b08bc9bedc3879bc941010f159f8bfd470cd75fadb0792a8840719613555.jpeg,Santacruz
4,https://www.moneycontrol.com/news/business/real-estate/mumbai-real-estate-is-the-land-of-shah-rukh-khan-and-kangana-ranaut-set-for-a-price-war-7715771.html,Mumbai real estate: Is the land of Shah Rukh Khan and Kangana Ranaut set for a price war?,Moneycontrol,"Nov 13, 2021","Property prices in the Bandra, Khar, Santacruz micro-market could fall, as 
redevelopment picks up pace. Most projects will find it tough to...",https://serpapi.com/searches/66afcc50979054fbecf2fa42/images/03e6b08bc9bedc3815227cdac6e00bdbe6e74888bac3918915f0ef915ee649fd.jpeg,Santacruz
5,https://www.rprealtyplus.com/news-views/countdown-begins-15-th-realty-conclave-excellence-awards-west-2023-in-mumbai-112490.html,Countdown Begins: 15 th Realty+ Conclave & Excellence Awards WEST - 2023 In Mumbai,Realty Plus Magazine,"Oct 13, 2023","The 15th Edition of Realty+ Conclave & Excellence Awards 2023 – West stage 
is all set to feature leaders of Indian real estate on Oct 19,...",https://serpapi.com/searches/66afcc50979054fbecf2fa42/images/03e6b08bc9bedc3886bad3e9764b8570594528a18264cff456bc1f07e0b4b69f.jpeg,Santacruz
6,https://housing.com/news/actor-salman-khan-leases-santacruz-commercial-space-to-landcraft-retail/,Actor Salman Khan leases Santacruz commercial space to Landcraft Retail,Housing,"Sep 26, 2023","Salman Khan's commercial space will yield a monthly rent of Rs 90 lakh in 
the 1st year, which will grow to Rs 1.15 crore in the 5th year.",https://serpapi.com/searches/66afcc50979054fbecf2fa42/images/03e6b08bc9bedc3817e02065f9180b093275a9fda1894f52093c48698c27fbff.jpeg,Santacruz
7,https://timesofindia.indiatimes.com/city/mumbai/k-raheja-realty-receives-maharashtra-gaurav-award/articleshow/108731300.cms,K Raheja Realty receives Maharashtra Gaurav Award,Times of India,"Mar 24, 2024","K Raheja Realty, a major player in the real estate sector, has been awarded 
the ""Excellent Contribution to Real Estate in Tier 2 and 3...",https://serpapi.com/searches/66afcc50979054fbecf2fa42/images/03e6b08bc9bedc38c027fbe06ca67b768f03d2f6cafe84fe5ad580a72353b996.png,Santacruz
8,https://www.freepressjournal.in/mumbai/mumbai-after-homebuyers-protest-against-kalpataru-industry-insiders-say-realtor-under-stress-unable-to-deliver-projects-on-time,"Mumbai: After homebuyers protest against Kalpataru, industry insiders say realtor under stress, unable to",Free Press Journal,"Nov 18, 2022","On November 16, protestors gathered outside the realtors' Santacruz 
headquarters and staged a protest demanding possession of their flats.",https://serpapi.com/searches/66afcc50979054fbecf2fa42/images/03e6b08bc9bedc381031c9128245300aa416b98c3d6fee3e4de22b2de4b244c0.jpeg,Santacruz
9,https://www.moneycontrol.com/news/business/real-estate/icici-prudential-amc-purchases-kalpataru-infinia-building-for-rs-315-crore-in-mumbai-12759776.html,ICICI Prudential AMC purchases Kalpataru Infinia building for Rs 315 crore in Mumbai,Moneycontrol,1 month ago,"The conveyance deed of the property was executed on June 27, 2024 and ICICI 
Prudential AMC has paid a stamp duty of Rs 18.9 crore for the...",https://serpapi.com/searches/66afcc50979054fbecf2fa42/images/03e6b08bc9bedc38de79a6b38be8b4f0ca636ef09b78155bbf05787dd687927b.jpeg,Santacruz
10,https://www.livemint.com/news/india/k-raheja-family-buys-rs-265-crore-mumbai-property-from-singhanias-11655362480924.html,K Raheja family buys ₹265 crore Mumbai property from Singhanias | Today News,mint,"Jun 16, 2022","Bengaluru: Ravi and Neel Raheja, promoters and group presidents of 
Mumbai-based real estate firm K Raheja Corp, have bought an independent...",https://serpapi.com/searches/66afcc50979054fbecf2fa42/images/03e6b08bc9bedc388996436fe5fbad53fbed8e06a2905e0ccba5c8081bd7ab42.jpeg,Santacruz
1,https://www.rprealtyplus.com/news-views/luxembourg-realty-investment-companys-india-subsidiary-buys-property-in-mumbai-109839.html,Luxembourg Realty Investment Company’s India Subsidiary Buys Property in Mumbai,Realty Plus Magazine,"Mar 11, 2023","Luxembourg REO Company SARL's subsidiary Picard Angst India has acquired a 
bungalow spread over 2.8-acres land parcel in Mumbai's western...",https://serpapi.com/searches/66afcc513e86ac332a4955bb/images/af93e212db6b033ca0851b8f55c72c142ca039057a4b552e87e8af27af159767.jpeg,Santacruz
2,https://www.cnbctv18.com/real-estate/redevelopment-projects-are-a-huge-opportunity-in-mumbai-real-estate-market-says-hiranandani-group-16493711.htm,Redevelopment projects are a huge opportunity in Mumbai real estate market: Hiranandani Group,CNBC TV18,"Apr 27, 2023","""Half of Mumbai city has the potential for redevelopment of its real 
estate"" says Akshay Kumar, CEO of Park Lane Property Advisors in an...",https://serpapi.com/searches/66afcc513e86ac332a4955bb/images/af93e212db6b033cb8ba039ea3173e1fd7d90da3fb106270c308bd7577c96a61.jpeg,Santacruz
3,https://www.moneycontrol.com/news/business/real-estate/pune-based-kolte-patil-developers-launches-two-projects-in-mumbai-aims-rs-410-crore-revenue-10189451.html,Kolte Patil Developers launches two redevelopment projects in Mumbai; aims Rs 410 crore revenue,Moneycontrol,"Mar 2, 2023","Pune-based listed real estate developer Kolte-Patil Developers Ltd (KPDL), 
on March 2, announced the launch of two redevelopment projects in...",https://serpapi.com/searches/66afcc513e86ac332a4955bb/images/af93e212db6b033ca1f66251c5f398d50fb9c81e3fae1e01ec3db2d2e456bebe.jpeg,Santacruz
4,https://www.rprealtyplus.com/news-views/join-us-tomorrow-in-mumbai-the-14th-realty-conclave-excellence-awards-2022-west-108105.html,Join us Tomorrow in Mumbai! The 14th Realty+ Conclave & Excellence Awards 2022 - WEST,Realty Plus Magazine,"Oct 18, 2022","Witness the West India Realty Revolution at the 14th Realty+ Conclave & 
Excellence Awards 2022 – WEST on June Oct 19, 2022 at Hotel Taj...",https://encrypted-tbn0.gstatic.com/images?q=tbn:ANd9GcTyqnJEvmhl4Bu0FAa3RYeTNxsJ-9Yc_m4cQG-8OfETU-HBFrhWMcDPp2I&usqp=CAI&s,Santacruz
5,https://www.moneycontrol.com/news/business/real-estate/agarwal-holdings-buys-75000-sq-ft-plot-in-mumbai-for-rs-332-8-crore-9167231.html,"Agarwal Holdings buys 75,000-sq-ft plot in Mumbai for Rs 332.8 crore",Moneycontrol,"Sep 12, 2022","Of late, there has been a flurry of bungalow deals in Mumbai. Also, the 
trend of industrialists, corporate leaders and start-up owners...",https://serpapi.com/searches/66afcc513e86ac332a4955bb/images/af93e212db6b033c8a2fa3a0eb46d4c4617dfeed33e5c361ddab3728c07501a3.jpeg,Santacruz
6,https://www.constructionweekonline.in/business/western-suburbs-of-mumbai-dominate-home-sales-in-2023,Western suburbs of Mumbai dominate home sales in 2023,Construction Week India,"May 29, 2023","The development that the western suburbs of Mumbai have seen over the last 
two decades has been commendable in terms of residential growth,...",https://serpapi.com/searches/66afcc513e86ac332a4955bb/images/af93e212db6b033ce056bbd0bf5dac8bc29e7fad9718b1c3f2d791498b5e567e.jpeg,Santacruz
7,https://www.business-standard.com/content/press-releases-ani/paradigm-realty-launches-affordable-luxury-project-in-juhu-santacruz-122062201105_1.html,Paradigm Realty launches affordable luxury project in Juhu-Santacruz,Business Standard,"Jun 22, 2022","Mumbai (Maharashtra) [India], June 22 (ANI/PNN): Paradigm Realty Group, 
which has become a name to reckon with in the space of ""Affordable...",https://encrypted-tbn0.gstatic.com/images?q=tbn:ANd9GcQPbBms1EILTYPsEAHiHAg9Idc5LesiODCliFZiU1GkemQer4tbktMV9ho&usqp=CAI&s,Santacruz
8,https://www.timesnownews.com/mumbai/how-opening-of-mumbai-coastal-road-has-led-to-surge-in-property-rates-in-bandra-andheri-area-article-108820508,How Opening Of Mumbai Coastal Road Has Led To Surge In Property Rates In Bandra-Andheri Area,Times Now,"Mar 27, 2024","Stakeholders report a 5-15 per cent increase in property values in the 
Bandra-Andheri area due to the project, with anticipated positive...",https://serpapi.com/searches/66afcc513e86ac332a4955bb/images/af93e212db6b033c201102fe7ca9158f735f13e71e02648871d7e764ecb930fd.jpeg,Santacruz
9,https://housing.com/news/will-mumbai-metro-impact-real-estate-market-city/,How will Mumbai Metro impact the real estate market in the city?,Housing,"Dec 8, 2020","With Mumbai struggling with transportation infrastructure for long, we look 
at how the multiple metro rail lines planned for the city,...",https://encrypted-tbn0.gstatic.com/images?q=tbn:ANd9GcTJ7uAF72tsvl9bOiODBMLTe1X-SQA3SLTCvI_T5bKwFXFO5H8SSr9X6Ww&usqp=CAI&s,Santacruz
10,https://housing.com/news/north-mumbai-a-growing-hub-for-affordable-housing/,North Mumbai: A growing hub for affordable housing,Housing,"Dec 8, 2020","North Mumbai has seen rapid development in recent years. Infrastructure has 
played a crucial role, in driving the growth of the real estate...",https://encrypted-tbn0.gstatic.com/images?q=tbn:ANd9GcSs1prmDSq2XcvmUrbqECWlAv91rzKn7kO4Bs8NTf14mSOnfiWZ2-7wfiY&usqp=CAI&s,Santacruz
1,https://www.cnbctv18.com/real-estate/redevelopment-projects-are-a-huge-opportunity-in-mumbai-real-estate-market-says-hiranandani-group-16493711.htm,Redevelopment projects are a huge opportunity in Mumbai real estate market: Hiranandani Group,CNBC TV18,"Apr 27, 2023","""Half of Mumbai city has the potential for redevelopment of its real 
estate"" says Akshay Kumar, CEO of Park Lane Property Advisors in an...",https://serpapi.com/searches/66afcc545b54ef718839faca/images/edae30bb9cc65997d4f804262eeada4d912d64bb9f0a350e952041d5127690c6.jpeg,Santacruz
2,https://www.thehindubusinessline.com/news/real-estate/mahindra-lifespace-to-develop-two-societies-in-mumbai-with-revenue-potential-of-500-crore/article66398275.ece,Mahindra Lifespace to develop two societies in Mumbai with revenue potential of ₹500 crore,The Hindu BusinessLine,"Jan 19, 2023","The company has been selected to redevelop two adjacent residential 
societies in the suburb of Santacruz West.",https://serpapi.com/searches/66afcc545b54ef718839faca/images/edae30bb9cc65997b9390cab1e04d8c64f125f304ffe0c9055ccc24a40ecaa3b.jpeg,Santacruz
3,https://www.moneycontrol.com/news/business/real-estate/pune-based-kolte-patil-developers-launches-two-projects-in-mumbai-aims-rs-410-crore-revenue-10189451.html,Kolte Patil Developers launches two redevelopment projects in Mumbai; aims Rs 410 crore revenue,Moneycontrol,"Mar 2, 2023","Pune-based listed real estate developer Kolte-Patil Developers Ltd (KPDL), 
on March 2, announced the launch of two redevelopment projects in...",https://serpapi.com/searches/66afcc545b54ef718839faca/images/edae30bb9cc65997d43b21cd232aa7759db99a67e42503a620968bd009f181ce.jpeg,Santacruz
4,https://www.timesnownews.com/mumbai/how-opening-of-mumbai-coastal-road-has-led-to-surge-in-property-rates-in-bandra-andheri-area-article-108820508,How Opening Of Mumbai Coastal Road Has Led To Surge In Property Rates In Bandra-Andheri Area,Times Now,"Mar 27, 2024","Stakeholders report a 5-15 per cent increase in property values in the 
Bandra-Andheri area due to the project, with anticipated positive...",https://serpapi.com/searches/66afcc545b54ef718839faca/images/edae30bb9cc65997c1ff293ccdf5dec54861d673ec4e91ef15215db74738a3f0.jpeg,Santacruz
5,https://www.constructionweekonline.in/business/western-suburbs-of-mumbai-dominate-home-sales-in-2023,Western suburbs of Mumbai dominate home sales in 2023,Construction Week India,"May 29, 2023","The development that the western suburbs of Mumbai have seen over the last 
two decades has been commendable in terms of residential growth,...",https://serpapi.com/searches/66afcc545b54ef718839faca/images/edae30bb9cc6599772b387fd7779ccb430da16bf7b873e417579324b88676db2.jpeg,Santacruz
6,https://timesproperty.com/news/post/current-market-prices-per-sq-ft-in-mumbai-blid3971,Market Prices Per Square Foot in Mumbai Neighborhoods,Times Property,"Feb 24, 2023","Know the Current Market Prices Per Sq. Ft. In Mumbai. Table of Contents. 
Mumbai And Its Neighbourhoods; Major Neighbourhoods In Brief In...",https://serpapi.com/searches/66afcc545b54ef718839faca/images/edae30bb9cc65997de76a8773be3c9bed8fea08860ff87279f08cfa2ca3a100d.jpeg,Santacruz
7,https://www.moneycontrol.com/news/business/real-estate/with-dream-plot-at-bandra-adani-realty-set-to-disrupt-mumbais-luxury-market-12372281.html,"With dream plot at Bandra, Adani Realty set to disrupt Mumbai’s luxury market",Moneycontrol,"Feb 28, 2024","Adani Realty has won the bid for undoubtedly the best piece of land in 
Mumbai. The new whale of the real estate market outbid L&T Realty to...",https://serpapi.com/searches/66afcc545b54ef718839faca/images/edae30bb9cc659979daa43d6dd5ba7ff86e54407282bbdec957b7f5b05f06814.jpeg,Santacruz
8,https://www.hindustantimes.com/cities/mumbai-news/a-year-after-assurances-khar-santacruz-citizens-demand-rob-101664044528422.html,"A year after assurances, Khar, Santacruz citizens demand ROB",Hindustan Times,"Sep 25, 2022","Citizens are demanding a ROB at Khar which sees heavy traffic jams in the 
area throughout the day, especially in monsoons due to potholes...",https://serpapi.com/searches/66afcc545b54ef718839faca/images/edae30bb9cc659972b85919afd06694b7cef7780b72bfcce0a13e826cc40c67a.jpeg,Santacruz
9,https://timesofindia.indiatimes.com/city/mumbai/rera-orders-rs-7-cr-refund-for-12-buyers-for-delayed-luxe-project/articleshow/100578305.cms,"MahaRERA orders Rs 7 crore refund for 12, but defers payment till Dec 2023 for project completion",Times of India,"May 29, 2023","The Maharashtra Real Estate Regulatory Authority (MahaRERA) has directed 
the builders of luxury project Mirabilis in Santacruz to refund the...",https://serpapi.com/searches/66afcc545b54ef718839faca/images/edae30bb9cc659975baa757015fe7b3e44b6c9e136f50ef1b8c464dfdcee210d.jpeg,Santacruz
10,https://www.moneycontrol.com/news/business/real-estate/agarwal-holdings-buys-75000-sq-ft-plot-in-mumbai-for-rs-332-8-crore-9167231.html,"Agarwal Holdings buys 75,000-sq-ft plot in Mumbai for Rs 332.8 crore",Moneycontrol,"Sep 12, 2022","Of late, there has been a flurry of bungalow deals in Mumbai. Also, the 
trend of industrialists, corporate leaders and start-up owners...",https://serpapi.com/searches/66afcc545b54ef718839faca/images/edae30bb9cc659979d00b030281c148b7492b2f8e7fe7f21bdc6fdc681164f6d.jpeg,Santacruz
1,https://timesofindia.indiatimes.com/business/india-business/reliance-infra-sells-santacruz-hq-to-yes-bank-to-settle-debt/articleshow/81823414.cms,Reliance Infra sells Santacruz HQ to Yes Bank to settle debt,Times of India,"Apr 1, 2021",India Business News: Reliance Infrastructure has said that it has sold Reliance Centre – the premises housing the group's headquarters – to...,https://serpapi.com/searches/66afcc55f21801def8322f56/images/09ddd7b16a0ffba7e76a7adc71e88e04e0203c865bda5ab677c84cca4a1146f8.jpeg,Santacruz
2,https://www.constructionworld.in/latest-construction-news/real-estate-news/redevelopment-of-housing-societies-in-south-mumbai/38351,Redevelopment of housing societies in South Mumbai,Construction World,"Jan 2, 2023","In the silk stocking enclaves of south Mumbai, such as Malabar Hill, Walkeshwar, Nepean Sea Road, and Altamount Road, redevelopment fever...",https://serpapi.com/searches/66afcc55f21801def8322f56/images/09ddd7b16a0ffba732ef93ff7a6452f5c5e2f9f095188c82d85c00580c8992e5.jpeg,Santacruz
3,https://realty.economictimes.indiatimes.com/news/allied-industries/taj-announces-opening-of-its-luxury-hotel-in-santacruz-mumbai/50585732,"Taj announces opening of its luxury hotel in Santacruz, Mumbai",ET Realty,"Jan 15, 2016","Located just off the Western Express Highway, the hotel also offers a vantage point of access, with proximity to the city's financial and...",https://serpapi.com/searches/66afcc55f21801def8322f56/images/09ddd7b16a0ffba7051d54593e644d834dad2787a91c99dcbe21c10060cf0593.jpeg,Santacruz
4,https://www.rprealtyplus.com/news-views/vascon-engineers-ltd-expands-presence-with-new-mumbai-office-113800.html,Vascon Engineers Ltd Expands Presence With New Mumbai Office,Realty Plus Magazine,"Jan 26, 2024","The expansion of Real Estate into Mumbai, one of the largest markets in the country, underscores Vascon Engineers' commitment to extending...",https://serpapi.com/searches/66afcc55f21801def8322f56/images/09ddd7b16a0ffba7e14c8e5879e40fa89754cd90e3367759e6db80d083a10d8b.jpeg,Santacruz
5,https://www.business-standard.com/article/news-cm/vascon-engg-jumps-on-signing-redevelopment-project-in-mumbai-122102000300_1.html,Vascon Engg jumps on signing redevelopment project in Mumbai,Business Standard,"Oct 20, 2022",Vascon Engineers rose 3.35% to Rs 27.75 after the company said it signed a project of redeveloping a cooperative housing society at...,https://serpapi.com/searches/66afcc55f21801def8322f56/images/09ddd7b16a0ffba71c6b169ce3c9c7a413ac07182adbc8a8b7e7ed9b1609eec1.png,Santacruz
6,https://housing.com/news/bkc-commercial-hub-emerging-residential-area/,BKC: A commercial hub that is emerging as a residential area,Housing,"Dec 8, 2020","While the Bandra Kurla Complex was initially intended to serve as an alternate business district to south Mumbai, it is also now emerging as...",https://serpapi.com/searches/66afcc55f21801def8322f56/images/09ddd7b16a0ffba7b3a1f07ba833f1d32c8f7d891958b04ff9abb33c5541c0a7.jpeg,Santacruz
7,https://housing.com/news/bandra-east-property-market-overview/,Bandra east property market: An overview,Housing,"Apr 14, 2017","Bandra, commonly known as the 'queen of the suburbs' is one of the most premium and expensive residential localities in Mumbai.",https://serpapi.com/searches/66afcc55f21801def8322f56/images/09ddd7b16a0ffba7e0793c7e6495e94e94e5777311bc98019bccdcc60eb462f1.jpeg,Santacruz
8,https://housing.com/news/best-places-to-live-in-mumbai-for-families/,Best places to live in Mumbai for families,Housing,"Aug 2, 2022","According to several real estate agents, industry and housing experts, Chembur is the numero uno in the list of the best places to live in...",https://serpapi.com/searches/66afcc55f21801def8322f56/images/09ddd7b16a0ffba71872cb38ce77a34a3a83f59bdf7b3c890903f4824758f3d6.jpeg,Santacruz
9,https://www.hindustantimes.com/india/bhujbals-stayed-in-swanky-home-real-owners-locked-out/story-Br6exbDqihoqihCmSFR7oI.html,"Bhujbals stayed in swanky home, real owners locked out",Hindustan Times,"Apr 17, 2016","Amid allegations of amassing a multi-crore empire spanning mines in Indonesia, sugar mills in Nasik and several real estate companies,...",https://serpapi.com/searches/66afcc55f21801def8322f56/images/09ddd7b16a0ffba712cfaedd5b6c0737a64498fbcd57b20b2e8859271c2d7baa.png,Santacruz
10,https://housing.com/news/mumbai-metro-line-3/,"Mumbai Metro Line 3: Aqua Line route, stations, map",Housing,1 month ago,"Mumbai Metro Line 3 is also known as the Aqua Line. Check out details, such as its route, stations, etc., in this guide.",https://serpapi.com/searches/66afcc55f21801def8322f56/images/09ddd7b16a0ffba7be2e944267477daaa20e875e64bbcca18303b8b5b902ef0b.jpeg,Santacruz
1,https://housing.com/news/mumbai-metro/,"Mumbai Metro Lines: Route, map, stations and latest news",Housing,"May 28, 2024","Mumbai Metro Map: Read this article to learn about the various routes of 
the Mumbai Metro as well as other information.",https://serpapi.com/searches/66afcc572d5b12f3c6f359ff/images/c9e87dcab7004cec6f42a5bbd7bea8a6447c862d6424d3dbca9d5ebdedaf577a.jpeg,Santacruz
2,https://housing.com/news/mumbai-metro-line-2b-route-stations-maps/,"Mumbai Metro Line 2B: Route,maps",Housing,"Apr 19, 2024","The Mumbai Metro Line 2B is also known as the Yellow Line. Check out 
details such as route, stations etc. in this guide.",https://serpapi.com/searches/66afcc572d5b12f3c6f359ff/images/c9e87dcab7004cece84f6c8ce6900f211948c90a545ddf410c31b90b2b0bfb5d.jpeg,Santacruz
3,https://housing.com/news/mahindra-lifespaces-to-redevelop-housing-project-in-mumbais-malad-west/,Mahindra Lifespaces to redevelop project in Mumbai’s Malad West,Housing,"Apr 25, 2023","Mahindra Lifespace Developers Limited, the real estate and infrastructure 
development arm of the Mahindra Group, has been selected to...",https://serpapi.com/searches/66afcc572d5b12f3c6f359ff/images/c9e87dcab7004cec5feac188241f82c505d8f0aac740862fb4d6ce89dd81a462.jpeg,Santacruz
4,https://www.firstpost.com/business/real-estate/why-santacruz-in-mumbai-is-indias-most-affluent-locality-by-pin-code-1985839.html,Why Santacruz in Mumbai is India's most affluent locality by pin code,Firstpost,"Aug 25, 2014","An analysis of highest income earning localities by pin code puts Santacruz 
ahead of Malabar Hill and Cumballa Hill in Mumbai.",https://serpapi.com/searches/66afcc572d5b12f3c6f359ff/images/c9e87dcab7004cec4b640f461bf931e66af04b692a1cec6e01278b85063b7585.png,Santacruz
5,https://www.zeebiz.com/real-estate/news-mahindra-lifespace-to-redevelop-2-adjacent-housing-societies-in-mumbai-eyes-rs-500-crore-revenue-217942,Mahindra Lifespace to redevelop 2 adjacent housing societies in Mumbai; eyes Rs 500 crore revenue,Zee Business,"Jan 19, 2023","The project will offer Mahindra Lifespaces a revenue potential of around Rs 
500 crore, the filing added. Get more Real Estate News and...",https://serpapi.com/searches/66afcc572d5b12f3c6f359ff/images/c9e87dcab7004cec52faac6a520f55542e742b4c4870a3a49463e90809314a33.jpeg,Santacruz
6,https://housing.com/news/top-10-localities-close-to-the-best-schools-in-mumbai/,Top 10 localities close to the best schools in Mumbai,Housing,"Nov 9, 2020","There is no doubt that Mumbai is one of the most sought-after cities in 
India, in spite of its traffic congestion and exorbitant property...",https://serpapi.com/searches/66afcc572d5b12f3c6f359ff/images/c9e87dcab7004cec30304d9347e5e4c616add09371676ae562eac42c95447cee.jpeg,Santacruz
7,https://www.hindustantimes.com/real-estate/the-suite-life-five-stars-offer-homes-you-can-rent-for-weeks-months-years/story-frY677KLca4KDSreYPAZbN.html,"The suite life: Five-stars offer homes you can rent for weeks, months, years",Hindustan Times,"Sep 18, 2017","Living in a hotel full-time is no longer the stuff of daydreams. Grand 
Hyatt has 110 apartments located close to its Santacruz hotel.",https://serpapi.com/searches/66afcc572d5b12f3c6f359ff/images/c9e87dcab7004cec5a715d5479c3c348f4d996491a7a28b0ad28e2c6b9d539e9.png,Santacruz
8,https://mumbaimirror.indiatimes.com/mumbai/cover-story/more-land-for-city-as-bsnl-set-to-sell-70-acres-in-deonar-borivali-santa-cruz/articleshow/29620420.cms,"More land for city as BSNL set to sell 70 acres in Deonar, Borivali, Santa Cruz",Mumbai Mirror,"Jan 31, 2014","Mumbai's space-starved real estate market will soon get three large chunks 
of land in Borivali, Deonar and Santa Cruz.",https://serpapi.com/searches/66afcc572d5b12f3c6f359ff/images/c9e87dcab7004cec0d0ff1bf8d76cc6012ceec13dd5137ea6c1fa1ab730e5c6e.jpeg,Santacruz
9,https://housing.com/news/mumbai-development-plan-2034-focus-affordable-housing/,Mumbai Development Plan 2034: Focus on affordable housing,Housing,"May 8, 2017","Although the proposed Development Plan 2034 for Mumbai, is expected to 
boost participation in infrastructure and affordable housing projects...",https://serpapi.com/searches/66afcc572d5b12f3c6f359ff/images/c9e87dcab7004cec6c539c358634856783528be0ea7f72d504615d26849242ae.jpeg,Santacruz
10,https://www.thehindu.com/news/cities/mumbai/business/Anil-Ambani-gets-a-taste-of-daily-Mumbai-commute/article14414559.ece,Anil Ambani gets a taste of daily Mumbai commute,The Hindu,"Jun 10, 2016","After the Reliance Group's headquarters moved from Ballard Estate to Santa 
Cruz, Mr. Ambani will now spend an hour travelling everyday.",https://serpapi.com/searches/66afcc572d5b12f3c6f359ff/images/c9e87dcab7004cec39b6d1292db7b37ab0fbca5e402f237da47adf2e7677ea86.jpeg,Santacruz
1,https://www.moneycontrol.com/news/business/real-estate/screenwriter-javed-akhtar-buys-another-property-in-juhu-worth-rs-7-76-crore-12761532.html,Screenwriter Javed Akhtar buys another property in Juhu worth Rs 7.76 crore,Moneycontrol,1 month ago,"Noted screenwriter and lyricist Javed Akhtar has purchased a property in 
Mumbai's upscale Juhu neighbourhood for Rs 7.76 crore, according to...",https://serpapi.com/searches/66afcc599c84ac13906ef503/images/8630259efe877c8b511fa187e40bd08072ff9e221d1838967199eda23c441c6a.jpeg,Juhu
2,https://www.hindustantimes.com/real-estate/promoters-of-pharma-firm-buy-bungalow-in-mumbai-for-rs-101-crore-101709113465370.html,Promoters of pharma firm buy bungalow in Mumbai for ₹101 crore,Hindustan Times,"Feb 28, 2024","Promoters of Macleods Pharmaceuticals have bought a bungalow in Mumbai 
spread across an area of 3604 sq ft, located in JVPD Scheme in Vile...",https://serpapi.com/searches/66afcc599c84ac13906ef503/images/8630259efe877c8ba5574afa0faa9decee048f185ac62a5da363a4cef65a5efc.jpeg,Juhu
3,https://timesproperty.com/news/post/javed-akhtar-invests-rs-7-76-cr-in-upscale-juhu-apartment-blid7817,Javed Akhtar Buys Rs 7.76 Cr Luxury Apartment in Juhu,Times Property,1 month ago,"Javed Akhtar Adds Another Juhu Property to His Portfolio. Mumbai's real 
estate market, particularly the luxury segment, has been witnessing...",https://serpapi.com/searches/66afcc599c84ac13906ef503/images/8630259efe877c8b63c4a95c8e5ab0fb8f92dafd4c4ba1c6aa8096a9c671d3ae.jpeg,Juhu
4,https://www.newsbytesapp.com/news/entertainment/screenwriter-lyricist-javed-akhtar-buys-rs-7-8cr-apartment-in-upscale-juhu-report/story,Javed Akhtar's new digs: Invests ₹7.8cr in upscale Juhu apartment,NewsBytes,1 month ago,"Celebrated poet, scriptwriter, and lyricist, Javed Akhtar has added a 
luxurious apartment to his property portfolio in Mumbai's posh Juhu...",https://serpapi.com/searches/66afcc599c84ac13906ef503/images/8630259efe877c8bd86c886e28af4556ec7c567f11f08d6c7c67599d93fd7a69.jpeg,Juhu
5,https://indianexpress.com/article/cities/mumbai/juhu-housing-societies-legal-battle-as-bombay-hc-absolute-right-common-plots-9407907/,14 Juhu housing societies win 8-year legal battle as Bombay HC gives them ‘absolute right’ over common plots,The Indian Express,1 month ago,"In a significant relief to the 14 housing societies of Juhu Vile Parle 
Development (JVPD) Scheme in Mumbai after eight years of legal battle...",https://serpapi.com/searches/66afcc599c84ac13906ef503/images/8630259efe877c8bb844aff968bbb54b1be803c8b214675018ce8b1bbcd69bf5.jpeg,Juhu
6,https://timesofindia.indiatimes.com/entertainment/hindi/bollywood/news/a-closer-look-at-akshay-kumars-rs80-crore-elegant-abode-in-juhu-mumbai/articleshow/111305229.cms,"A closer look at Akshay Kumar's Rs80 crore elegant abode in Juhu, Mumbai",Times of India,1 month ago,"Explore the luxurious and elegant abode of Bollywood star Akshay Kumar and 
Twinkle Khanna in Juhu, Mumbai. Discover Twinkle's creative touch...",https://serpapi.com/searches/66afcc599c84ac13906ef503/images/8630259efe877c8b83f91c93e3012524e34585b2b32bc6d81ba75e5abf1bb7c7.jpeg,Juhu
7,https://www.bollywoodhungama.com/news/bollywood/javed-akhtar-buys-property-juhu-rs-7-76-crores-report/,Javed Akhtar buys property in Juhu for Rs 7.76 crores: Report,Bollywood Hungama,1 month ago,"Veteran screenwriter and lyricist Javed Akhtar has further expanded his 
property holdings in Mumbai's affluent Juhu neighbourhood.",https://serpapi.com/searches/66afcc599c84ac13906ef503/images/8630259efe877c8b1624b846c28665843556896e713575eea66bfde810f7f34b.jpeg,Juhu
8,https://media.biltrax.com/macrotech-developers-to-build-a-luxury-residential-project-in-juhu/,Macrotech Developers to build a Luxury Residential Project on Centaur Hotel land after NCLT’s nod,Biltrax Media,"Apr 30, 2024","Lodha Group-owned Macrotech Developers has received approval from NCLT for 
acquiring the Centaur Hotel from V Hotel in Juhu.",https://serpapi.com/searches/66afcc599c84ac13906ef503/images/8630259efe877c8b0d4b90044c6ed976a326454a0d25ae8b88d4e162f1df1137.jpeg,Juhu
9,https://www.moneycontrol.com/news/business/real-estate/mumbai-bungalow-worth-more-than-rs-104-crore-in-prime-juhu-vila-parle-residential-enclave-set-to-be-auctioned-12751688.html,"Mumbai bungalow, worth over Rs 104 crore in prime Juhu Vile Parle area, set to be auctioned",Moneycontrol,1 month ago,"Market experts say the location of the bungalow on the celebrity street has 
already attracted the interest of more than 15 HNIs.",https://serpapi.com/searches/66afcc599c84ac13906ef503/images/8630259efe877c8b8b2f3ef632d88ba160eb690243a10f0ae58ed30bb1d4b1ef.jpeg,Juhu
10,https://www.hindustantimes.com/real-estate/want-to-be-amitabh-bachchans-neighbour-heres-your-chance-to-buy-a-property-next-door-through-a-bank-auction-101710297033301.html,Amitabh Bachchan's next door bungalow up for sale,Hindustan Times,"Mar 13, 2024","Amitabh Bachchan's Juhu home's neighbouring bungalow is being auctioned 
under the SARFAESI Act, according to a recent public notice.",https://serpapi.com/searches/66afcc599c84ac13906ef503/images/8630259efe877c8ba17609829f81cdffe85c7bffaa618abeae1f64fa4e68d824.jpeg,Juhu
1,https://www.moneycontrol.com/news/business/real-estate/mumbai-bungalow-worth-more-than-rs-104-crore-in-prime-juhu-vila-parle-residential-enclave-set-to-be-auctioned-12751688.html,"Mumbai bungalow, worth over Rs 104 crore in prime Juhu Vile Parle area, set to be auctioned",Moneycontrol,1 month ago,"Market experts say the location of the bungalow on the celebrity street has 
already attracted the interest of more than 15 HNIs.",https://serpapi.com/searches/66afcc5a35176427fe5c6aa9/images/54f3594d9d7d42ce1ca3d6cf71c22c749dc814ed90d6b51313952679b13df658.jpeg,Juhu
2,https://www.hindustantimes.com/real-estate/want-to-be-amitabh-bachchans-neighbour-heres-your-chance-to-buy-a-property-next-door-through-a-bank-auction-101710297033301.html,Amitabh Bachchan's next door bungalow up for sale,Hindustan Times,"Mar 13, 2024","Amitabh Bachchan's Juhu home's neighbouring bungalow is being auctioned 
under the SARFAESI Act, according to a recent public notice.",https://serpapi.com/searches/66afcc5a35176427fe5c6aa9/images/54f3594d9d7d42ce04ef3f5e171aedf2e6da0a36b82f92684920679365394411.jpeg,Juhu
3,https://housing.com/news/rajkummar-rao-house/,Inside Rajkummar Rao’s house and luxurious triplex in Mumbai,Housing,"May 13, 2024","A peek into Bollywood actor Rajkummar Rao's apartment in Mumbai. The actor 
recently purchased Janhvi Kapoor's luxurious triplex for Rs 44...",https://serpapi.com/searches/66afcc5a35176427fe5c6aa9/images/54f3594d9d7d42cee7342d6bc7a8e973279c513d22be83185b6ead33d2b665ac.jpeg,Juhu
4,https://www.hindustantimes.com/real-estate/tamannaah-bhatia-rents-commercial-property-for-rs-18-lakh-per-month-mortgages-3-flats-in-mumbai-for-rs-7-84-cr-101719836223070.html,"Tamannaah Bhatia rents commercial property for ₹18 lakh per month, mortgages 3 flats in Mumbai for ₹7.84 crore",Hindustan Times,1 month ago,"Bollywood star Tamannaah Bhatia has rented a commercial property for ₹18 
lakh per month and mortgaged three residential units for ₹7.84...",https://serpapi.com/searches/66afcc5a35176427fe5c6aa9/images/54f3594d9d7d42ce1415ad5f98ed02289bbb4dfa9d0d65389769e236ba91c029.jpeg,Juhu
5,https://www.moneycontrol.com/news/business/real-estate/bollywood-actor-amitabh-bachchans-neighbours-bungalow-in-juhu-put-on-auction-for-rs-25-crore-12446431.html,Living next door to Amitabh: What it would cost you to be neighbours with the Bachchans,Moneycontrol,"Mar 12, 2024","A bungalow neighbouring Bollywood star Amitabh Bachchan's bungalow named 
Jalsa near Juhu beach in Mumbai is set to be auctioned.",https://serpapi.com/searches/66afcc5a35176427fe5c6aa9/images/54f3594d9d7d42ce2e363e65ef0b7bb557e80db58040064d392793649cf7e6ab.jpeg,Juhu
6,https://housing.com/news/sonakshi-sinha-home/,Sonakshi Sinha house: About the actor’s homes in Juhu and Bandra,Housing,1 month ago,"Sonakshi Sinha got the top floor of her house 'Ramayan' at JVPD Scheme, 
Juhu with rich textures and geometric shapes.",https://serpapi.com/searches/66afcc5a35176427fe5c6aa9/images/54f3594d9d7d42ced95783dae0793ab64b63b12ad473c0dcb40041d6a409e180.jpeg,Juhu
7,https://www.hindustantimes.com/real-estate/mumbai-real-estate-5-locations-that-have-restrictions-on-construction-of-property-projects-101716955933848.html,Mumbai real estate: 5 locations that have restrictions on construction of property projects,Hindustan Times,"May 29, 2024","There are several localities in Mumbai where restrictions on construction 
are in place either due to presence of defence facilities or...",https://serpapi.com/searches/66afcc5a35176427fe5c6aa9/images/54f3594d9d7d42ced233e53f017cd7b550af12e228171e87443cf23985cc077d.jpeg,Juhu
8,https://www.moneycontrol.com/news/business/real-estate/amitabh-bachchan-gifts-juhu-home-prateeksha-to-daughter-11808491.html,"Amitabh Bachchan gifts Juhu home, Prateeksha, to daughter",Moneycontrol,"Nov 24, 2023","The bungalow in Juhu, Mumbai, was the actor's first property in Mumbai and 
was where he lived with his parents.",https://serpapi.com/searches/66afcc5a35176427fe5c6aa9/images/54f3594d9d7d42ce28f09eba52423d0f4e9ff9838f52c8e84b093661ddc194bb.jpeg,Juhu
9,https://housing.com/news/javed-akhtar-buys-rs-7-8-cr-apartment-in-mumbais-juhu/,Javed Akhtar buys Rs 7.8 cr apartment in Mumbai’s Juhu,Housing,1 month ago,"... 2024: Renowned poet, lyricist, and scriptwriter Javed Akhtar recently 
invested in a property at Mumbai's Sagar Samrat Building in Juhu.",https://serpapi.com/searches/66afcc5a35176427fe5c6aa9/images/54f3594d9d7d42ceb7ec2d468c12d730b2c0536f0a08b411c53ddd5c0524839c.jpeg,Juhu
10,https://housing.com/news/hrithik-roshan-home/,A look inside Hrithik Roshan’s luxurious house in Mumbai,Housing,"Jan 18, 2024","Wondering where Hrithik Roshan lives? Read on to learn all about Hrithik 
Roshan house in Juhu Mumbai. See photos and interiors.",https://serpapi.com/searches/66afcc5a35176427fe5c6aa9/images/54f3594d9d7d42cefd6cfe71d8f32ca61cf646de19d9a660826380eef1160956.jpeg,Juhu
1,https://housing.com/news/akshay-kumar-twinkle-khanna-house/,Akshay Kumar house: A peek into his Mumbai residence,Housing,"Sep 20, 2023","The estimated price of Akshay Kumar's house is about 80 crores. Find out 
Twinkle Khanna and Akshay Kumar's net worth and investments.",https://serpapi.com/searches/66afcc5d2f542e31496ff32a/images/0c7f5211c472db8c4826b9a7f0fb6a7cf2655d73791dff47470296472e216344.jpeg,Juhu
2,https://housing.com/news/tamannaah-bhatia-rents-commercial-property-for-rs-18-lakh-per-month/,Tamannaah Bhatia rents commercial property for Rs 18 lakh per month,Housing,1 month ago,"The 6065-sqft commercial property in Western Wind on Mumbai's Juhu Tara 
Road has been leased from Nanavati Construction for five years.",https://serpapi.com/searches/66afcc5d2f542e31496ff32a/images/0c7f5211c472db8c0e3e11619f1668bd417a0aae5b402733b8d1cf0abc89ad04.jpeg,Juhu
3,https://www.constructionworld.in/latest-construction-news/real-estate-news/agarwal-holding-brothers-acquire-juhu-land-for-rs-1.01-billion/51658,Agarwal Holding brothers acquire Juhu land for Rs 1.01 billion,Construction World,"Mar 1, 2024","Macleods Pharma promoters Girdharilal Bawri, Banwarilal Bawri and Rajendra 
Agarwal, together acquire one-sixth of an acre of land in the...",https://serpapi.com/searches/66afcc5d2f542e31496ff32a/images/0c7f5211c472db8c9e1267b16c7981b8c3367399a78b23ef2f80128191ea053c.jpeg,Juhu
4,https://www.hindustantimes.com/real-estate/promoters-of-wires-and-cables-manufacturer-rr-kabel-ltd-buy-two-apartments-in-mumbai-for-rs-50-76-crore-101709378347272.html,Promoters of electric cables firm buy two flats in Mumbai for ₹50.76 crore,Hindustan Times,"Mar 2, 2024","The two sea-facing apartments in Mumbai have been bought by promoters of RR 
Kabel Ltd from the real estate firm 25 South Realty Limited,...",https://serpapi.com/searches/66afcc5d2f542e31496ff32a/images/0c7f5211c472db8cf5809d826dd8c832db97907412495e8a44b5a58c15647b4b.jpeg,Juhu
5,https://housing.com/news/mhada-bmc-remove-unauthorised-hoarding-in-mumbais-juhu-vile-parle/,"MHADA, BMC remove unauthorised hoarding in Mumbai’s Juhu Vile Parle",Housing,1 month ago,"This initiative comes in response to the tragic Ghatkopar incident and 
directives from CM Eknath Shinde to eliminate illegal hoardings...",https://serpapi.com/searches/66afcc5d2f542e31496ff32a/images/0c7f5211c472db8c50605f9731988e4e9f2e54400b6448176e07f75c0948559a.jpeg,Juhu
6,https://www.propnewstime.com/getdetailsStories/NTYzOA==/macleods-pharma-promoters-acquire-inr-106-crore-bungalow-in-mumbai-s-juhu,Macleods Pharma promoters acquire INR 106 crore bungalow in Mumbai's Juhu,Prop News Time,"Mar 4, 2024","Girdharilal and Banwarilal Bawri, promoters of Macleods Pharmaceuticals, 
along with Rajendra Agarwal, acquire a 3600 sq ft bungalow in Vile...",https://serpapi.com/searches/66afcc5d2f542e31496ff32a/images/0c7f5211c472db8c5419efef0740d359a3d77654481a76ae44c06becb5deffbb.jpeg,Juhu
7,https://housing.com/news/popular-celebrity-homes-in-mumbais-juhu-and-bandra/,Popular celebrity homes in Mumbai’s Juhu and Bandra,Housing,"Apr 1, 2024","Some of the popular celebrities who own luxurious property in Juhu and 
Bandra localities include Amitabh Bachchan, Shah Rukh Khan,...",https://serpapi.com/searches/66afcc5d2f542e31496ff32a/images/0c7f5211c472db8c6ee34150a511dd5e157d526d3da61ef28c0125adc9cb7f51.jpeg,Juhu
8,https://housing.com/news/posh-residential-areas-in-mumbai/,Posh Areas In Mumbai With Property Prices,Housing,"Oct 16, 2023","Check out the list of posh areas in Mumbai and its suburban regions that is 
known for housing celebrities, millionaires and businessmen.",https://serpapi.com/searches/66afcc5d2f542e31496ff32a/images/0c7f5211c472db8c97dde1bcd09f20b532f0b0316b8023007825f9f2d393abfc.jpeg,Juhu
9,https://housing.com/news/ajay-devgn-kajol-home/,Kajol and Ajay Devgn house: A peek inside the actor couple’s Mumbai home,Housing,"Apr 2, 2024","Check the inside pictures of Kajol and Ajay Devgn house in Mumbai in Juhu, 
which is named as Shivshakti.",https://serpapi.com/searches/66afcc5d2f542e31496ff32a/images/0c7f5211c472db8ca430228474bd2aa80c36cfdaa4c2fd77552800a2812a97d1.jpeg,Juhu
10,https://housing.com/news/dev-anands-juhu-bungalow-to-be-replaced-by-a-22-storey-tower/,Dev Anand’s Juhu bungalow to be replaced by a 22-storey tower,Housing,"Sep 21, 2023","The late actor lived with his wife Kalpana Kartik, son Suniel Anand and 
daughter Devina Anand in this Mumbai house for nearly four decades.",https://serpapi.com/searches/66afcc5d2f542e31496ff32a/images/0c7f5211c472db8cb18f7f6512acd02746b33d911d3a0c7f42f0befdd86bb7f1.jpeg,Juhu
1,https://housing.com/news/govinda-house/,A glimpse into Govinda’s glamorous home,Housing,"Aug 9, 2023","Govinda and his family stay in a two-storeyed mansion called Jal Darshan, 
facing the Arabian Sea. The property is around Rs 16 crore.",https://serpapi.com/searches/66afcc5dfe41d07a67145c80/images/11a2f3866c188b89ae6b1e86967ac23e3d62a073047c1ea82d405bf5263134e3.jpeg,Juhu
2,https://timesofindia.indiatimes.com/city/mumbai/sunny-deols-juhu-plot-on-block-over-rs-56cr-loan/articleshow/102883523.cms,Sunny Deol's Juhu plot on block over Rs 56 cr loan,Times of India,"Aug 21, 2023","Sunny Deol, whose latest film Gadar 2 has set the box office ringing, has 
got a big jolt from Bank of Baroda (BoB) which has put on auction...",https://serpapi.com/searches/66afcc5dfe41d07a67145c80/images/11a2f3866c188b895eefd61b68c24f0b73f4076ea9e74488a1c20f199d07f8cb.jpeg,Juhu
3,https://www.freepressjournal.in/mumbai/mumbai-news-pune-developer-buys-juhu-plot-for-550-crore,Mumbai News: Pune Developer Buys Juhu Plot For ₹550 Crore,Free Press Journal,"Aug 14, 2023","Mumbai: Pune-based developer, Honest Vastunirman, has picked up a massive 
20.07 acre of land parcel in the prime area of Andheri West for...",https://serpapi.com/searches/66afcc5dfe41d07a67145c80/images/11a2f3866c188b89515a816e75d2acda28119d79dd8748040ed7d7b4a53ef901.jpeg,Juhu
4,https://www.moneycontrol.com/news/business/real-estate/bungalow-deals-gaining-traction-in-mumbai-10903821.html,Bungalow deals gaining traction in Mumbai,Moneycontrol,"Jul 4, 2023","Samar Chauhan, Executive Director of Parle Products Pvt Ltd, has purchased 
a property for Rs 78 crore in Juhu, Mumbai, documents accessed by...",https://serpapi.com/searches/66afcc5dfe41d07a67145c80/images/11a2f3866c188b898bd4a7a70936396f2f7480f76b44d040029ef140cb0d7e98.jpeg,Juhu
5,https://housing.com/news/vidya-balan-home-an-understatedly-elegant-abode-just-like-its-owner/,Inside Vidya Balan’s Juhu home,Housing,"Aug 29, 2023","Check out Vidya Balan's Juhu home that she shares with husband Siddharth 
Roy Kapur. The house is vibrant with locally crafted pieces.",https://serpapi.com/searches/66afcc5dfe41d07a67145c80/images/11a2f3866c188b890653e5a1e34a98eada36ac086341af54981b8538018798a8.jpeg,Juhu
6,https://www.moneycontrol.com/news/photos/business/real-estate/yearender-2022-ten-expensive-luxury-home-buyers-of-the-year-9783551.html,Yearender 2022 | Ten expensive luxury home buyers of the year,Moneycontrol,"Dec 29, 2022","A dozen homes worth more than Rs 100 crore were sold in Mumbai and Delhi in 
2022. The largest transaction in the year was of a Rs 333-crore...",https://serpapi.com/searches/66afcc5dfe41d07a67145c80/images/11a2f3866c188b895aaf739d2d058d18fa5db1df0bca5556b15ec3f2a2a9faed.jpeg,Juhu
7,https://housing.com/news/jeetendra-ekta-kapoor-house/,Jeetendra-Ekta Kapoor’s Mumbai bungalow: Sheer grandeur,Housing,"Jul 31, 2023","Ekta Kapoor, her son Ravie and her parents live in the palatial 'Krishna' 
bungalow in Juhu while brother Tusshar Kapoor lives nearby.",https://serpapi.com/searches/66afcc5dfe41d07a67145c80/images/11a2f3866c188b891e52bb23a1acba99268a42a1a19b3c367e95d3c06d4aa127.jpeg,Juhu
8,https://housing.com/news/rohit-shetty-house/,"Rohit Shetty house Juhu: Address, photos and facts",Housing,"Apr 28, 2023","Rohit Shetty lives with his family in Juhu in Mumbai in a 10-storeyed 
building, known as the Shetty Tower. As per reports, Rohit Shetty has...",https://serpapi.com/searches/66afcc5dfe41d07a67145c80/images/11a2f3866c188b8988ba85bb31f6110d9a6bfd867de66b916c720929af45eaa0.jpeg,Juhu
9,https://housing.com/news/list-of-best-cafes-in-juhu-mumbai/,List Of Best Cafes In Juhu Mumbai In 2023,Housing,"Oct 9, 2023","List of the finest cafés in Juhu, Mumbai The following is a list of the 
finest cafes in Juhu to visit for excellent cuisine and coffee.",https://serpapi.com/searches/66afcc5dfe41d07a67145c80/images/11a2f3866c188b898c06dc7e962aa9914b29c71dbdbfd94d78ad058124655191.jpeg,Juhu
10,https://housing.com/news/inside-katrina-kaif-and-vicky-kaushal-home-in-mumbai/,Katrina Kaif and Vicky Kaushal house: A peek inside their Mumbai home,Housing,"Aug 16, 2023","Vicky Kaushal house is in Juhu which he shares with wife Katrina Kaif. Find 
out the location of Vicky Kaushal home and décor.",https://serpapi.com/searches/66afcc5dfe41d07a67145c80/images/11a2f3866c188b899e2668bd90617a6cb2d1aed06ee0fbb08846670d6de7b6f9.jpeg,Juhu
1,https://indianexpress.com/article/cities/mumbai/mumbai-real-estate-sector-shines-2022-juhu-property-333-crore-8352717/,Real estate sector shines in 2022: A Juhu property in Mumbai bought for Rs 333 crore the most expensive deal,The Indian Express,"Dec 30, 2022","In December alone, Mumbai city earned revenue of Rs 823.05 crore from 9206 
properties conveyance (sale) deeds; whereas entire Maharashtra...",https://serpapi.com/searches/66afcc5f5b54ef718839facc/images/a045e67a580567c4cc52225314329eba6adb481a1d57c72f205a283539f635df.jpeg,Juhu
2,https://www.moneycontrol.com/news/business/real-estate/k-raheja-corp-homes-launches-ultra-luxury-project-in-mumbais-juhu-market-10833501.html,K Raheja Corp Homes launches ultra-luxury project in Mumbai’s Juhu market,Moneycontrol,"Jun 21, 2023","Feat Properties Pvt Ltd, a subsidiary of K Raheja Corp, had purchased a 
3278-sq m bungalow in Mumbai's Juhu area for Rs 182.75 crore from...",https://serpapi.com/searches/66afcc5f5b54ef718839facc/images/a045e67a580567c4dcc1d9c8456c3c3b15555029956125281eb00095428ea831.jpeg,Juhu
3,https://www.moneycontrol.com/news/business/real-estate/mumbai-real-estate-redevelopment-projects-worth-rs-20000-crore-unable-to-take-off-in-juhu-heres-why-10752491.html,"Mumbai real estate: Redevelopment projects worth Rs 20,000 crore unable to take off in Juhu. Here’s why",Moneycontrol,"Jun 6, 2023","The Juhu Wireless Affected Residents Association (JWARA), representing over 
20,000 families in the Juhu area of Mumbai, has written to the...",https://serpapi.com/searches/66afcc5f5b54ef718839facc/images/a045e67a580567c429e367c49db275aa03afc9c53bc651cf1460ee66b701faa4.jpeg,Juhu
4,https://housing.com/news/dining-options-in-juhu-mumbai/,"Amazing dining options in Juhu, Mumbai",Housing,"Aug 17, 2023","Juhu offers a variety of tastes and preferences ranging from the Middle 
Eastern delicacies to Asian flavours and Indian classics.",https://serpapi.com/searches/66afcc5f5b54ef718839facc/images/a045e67a580567c4f093321592dd28654c1dd8edb66b8c44c5d286bcfdfbcc2d.jpeg,Juhu
5,https://housing.com/news/alia-bhatt-house/,Alia Bhatt house: Inside the Bollywood star’s Mumbai home,Housing,"May 11, 2023","Eternal Sunshine Productions Pvt Ltd., Alia Bhatt's production house has 
invested in Rs 37.80 crore apartment in Pali Hill, Bandra.",https://serpapi.com/searches/66afcc5f5b54ef718839facc/images/a045e67a580567c4f0f147b3a2de8f970b4fa1b052bb940088991a8e0cfba848.jpeg,Juhu
6,https://housing.com/news/kartik-aryan-buys-apartment-in-juhu-for-rs-17-50-crore/,Kartik Aryan buys apartment in Juhu for Rs 17.50 crore,Housing,"Jul 8, 2023","Actor Kartik Aryan has bought a 1,916 sqft apartment for Rs 17.50 crore in 
Juhu, Mumbai, show documents accessed by IndexTap.com.",https://serpapi.com/searches/66afcc5f5b54ef718839facc/images/a045e67a580567c4c9a6ccebb78579bbd7aa78a29f5b96f9c6238238dfe45299.jpeg,Juhu
7,https://housing.com/news/anil-kapoor-house/,Anil Kapoor House: A virtual tour of the Bollywood actor’s Home,Housing,"Apr 18, 2023","Anil Kapoor house located in Mumbai's Juhu neighbourhood is classic yet 
modern. In this article, we bring you glimpses of the actor's...",https://serpapi.com/searches/66afcc5f5b54ef718839facc/images/a045e67a580567c4d582fe89468d4c3c69ef16e0e64d2ab2d7daa92b2024005e.jpeg,Juhu
8,https://m.economictimes.com/industry/services/property-/-cstruction/macleods-pharmaceuticals-group-company-buys-juhu-property-for-rs-332-crore/articleshow/94157652.cms,Macleods Pharmaceuticals’ group company buys Juhu property for Rs 332 crore,The Economic Times,"Sep 12, 2022","This is the second property bought by Agarwal Holdings in Juhu. Last year, 
the company had acquired a bungalow in this locality dotted with...",https://serpapi.com/searches/66afcc5f5b54ef718839facc/images/a045e67a580567c48ab41364db700237cf5e304ecd9ba9141fd66c0c17db8c48.jpeg,Juhu
9,https://www.moneycontrol.com/news/business/real-estate/business-tycoons-bollywood-stars-and-startup-entrepreneurs-fire-up-luxury-homes-worth-over-rs-7500-crore-in-2022-9782431.html,"Business tycoons, Bollywood stars, and startup entrepreneurs fire up luxury homes worth over Rs 7500 crore...",Moneycontrol,"Dec 29, 2022","A dozen homes worth more than Rs 100 crore were sold in Mumbai and Delhi in 
2022. The largest transaction in the year was of a Rs 333-crore...",https://serpapi.com/searches/66afcc5f5b54ef718839facc/images/a045e67a580567c40ac0bd401c787fb47a890ff6f78dcd7ecf1c952e8e334420.jpeg,Juhu
10,https://housing.com/news/actress-urvashi-rautela-moves-into-rs-190-cr-house-in-mumbais-juhu/,Actress Urvashi Rautela moves into Rs 190-cr house in Mumbai’s Juhu,Housing,"Jul 10, 2023","Urvashi's new Juhu residence in Mumbai comes with a spacious garden, a huge 
backyard space and a personal gym.",https://serpapi.com/searches/66afcc5f5b54ef718839facc/images/a045e67a580567c4ad50fb0450ca91c091a1757a1baf5d723933f5cb1e2f073a.jpeg,Juhu
1,https://timesofindia.indiatimes.com/city/mumbai/mumbai-devgn-buys-second-home-in-juhu-worth-rs-60-crore/articleshow/83099475.cms,Ajay Devgn buys second home in Juhu worth ‘Rs 60 crore’,Times of India,2021年5月31日,"The economic slowdown and pandemic have not dampened the appetite of 
Bollywood biggies for luxury homes. After Alia Bhatt, Janhvi Kapoor,...",https://serpapi.com/searches/66afcc613944b0aabe953af5/images/d6bf33ed9d7026720e3b5f883bac8f5a04027883e632bf63cbde6c716b3548d9.jpeg,Juhu
2,https://housing.com/news/ali-fazal-richa-chadha-house/,Inside look at Ali Fazal and Richa Chadha’s house in Mumbai,Housing,2023年7月18日,"Ali Fazal and Richa Chadha have rented the sea-facing property in Juhu, 
Mumbai, for a period of 36 months.",https://serpapi.com/searches/66afcc613944b0aabe953af5/images/d6bf33ed9d702672c35b43f66a5e2d24070c74667a0ab43fea05b6f5455aa757.jpeg,Juhu
3,https://housing.com/news/sanya-malhotra-house/,Actor Sanya Malhotra shares glimpse of Griha Pravesh at her new house,Housing,2023年5月5日,"The Bollywood star has purchased a new 4BHK house in Gurgaon. She took to 
Instagram to share pictures of the Griha Pravesh ceremony.",https://serpapi.com/searches/66afcc613944b0aabe953af5/images/d6bf33ed9d702672c5d15e19c5e2a4f968eca1a9f3635fa522e50517decd93cb.jpeg,Juhu
4,https://housing.com/news/best-places-to-view-sunset-in-mumbai/,Best places to view sunset in Mumbai,Housing,2023年8月7日,"The Aksa Beach offers views of the sunset and the Arabian Sea. Check out 
other popular places to view sunset in Mumbai.",https://serpapi.com/searches/66afcc613944b0aabe953af5/images/d6bf33ed9d702672a1c29fddc1aeade29309d8015bcd80405ac89de856892d17.jpeg,Juhu
5,https://www.idiva.com/travel-living/home-decor/luxury-apartments-rustomjee-elements-near-juhu-mumbai/photogallery/34784,"Rustomjee Elements: The New Elite Address near Juhu, Mumbai",iDiva,2015年2月6日,"Juhu has an all new luxury destination the Rustomjee Elements. Luxpresso 
spoke exclusively with the President of Sales and Marketing,...",https://serpapi.com/searches/66afcc613944b0aabe953af5/images/d6bf33ed9d70267241f557326d950afbfd99154627e344a969886accdc4dc22f.jpeg,Juhu
1,https://www.moneycontrol.com/news/business/real-estate/mumbai-bungalow-worth-more-than-rs-104-crore-in-prime-juhu-vila-parle-residential-enclave-set-to-be-auctioned-12751688.html,"Mumbai bungalow, worth over Rs 104 crore in prime Juhu Vile Parle area, set to be auctioned",Moneycontrol,1 month ago,"Market experts say the location of the bungalow on the celebrity street has 
already attracted the interest of more than 15 HNIs.",https://serpapi.com/searches/66afcc6392564143ea8c42a3/images/b8802a90f2bdb6da4902eb7e80aef5069e1b3c6e534a14f2cc7d45807e40f03d.jpeg,Vile Parle
2,https://www.hindustantimes.com/real-estate/mumbai-rains-here-s-how-waterlogging-impacts-the-financial-capitals-real-estate-market-101719637406648.html,Mumbai rains: Here’s how waterlogging impacts the financial capital's real estate market,Hindustan Times,1 month ago,"Consultants say that real estate values and rentals may command 10-20% less 
in areas prone to waterlogging in Mumbai.",https://serpapi.com/searches/66afcc6392564143ea8c42a3/images/b8802a90f2bdb6da3f9b4b4eb53e1c93531aa608344efbb825f09c17e5f0fa7d.jpeg,Vile Parle
3,https://www.zeebiz.com/real-estate/news-micl-premium-real-estate-project-detail-295389,MICL shares sales update on Mumbais Aaradhya OnePark,Zee Business,6 days ago,"Luxury residential real estate firm Man Infraconstruction Limited (MICL 
Group) has informed exchanges that it has achieved 50 per cent sales...",https://serpapi.com/searches/66afcc6392564143ea8c42a3/images/b8802a90f2bdb6daa18ecf8ac9fdee6cf847e70e7b384f078c9426f3565b9d1c.jpeg,Vile Parle
4,https://www.propnewstime.com/getdetailsStories/ODg4NQ==/june-highlights-real-estate-activity-in-vile-parle-west,June Highlights: Real estate activity in Vile Parle West,Prop News Time,1 week ago,"Discover the vibrant Vile Parle West, a well-established suburb in western 
Mumbai offering a balanced mix of residential and commercial...",https://serpapi.com/searches/66afcc6392564143ea8c42a3/images/b8802a90f2bdb6da77f44efc9301351efb21e0fe14eab5740308e946674d32b4.jpeg,Vile Parle
5,https://timesofindia.indiatimes.com/business/india-business/vaidya-spaces-pvt-ltd-mumbais-real-estate-developer-sets-eyes-on-over-rs-1000-crore-investments-for-projects-at-prime-locations-across-mumbai-/articleshow/110034239.cms,"Vaidya Spaces Pvt. Ltd., Mumbai’s Real Estate Developer, sets eyes on over Rs 1,000 crore investments for projects at prime locations across Mumbai.",Times of India,"May 11, 2024","India Business News: Vaidya Spaces Pvt Ltd, has outlaid major investment 
plans of Rs 1000 crore for their upcoming residential and...",https://serpapi.com/searches/66afcc6392564143ea8c42a3/images/b8802a90f2bdb6daa7c14afacd1dfc2dac78bc40a1b7731d382e96bf2337341e.jpeg,Vile Parle
6,https://www.mid-day.com/amp/brand-media/article/urban-oasis-unveiled-minal-and-madhav-kunj-in-vile-parle-east-mumbai-where--23329226,"URBAN OASIS Unveiled: Minal and Madhav Kunj in Vile Parle (East), Mumbai - Where Convenience Meets Luxury with 55+ Amenities",Mid-day,"Jan 10, 2024","Vikram Mehta, a representative from Bridge Property Consultants, emphasized 
the critical role of transparency in property dealings.",https://serpapi.com/searches/66afcc6392564143ea8c42a3/images/b8802a90f2bdb6da8094e0fa2a327de72dad5c1bdd80810e97dab7b1b0ce43c1.jpeg,Vile Parle
7,https://www.timesnownews.com/business-economy/real-estate/bollywood-actress-tripti-dimri-buys-luxurious-bungalow-in-mumbai-for-rs-14-crore-details-article-110803158,Bollywood Actress Tripti Dimri Buys Luxurious Bungalow In Mumbai For Rs 14 Crore - Details,Times Now,"Jun 7, 2024","The sale agreement was officially registered on June 3, 2024, with Tripti 
Dimri paying a substantial stamp duty of Rs 70 lakh and a...",https://serpapi.com/searches/66afcc6392564143ea8c42a3/images/b8802a90f2bdb6da8fff3da1414ce78065d99ac4163fc33e15ee454688362b3e.jpeg,Vile Parle
8,https://www.hindustantimes.com/real-estate/this-is-what-it-will-cost-you-to-be-neighbors-with-sara-ali-khan-arjun-kapoor-and-shatrughan-sinha-101718787720733.html,"Shatrughan Sinha, Sara Ali Khan and Arjun Kapoor may soon have a new neighbour",Hindustan Times,1 month ago,"The reserve price for the Mumbai property, located in the same neighborhood 
where Shatrughan Sinha and Sara Ali Khan live, is set at...",https://serpapi.com/searches/66afcc6392564143ea8c42a3/images/b8802a90f2bdb6da701fbfff57c80b3c8b35dadcc59bb8b8d7bc3326c794bb2d.jpeg,Vile Parle
9,https://www.moneycontrol.com/news/business/real-estate/girdhari-lal-bawri-of-macleods-pharmaceuticals-buys-rs-101-crore-bungalow-in-mumbai-12371551.html,Girdhari Lal Bawri of Macleods Pharmaceuticals buys Rs 101-crore bungalow in Mumbai,Moneycontrol,"Feb 28, 2024","Bawri's deal is the second bungalow deal in the Mumbai real estate market 
in the last three months after Bollywood actor John Abraham in...",https://serpapi.com/searches/66afcc6392564143ea8c42a3/images/b8802a90f2bdb6da0aa424a1554f994129c0161c5f383206a858a1327582760f.jpeg,Vile Parle
10,https://www.zeebiz.com/real-estate/news-bharat-agri-fert-realty-to-focus-on-real-estate-hospitality-business-287890,"Bharat Agri Fert & Realty to focus on real estate, hospitality business",Zee Business,"May 2, 2024","It plans to build 3&4-BHK luxurious residential flats on the G+13 floor in 
Vile Parle and convert its existing premises at the fort into...",https://serpapi.com/searches/66afcc6392564143ea8c42a3/images/b8802a90f2bdb6da1d984193fbb70de901d4e0df2b07ec18a442c0746be78871.jpeg,Vile Parle
1,https://www.hindustantimes.com/real-estate/mumbai-real-estate-news-oberoi-realty-to-redevelop-land-on-carter-road-in-bandra-west-101722331546127.html,Mumbai real estate news: Oberoi Realty to redevelop land on Carter Road in Bandra West,Hindustan Times,5 days ago,"Oberoi Realty has signed a development agreement for development and 
redevelopment of land measuring 2576 sq m at Carter Road in Bandra...",https://serpapi.com/searches/66afb6722ff4215091ad2aa7/images/1627403dc420c62e13077a792fd5d909325502ba07231579293253ff77c9333d.jpeg,
2,https://www.constructionworld.in/latest-construction-news/real-estate-news/oberoi-realty-to-develop-land-in-bandra-west-mumbai/59998,"Oberoi Realty to Develop Land in Bandra West, Mumbai",Construction World,2 days ago,"Oberoi Realty, a prominent real estate developer, has announced its plans 
to develop a prime parcel of land measuring 2,576 square metres in...",https://serpapi.com/searches/66afb6722ff4215091ad2aa7/images/1627403dc420c62ed58b70fbf2d0626801aa194c09db851ef5ccea298ea89349.jpeg,
3,https://www.mid-day.com/lifestyle/food/article/are-restaurants-in-bandra-west-influencing-the-soaring-real-estate-prices-23365780,Are restaurants in Bandra West influencing the soaring real estate prices?,Mid-day,2 weeks ago,"At a time when Bandra West is booming with restaurants, cafes and bars, 
those from outside are finding it difficult to afford the rent in...",https://serpapi.com/searches/66afb6722ff4215091ad2aa7/images/1627403dc420c62e425a3d906f732efcac990364e475903dcb8a9647f3baaed4.jpeg,
4,https://www.moneycontrol.com/news/business/real-estate/raymond-group-announces-1st-project-in-mumbai-real-estate-market-at-bandra-aims-to-rake-in-over-rs-2000-cr-12312131.html,"Raymond Group announces 1st project in Mumbai real estate market at Bandra, aims to rake in over Rs 2,000...",Moneycontrol,"Feb 20, 2024",Raymond Group's first project in the Mumbai real estate market at Bandra...,https://serpapi.com/searches/66afb6722ff4215091ad2aa7/images/1627403dc420c62e422594cf5d7fdb93de5ecca1702584d28d6bb3e7c311142c.jpeg,
5,https://www.timesnownews.com/business-economy/real-estate/actress-pooja-hegde-buys-luxury-property-worth-rs-45-crore-in-mumbais-bandra-report-article-109268209,Actress Pooja Hegde Buys Luxury Property Worth Rs 45 Crore In Mumbai's Bandra: Report,Times Now,"Apr 13, 2024","The property is situated in the prestigious Bandra area of Mumbai, Pooja 
Hegde's new abode is nothing short of spectacular.",https://serpapi.com/searches/66afb6722ff4215091ad2aa7/images/1627403dc420c62e625f764d117f7fc6ffcc6be370da3f2a70af3e3a8a33df34.jpeg,
6,https://www.freepressjournal.in/mumbai/mumbai-news-bandra-police-arrests-5-real-estate-developers-for-duping-widow-over-flat,Mumbai News: Bandra Police Arrests 5 Real Estate Developers For Duping Widow Over Flat,Free Press Journal,1 month ago,"As per sources, Lachman Sajnani is the father-in-law of actor Sonnalli 
Seygall, Anil Sajnani (also director of Bholenath Developers Ltd) is her...",https://serpapi.com/searches/66afb6722ff4215091ad2aa7/images/1627403dc420c62e03275fb04bc2cf16fdc642ac3f4b06103b7153f1b816adde.jpeg,
7,https://media.biltrax.com/rustomjee-group-launches-the-panorama-at-pali-hill-mumbai/,Rustomjee Group Launches ‘The Panorama’ at Pali Hill in Mumbai’s Bandra,Biltrax Media,"May 9, 2024","Mumbai's leading real estate developer, Rustomjee Group , recently 
announced the launch of its new luxury residential project in Bandra's...",https://serpapi.com/searches/66afb6722ff4215091ad2aa7/images/1627403dc420c62ea65b9fb9e35ce812136f204178bcec6e706b31c99f08cf58.jpeg,
8,https://infra.economictimes.indiatimes.com/news/urban-infrastructure/mumbai-coastal-road-leads-to-5-15-property-price-rise-in-western-suburbs/108793103,Mumbai Coastal Road leads to 5-15% property price rise in western suburbs,ET Infra,"Mar 26, 2024","Mumbai Coastal Road: According to stakeholders, the project has led to 
5-15% price appreciation in and around the Bandra-Andheri area in...",https://serpapi.com/searches/66afb6722ff4215091ad2aa7/images/1627403dc420c62efc0bb348543c30c3abde5c54346f151576e8b5f79b4a79da.jpeg,
9,https://housing.com/news/k-l-rahul-wife-athiya-shetty-buy-property-worth-rs-20-cr-in-bandras-pali-hill/,"KL Rahul, Athiya Shetty buy property worth Rs 20 cr in Bandra",Housing,2 weeks ago,"The couple have paid a stamp duty of Rs 1.2 crore and a registration fees 
of Rs 30000 towards the property.",https://serpapi.com/searches/66afb6722ff4215091ad2aa7/images/1627403dc420c62e4da8e11ab4435a30ef729b43338cc1aca6dc020de87a42bf.jpeg,
10,https://www.hindustantimes.com/real-estate/does-redevelopment-of-old-buildings-impact-housing-prices-and-rentals-in-mumbai-101718215378348.html,Does redevelopment of old buildings impact housing prices and rentals in Mumbai?,Hindustan Times,1 month ago,"Despite supply going up post COVID-19, realtors in Mumbai continue to find 
it lucrative to launch redevelopment projects as both prices and...",https://serpapi.com/searches/66afb6722ff4215091ad2aa7/images/1627403dc420c62e223a3070647a0c33d9319181759d01163b06fc2f8cd7e97f.jpeg,
1,https://www.moneycontrol.com/news/business/real-estate/mumbai-real-estate-ajmera-realty-rustomjee-group-partner-for-bandra-redevelopment-project-aim-rs-760-crore-gdv-12076111.html,"Mumbai real estate: Ajmera Realty & Rustomjee Group partner for Bandra redevelopment project, aim Rs...",Moneycontrol,"Jan 18, 2024","Mumbai redevelopment news: Both companies will hold a 50 percent stake in 
the project and the project is aimed at delivery of premium luxury...",https://serpapi.com/searches/66afb6745c56060c0bec30c0/images/377ee540d3d24c19708e05bbc36b6f40beeae02e3a116cb5f553e086ffeafe9f.jpeg,
2,https://www.hindustantimes.com/real-estate/mumbai-redevelopment-news-raymond-realty-wins-redevelopment-project-in-bandra-with-rs-2-000-crore-revenue-potential-101718018756549.html,"Mumbai redevelopment news: Raymond Realty wins redevelopment project in Bandra with ₹2,000 crore revenue potential",Hindustan Times,1 month ago,"Raymond Realty said it has won a redevelopment project located in Bandra 
East area of Mumbai with an estimated revenue potential of more...",https://serpapi.com/searches/66afb6745c56060c0bec30c0/images/377ee540d3d24c198d83e2cdcc79225cd1b92dee0ee26e945faf04cd04cf1055.png,
3,https://www.moneycontrol.com/news/business/real-estate/raymond-shares-hit-all-time-high-after-being-selected-as-preferred-developer-for-bandra-real-estate-project-12744972.html,Raymond shares hit all-time high after being selected as 'preferred developer' for Bandra real estate...,Moneycontrol,1 month ago,"The stock price was trading at Rs 2572, up by 4 percent on June 10 at 14:26 
pm on NSE. The shares had touched an all-time high of Rs 2685,...",https://serpapi.com/searches/66afb6745c56060c0bec30c0/images/377ee540d3d24c1916c25a25bf6ddb0781978852d086d2d7a593a0c2e4d2824f.jpeg,
4,https://www.hindustantimes.com/real-estate/anant-ambani-radhika-merchant-wedding-all-that-you-need-to-know-about-the-venue-bandra-kurla-complex-101720757984616.html,"Anant Ambani, Radhika Merchant wedding: All that you need to know about the venue Bandra Kurla Complex",Hindustan Times,3 weeks ago,"Anant Ambani and Radhika Merchant's wedding is taking place at Mumbai's Jio 
World Convention Centre located in the business district Bandra...",https://serpapi.com/searches/66afb6745c56060c0bec30c0/images/377ee540d3d24c19decbfd636054a0b179693a3b189df11a012c9913e037d1c0.jpeg,
5,https://www.hindustantimes.com/real-estate/dilip-kumar-s-bungalow-redevelopment-apco-infratech-pvt-ltd-buys-rs-155-crore-sea-view-apartment-in-mumbais-pali-hill-101721891339139.html,Dilip Kumar’s bungalow redevelopment: Apco Infratech Pvt Ltd buys ₹155 crore sea-view apartment in Mumbai's Pali Hill,Hindustan Times,1 week ago,"The triplex apartment in Pali Hill was sold at the rate of ₹1.62 lakh per 
sq ft on total agreement value. The plot earlier housed Dilip...",https://serpapi.com/searches/66afb6745c56060c0bec30c0/images/377ee540d3d24c194a0a40b3e50d6d044a58b9789d085ef8d96e5dfddfb9d8d0.jpeg,
6,https://www.hindustantimes.com/entertainment/bollywood/r-madhavan-buys-new-apartment-in-bkc-worth-17-5-crore-check-out-pictures-of-the-property-101721904376597.html,R Madhavan buys new apartment in BKC worth ₹17.5 crore. Check out pictures of the property,Hindustan Times,1 week ago,"R Madhavan has acquired a property which is located in Signia Pearl. It 
provides expansive living spaces and state-of-the-art facilities.",https://serpapi.com/searches/66afb6745c56060c0bec30c0/images/377ee540d3d24c194022c17b36f22273d228293440292428ef9cd7ce2d5987cb.jpeg,
7,https://www.hindustantimes.com/real-estate/raymond-realty-launches-housing-project-in-bandra-mumbai-with-a-revenue-potential-of-rs-2-000-cr-101708437980244.html,"Raymond Realty launches project in Bandra with ₹2,000 cr revenue potential",Hindustan Times,"Feb 20, 2024","The housing project by Raymond Realty in Bandra will offer a mix of 2, 3, 
and 4 BHK apartments.",https://serpapi.com/searches/66afb6745c56060c0bec30c0/images/377ee540d3d24c19c957f36644ec0fb32bc03a4943bc0429729d972130ff413d.jpeg,
8,https://www.hindustantimes.com/real-estate/office-buildings-in-mumbai-s-bandra-kurla-complex-command-higher-prices-than-manhattan-101710769667301.html,Office buildings in Mumbai’s Bandra Kurla Complex command higher prices than Manhattan,Hindustan Times,"Mar 19, 2024","Uday Kotak's response to the New York office distress deal underscores the 
impact of COVID on the commercial real estate landscape in the US...",https://serpapi.com/searches/66afb6745c56060c0bec30c0/images/377ee540d3d24c192e7d184779c9a56e06eb1d595b59d0d6f9dfab34c6e4817a.jpeg,
9,https://www.hindustantimes.com/real-estate/priyanjali-mariwala-buys-apartment-in-bandra-kurla-complex-in-mumbai-for-more-than-65-crore-101720182950220.html,Marico's Priyanjali Mariwala buys luxury apartment in Bandra Kurla Complex in Mumbai for more than 65 crore,Hindustan Times,1 month ago,"Priyanjali Mariwala, who leads the ASCENT Foundation, a not-for-profit firm 
of Harsh Mariwala, chairman of Marico, has bought the flat in...",https://serpapi.com/searches/66afb6745c56060c0bec30c0/images/377ee540d3d24c19be7dc6f3ffd8092f5583a2f7ac74a1c1385f79c0bd82c50f.jpeg,
10,https://www.hindustantimes.com/real-estate/tripti-dimri-of-animal-fame-purchases-bungalow-in-mumbais-bandra-for-rs-14-crore-101717762228495.html,Tripti Dimri of Animal fame buys bungalow in Mumbai's Bandra for ₹14 crore,Hindustan Times,"Jun 7, 2024","Bollywood actor Tripti Dimri has bought a ground-plus-two storey bungalow, 
off Carter Road in Bandra west area of Mumbai, for ₹14 crore.",https://serpapi.com/searches/66afb6745c56060c0bec30c0/images/377ee540d3d24c190cb9a62b3711d42a2a79d93b344acea2ed3bba75006c6c09.jpeg,
1,https://www.rprealtyplus.com/interviews/bandra-east-a-prudent-investment-opportunity-115151.html,Bandra East A Prudent Investment Opportunity,Realty Plus Magazine,"May 15, 2024","Rakesh Setia, President – Sales & Marketing, Rustomjee Group elaborates on 
Bandra East being a prudent investment opportunity with access to 
affordable luxury.",https://serpapi.com/searches/66afb677a74fe0705f6b0fba/images/85f1cb9a53f08fa0c6364e0ae16e684673928c0f4d3c54f3d1eb48028498db89.jpeg,
2,https://www.rprealtyplus.com/news-views/bandra-redevelopment-project-to-boost-raymond-realtys-real-estate-portfolio-115500.html,Bandra Redevelopment Project To Boost Raymond Realty’s Real Estate Portfolio,Realty Plus Magazine,1 month ago,"The real estate division of Raymond has announced its selection as the 
“Preferred Developer” for the redevelopment of MIG VI CHS Ltd, located in 
Bandra East.",https://serpapi.com/searches/66afb677a74fe0705f6b0fba/images/85f1cb9a53f08fa00f9010a812d26319af18c78b9946d2433c0cdbc6454a84ae.jpeg,
3,https://housing.com/news/deepika-padukone-home/,Inside Deepika Padukone and Ranveer Singh’s house in Mumbai,Housing,"Feb 29, 2024","Get a glimpse of Ranveer Singh house and Deepika Padukone's house at 
Beaumonde Towers. Know about their new Bandra home worth Rs 119 crore.",https://serpapi.com/searches/66afb677a74fe0705f6b0fba/images/85f1cb9a53f08fa0b5ccb2e0e61b9f228ba795b9f811b1f860cc5016676ee5db.jpeg,
4,https://www.hindustantimes.com/real-estate/malaika-arora-rents-apartment-in-mumbai-for-about-rs-1-50-lakh-per-month-for-three-years-101715860937796.html,Malaika Arora rents apartment in Mumbai for about ₹1.50 lakh per month for three years,Hindustan Times,"May 16, 2024","Malaika Arora's apartment is located in Pali Hill, Bandra West. The rent is 
subject to a 5% escalation every year, the rent document showed.",https://serpapi.com/searches/66afb677a74fe0705f6b0fba/images/85f1cb9a53f08fa08b4618572b42381c25d51bc9eca502c1ad7d78d43b6bc06c.jpeg,
5,https://www.hindustantimes.com/real-estate/yashasvi-jaiswal-buys-dream-home-in-mumbai-for-rs-5-38-crore-101708573407350.html,Yashasvi Jaiswal buys dream home in Mumbai for ₹5.38 crore,Hindustan Times,"Feb 22, 2024","The size of the under construction apartment is 1100-square-foot and is 
located in Bandra (East). The property deal was registered in...",https://serpapi.com/searches/66afb677a74fe0705f6b0fba/images/85f1cb9a53f08fa0429251414233cd26bd2fcd54a4e1d9c9062a9e1fd215d45f.jpeg,
6,https://www.freepressjournal.in/mumbai/mumbai-real-estate-a-decade-of-stagnation-or-opportunity-insights-from-celebrity-sales-market-dynamics,"Mumbai Real Estate: A Decade Of Stagnation Or Opportunity? Insights From Celebrity Sales, Market Dynamics",Free Press Journal,"Dec 22, 2023","When actor Sonam Kapoor sold her luxury apartment in Mumbai's Bandra Kurla 
Complex for Rs 32.5 crore earlier this year, news started...",https://serpapi.com/searches/66afb677a74fe0705f6b0fba/images/85f1cb9a53f08fa078d70989457ef6e9c5dce0eda57686b8af1e1ba80a039b36.jpeg,
7,https://housing.com/news/chembur-to-witness-upward-price-movements-report/,Chembur to witness upward price movements: Report,Housing,"May 28, 2024","According to the report, Chembur has recorded a price appreciation, thus 
narrowing the pricing gap between the established markets in Mumbai like 
Bandra, Worli...",https://serpapi.com/searches/66afb677a74fe0705f6b0fba/images/85f1cb9a53f08fa006a2c06bf428c3d1f6917e114b9087c71fc7e397a2dc78d8.jpeg,
8,https://www.hindustantimes.com/real-estate/mumbai-redevelopment-micl-working-on-development-agreement-of-aamir-khan-s-housing-society-in-pali-hill-101710421626772.html,MICL working on development agreement of Aamir Khan’s housing society in Mumbai,Hindustan Times,"Mar 14, 2024","Man Infraconstruction Limited (MICL), a listed developer, that had 
announced that it will redevelop a housing society in Pali Hill area in 
Mumbai, where actor...",https://serpapi.com/searches/66afb677a74fe0705f6b0fba/images/85f1cb9a53f08fa08a45e5731ae66a975e18de25972f58974b1cbb3e0ff3ef33.jpeg,
9,https://housing.com/news/salman-khan-house/,Inside Salman Khan’s luxurious house,Housing,"Apr 16, 2024","Salman Khan house is a 1 BHK apartment in Galaxy Apartments Bandra. This 
has been Salman Khan house in Mumbai for more than 40 years now.",https://serpapi.com/searches/66afb677a74fe0705f6b0fba/images/85f1cb9a53f08fa048c229ccb76f4716783d37c8ef6d12eb9bd689fadda59833.jpeg,
10,https://timesofindia.indiatimes.com/business/india-business/the-address-by-gs-all-set-to-add-a-new-glitter-to-bandras-skyline/articleshow/108996667.cms,The Address by GS: All set to add a new glitter to Bandra’s skyline,Times of India,"Apr 3, 2024","India Business News: The Address by GS, Bandra can be truly classified as a 
modern architectural masterpiece being curated by Raymond Realty...",https://serpapi.com/searches/66afb677a74fe0705f6b0fba/images/85f1cb9a53f08fa0822763b3d15937a24b48fb1775fc741b8f7c0b08931cd5e1.jpeg,
1,https://www.bizzbuzz.news/industry/infra/office-buildings-in-mumbai-bkc-surpasses-manhattan-in-pricing-shifting-real-estate-dynamics-1300507,"Office buildings in Mumbai BKC Surpasses Manhattan in Pricing, Shifting Real Estate Dynamics",BizzBuzz,"Mar 19, 2024","The striking differences in commercial real estate markets between Mumbai's 
BKC and New York provide insights into pricing, trends,...",https://serpapi.com/searches/66afb677c90e0ad166e80466/images/30473a08bd03a4d44cc8480e0afd49e691de877a0cf49a718e08a9103f5b9249.jpeg,
2,https://www.businesstoday.in/real-estate/story/aamir-khan-amitabh-bachchan-buy-luxury-properties-in-mumbai-435220-2024-06-30,"Aamir Khan, Amitabh Bachchan buy luxury properties in Mumbai",Business Today,1 month ago,"Despite significant price appreciation over the last three years, Bollywood 
stars continue to invest in Mumbai real estate.",https://serpapi.com/searches/66afb677c90e0ad166e80466/images/30473a08bd03a4d44974dc83dc517826c831b431f8ba43a7f3f38354ae384e4a.jpeg,
3,https://www.hindustantimes.com/real-estate/shapoorji-pallonji-real-estate-raises-rs-55-crore-to-finance-new-luxury-housing-project-in-mumbai-101707202272212.html,Shapoorji Pallonji Real Estate raises ₹55 crore to finance new luxury housing,Hindustan Times,"Feb 6, 2024","Shapoorji Pallonji Real Estate anticipates revenue exceeding ₹250 crore 
from the premium project known as BKC 9 located in Bandra East.",https://serpapi.com/searches/66afb677c90e0ad166e80466/images/30473a08bd03a4d41a547338ed5ba159e9a3df886eb093c8e4e9e12ae16a042c.jpeg,
4,https://www.propnewstime.com/getdetailsStories/ODI5Nw==/from-luxury-to-budget-bandra-west-s-real-estate-market-thrives-in-may,From Luxury to Budget: Bandra West's real estate market thrives in May,Prop News Time,4 weeks ago,"Explore Bandra West, a neighborhood blending old-world charm with modern 
amenities, boasting vibrant culture, nightlife, and varied real...",https://serpapi.com/searches/66afb677c90e0ad166e80466/images/30473a08bd03a4d45f53a9e8f5eb99285bc29fb72e5a8656653f3b8c8bb044a4.jpeg,
5,https://www.hindustantimes.com/real-estate/motilal-oswals-top-official-buys-mumbai-apartment-for-over-rs-36-crore-101710341267341.html,Motilal Oswal's top official buys Mumbai apartment for over ₹36 crore,Hindustan Times,"Mar 13, 2024","The property is located in an under construction project called Satguru 
Rendezvous in Bandra West, Mumbai, the registration documents...",https://serpapi.com/searches/66afb677c90e0ad166e80466/images/30473a08bd03a4d43da6cb0ef9a66716fcdd5f843c263c4cf3f50f28ab1b082e.jpeg,
6,https://realty.economictimes.indiatimes.com/news/residential/raymond-to-redevelop-mig-vi-chs-society-in-mumbai/110824485,Raymond to redevelop MIG VI CHS society in Mumbai,ET Realty,"Jun 8, 2024","NEW DELHI: Raymond's real estate division has been selected as the 
preferred developer for redevelopment of MIG VI CHS located in Bandra...",https://serpapi.com/searches/66afb677c90e0ad166e80466/images/30473a08bd03a4d4c9ce56e64a2d4cf05bb66c7fde8bd2f41031482753fa6456.jpeg,
7,https://housing.com/news/neetu-rishi-kapoor-house-mumbai/,Krishna Raj bungalow: Inside Rishi Kapoor and Neetu Kapoor’s home,Housing,"Apr 8, 2024","The property holds special significance for the Kapoor family. Named after 
Rishi Kapoor's parents, Raj Kapoor and Krishna Kapoor,...",https://serpapi.com/searches/66afb677c90e0ad166e80466/images/30473a08bd03a4d48cb4f22a47691ed4576d03c860535fa5352e17b1f29f2e3e.jpeg,
8,https://www.hindustantimes.com/real-estate/bengalurubased-puravankara-ltd-appointed-developer-for-mumbai-s-pali-hill-redevelopment-project-101713889337846.html,Bengaluru-based Puravankara Ltd to redevelop housing society project in Mumbai’s Pali Hill,Hindustan Times,"Apr 24, 2024","The Mumbai redevelopment project has a cumulative estimated development 
potential of 4.10 lakh sq ft carpet area and a potential GDV of over...",https://serpapi.com/searches/66afb677c90e0ad166e80466/images/30473a08bd03a4d463069f0ac57cb9da01d3d8cea25c089329e2ffec30a7f515.jpeg,
9,https://www.hindustantimes.com/real-estate/4-real-estate-markets-to-watch-out-for-in-2024-101703328948252.html,Real estate in 2024: Four locations where you might want to put your money in,Hindustan Times,"Jan 4, 2024","The year 2024 is expected to be all about infrastructure projects such as 
new metro lines, expressways and airports shaping homebuying...",https://serpapi.com/searches/66afb677c90e0ad166e80466/images/30473a08bd03a4d4e131dcd0b22458d9ca4270ec5903260ebcccae061a0d8f63.jpeg,
10,https://www.moneycontrol.com/news/business/real-estate/bollywood-actress-triptii-dimri-buys-luxury-property-in-mumbai-for-rs-14-crore-12743455.html,Bollywood actress Triptii Dimri buys luxury property in Mumbai for Rs 14 crore,Moneycontrol,"Jun 7, 2024","Bandra West, known for its posh neighbourhoods and Uber apartments, has 
seen several big-ticket deals in recent years.",https://serpapi.com/searches/66afb677c90e0ad166e80466/images/30473a08bd03a4d4f83ef5d7da6e6791023117e980f759ce39ac8af1f5a002cf.jpeg,
1,https://www.moneycontrol.com/news/business/real-estate/with-dream-plot-at-bandra-adani-realty-set-to-disrupt-mumbais-luxury-market-12372281.html,"With dream plot at Bandra, Adani Realty set to disrupt Mumbai’s luxury market",Moneycontrol,"Feb 28, 2024","Adani Realty has won the bid for undoubtedly the best piece of land in 
Mumbai. The new whale of the real estate market outbid L&T Realty to...",https://serpapi.com/searches/66afb679979054fb3fe18156/images/835f0c665f9a4b0aba2eb2bcd97671b441e41154091df29c836e48d92eb30481.jpeg,
2,https://www.timesnownews.com/business-economy/real-estate/bollywood-actress-tripti-dimri-buys-luxurious-bungalow-in-mumbai-for-rs-14-crore-details-article-110803158,Bollywood Actress Tripti Dimri Buys Luxurious Bungalow In Mumbai For Rs 14 Crore - Details,Times Now,"Jun 7, 2024","The sale agreement was officially registered on June 3, 2024, with Tripti 
Dimri paying a substantial stamp duty of Rs 70 lakh and a...",https://serpapi.com/searches/66afb679979054fb3fe18156/images/835f0c665f9a4b0af40a2a8d6955d6495ef0ebd178eefb868ff95fa988226155.jpeg,
3,https://www.moneycontrol.com/news/business/real-estate/preity-zinta-buys-bandra-apartment-for-rs-17-01-crore-11597191.html,Preity Zinta buys Bandra apartment for Rs 17.01 crore,Moneycontrol,"Oct 25, 2023","The Bollywood actor's new purchase has 1474-sq-ft of carpet area and is in 
the Pali Hill.",https://serpapi.com/searches/66afb679979054fb3fe18156/images/835f0c665f9a4b0ae81c22c8bf3ee2787a6465ab20b297021065c34a0ede5302.jpeg,
4,https://timesofindia.indiatimes.com/city/mumbai/bandra-police-file-fir-against-ex-employees-for-data-theft-impacting-real-estate-firm/articleshow/111467079.cms,Bandra police file FIR against ex-employees for data theft impacting real estate firm,Times of India,1 month ago,"MUMBAI: The Bandra police registered an FIR on Tuesday against three former 
employees of a real estate service company for abruptly...",https://serpapi.com/searches/66afb679979054fb3fe18156/images/835f0c665f9a4b0a9b225dd8f97e130f0e7be0f804b7a34fae0050be4ee970a1.jpeg,
5,https://www.hindustantimes.com/cities/mumbai-news/two-of-bandra-east-s-biggest-societies-to-go-into-redevelopment-101718393330099.html,Two of Bandra East’s biggest societies to go into redevelopment,Hindustan Times,1 month ago,"One of the largest cooperative societies in the area, Patrakar Nagar, 
spread over a two-acre plot and located across Rustomjee's sprawling...",https://serpapi.com/searches/66afb679979054fb3fe18156/images/835f0c665f9a4b0a1a6677b75e317c483c79a63a98866ca96eec78210789e92a.jpeg,
6,https://www.moneycontrol.com/news/business/real-estate/motilal-oswal-financial-services-md-ashish-gumashta-purchases-rs-36-crore-apartment-in-mumbais-bandra-12452911.html,Motilal Oswal Financial Services MD Ashish Gumashta purchases Rs 36 crore apartment in Mumbai's Bandra,Moneycontrol,"Mar 13, 2024","Bandra micromarket is one of the hottest in the Mumbai real estate market, 
and also has reported several high value deals.",https://serpapi.com/searches/66afb679979054fb3fe18156/images/835f0c665f9a4b0a6a5c396d588f2fee98ff8420de903a4a4c9cdc400857451e.jpeg,
7,https://www.hindustantimes.com/real-estate/manappuram-finance-md-nandakumar-buys-rs-41-crore-duplex-in-mumbai-101720102432541.html,Manappuram Finance MD Nandakumar buys ₹41 crore duplex in Mumbai,Hindustan Times,1 month ago,"VP Nandakumar, MD and CEO of Manappuram Finance has purchased a 4500 square 
feet duplex property in Mumbai's Bandra West locality for...",https://serpapi.com/searches/66afb679979054fb3fe18156/images/835f0c665f9a4b0a9ed552aecfdefb37a4fa7a6a5b32b18165dad00aa98163e4.jpeg,
8,https://m.economictimes.com/industry/services/property-/-cstruction/wsb-real-estate-invests-in-shapoorji-pallonjis-project-in-mumbais-bandra-east/articleshow/107452009.cms,WSB Real Estate invests in Shapoorji Pallonji’s project in Mumbai’s Bandra East,The Economic Times,"Feb 6, 2024","WSB Real Estate Partners' WSBREDF II has invested Rs 55 crore in Shapoorji 
Pallonji Real Estate's joint venture residential project BKC 9 in...",https://serpapi.com/searches/66afb679979054fb3fe18156/images/835f0c665f9a4b0ae298db76dbf5f9b99c5c20ed64815dd88f2a64db339098e3.jpeg,
9,https://www.business-standard.com/markets/capital-market-news/raymond-hits-record-high-as-real-estate-arm-bags-2-acre-mumbai-project-124061000340_1.html,Raymond hits record high as real estate arm bags 2-acre Mumbai project,Business Standard,1 month ago,"Raymond surged 7.29% to Rs 2649.75 after its real estate division gets 
selected as the preferred developer for redevelopment of MIG VI CHS...",https://serpapi.com/searches/66afb679979054fb3fe18156/images/835f0c665f9a4b0aa36c5d78fb67bb5b4be7a79d1f90342cd362d04c44826603.png,
10,https://housing.com/news/rustomjee-group-launches-luxury-residential-project-in-mumbais-bandra/,Rustomjee Group launches luxury residential project in Mumbai’s Bandra,Housing,"May 8, 2024","With the launch of the project, Rustomjee Group is anticipating a gross 
development value (GDV) of approximately Rs 375 crore.",https://serpapi.com/searches/66afb679979054fb3fe18156/images/835f0c665f9a4b0a4112b48966265ec278b2c7f801f1b7fdabff89f8eb329339.jpeg,
1,https://timesofindia.indiatimes.com/city/mumbai/only-2-strong-bidders-for-24-acre-prime-bandra-reclamation-plot/articleshow/107610357.cms,Only 2 strong bidders for 24-acre prime Bandra Reclamation plot,Times of India,"Feb 12, 2024","Adani Realty and L&T Realty are the only two strong contenders for one of 
Mumbai's prime land parcels at Bandra Reclamation put on the block by 
Maharashtra...",https://serpapi.com/searches/66afbe89ca968ff730d0113e/images/7854895adc640a280e7a5d8cced23abfdf37dd99d4a0860f9ebf72a7a5cc8e73.jpeg,
2,https://www.moneycontrol.com/news/business/real-estate/can-south-mumbai-commercial-real-estate-market-catch-up-with-bkc-with-infra-boost-12491631.html,Can South Mumbai commercial real estate market catch up with BKC with infra boost?,Moneycontrol,"Mar 20, 2024","Mumbai real estate: South Mumbai, or Sobo, real estate market has over the 
last five to 10 years lost it prominence owing to dearth of...",https://serpapi.com/searches/66afbe89ca968ff730d0113e/images/7854895adc640a28f0f779e3ed7d434c7313f48b92e71b12a4d5b01c1f959aed.jpeg,
3,https://media.biltrax.com/puravankara-to-redevelop-2-5-acre-housing-society-in-mumbais-pali-hill/,Puravankara set to redevelop 2.5 Acre housing society in Mumbai’s Pali Hill,Biltrax Media,"Apr 24, 2024","Puravankara has been appointed as the preferred developer to redevelop a 
housing society in Pali Hill neighborhood of Mumbai's Bandra West.",https://serpapi.com/searches/66afbe89ca968ff730d0113e/images/7854895adc640a28bebfe2530726f8fbf83c325963aa29588210481a6cf7187c.jpeg,
4,https://www.businesstoday.in/real-estate/story/cricketer-rohit-sharma-leases-2-apartments-in-bandra-heres-what-he-will-make-414482-2024-01-23,Cricketer Rohit Sharma leases 2 apartments in Bandra. Here's what he will make,Business Today,"Jan 23, 2024","According to Zapkey.com, a platform that aggregates property registration 
data, the two apartments are located on the 14th floor and spread...",https://serpapi.com/searches/66afbe89ca968ff730d0113e/images/7854895adc640a28c9e4fc162be92a46e8b27a48b45cb7ed69ab293b104c1244.jpeg,
5,https://www.timesnownews.com/mumbai/manhattans-office-building-sold-at-usd-150-per-square-foot-price-less-than-half-the-rate-at-mumbais-bkc-says-kotak-founder-uday-kotak-article-108566832,Mumbai's BKC Property Rate Expensive Than Manhattan's? Here's What Kotak Founder Said,Times Now,"Mar 17, 2024","The 778,000 square foot tower located at 222 Broadway exchanged hands for a 
mere USD 150 million, marking a significant decrease from its...",https://serpapi.com/searches/66afbe89ca968ff730d0113e/images/7854895adc640a28b00767d36e8b447621928de8e9afb160fbfa2c25c4d57568.jpeg,
6,https://www.moneycontrol.com/news/business/real-estate/mumbai-redevelopment-news-micl-to-take-up-bollywood-actor-aamir-khans-pali-hill-building-11971681.html,Mumbai redevelopment news: MICL to take up Bollywood actor Aamir Khan's Pali Hill building,Moneycontrol,"Dec 29, 2023","Listed company Man Infraconstruction Limited (MICL) on December 29, 
announced a redevelopment project in Mumbai's Pali Hill area of Bandra.",https://serpapi.com/searches/66afbe89ca968ff730d0113e/images/7854895adc640a285eef5749f8e79220060320298ed9e22c4904f2032accb447.jpeg,
7,https://www.hindustantimes.com/real-estate/sunteck-realty-to-launch-luxury-housing-projects-in-mumbai-with-a-gross-development-value-of-rs-3000-crore-101706539312428.html,Sunteck Realty to launch luxury projects in Mumbai with a GDV of ₹3000 crore,Hindustan Times,"Jan 29, 2024","Though Sunteck Realty did not disclose the exact size of the land, industry 
sources said the two projects will come up on a cumulative land...",https://serpapi.com/searches/66afbe89ca968ff730d0113e/images/7854895adc640a283d782cc972a6e0eebd6b557180d0597deee7a155a434d89c.jpeg,
8,https://www.freepressjournal.in/business/maricos-priyanjali-mariwala-buys-a-luxury-flat-worth-65-crore-in-mumbais-bandra-kurla-complex,Maricos Priyanjali Mariwala Buys A Luxury Flat Worth ₹65 Crore In Mumbais Bandra-Kurla Complex,Free Press Journal,1 month ago,"The city of Mumbai is no stranger to unimaginably mind-numbing property 
rates. And every few weeks, another leaf of luxury lands on the...",https://serpapi.com/searches/66afbe89ca968ff730d0113e/images/7854895adc640a281aaa8fea4b657f815201cf09b601b5fa62dd5467367a0e16.jpeg,
9,https://www.hindustantimes.com/real-estate/cricketer-rohit-sharma-leases-two-apartments-in-mumbai-for-about-rs-3-lakh-per-month-101705665281451.html,Rohit Sharma leases two apartments in Mumbai for ₹3 lakh per month,Hindustan Times,"Jan 22, 2024","Cricketer Rohit Sharma has leased two apartments in Mumbai's Bandra West 
area at a monthly rent of ₹3 lakh per month for three years.",https://serpapi.com/searches/66afbe89ca968ff730d0113e/images/7854895adc640a28281c713e3a54b4d5e104ee726b44739bfea74edf56868ad6.jpeg,
10,https://realty.economictimes.indiatimes.com/news/residential/sonakshi-sinha-buys-apartment-in-mumbais-bandra/103622567,Sonakshi Sinha buys apartment in Mumbai's Bandra,ET Realty,"Sep 13, 2023","Sinha has bought the apartment directly from developer Pyramid Developers 
and Ultra Lifespaces. She has paid stamp duty worth Rs 55 lakh for...",https://serpapi.com/searches/66afbe89ca968ff730d0113e/images/7854895adc640a282fd44ba89085a718732c36aacf0b1c73d25731bfe03349b3.jpeg,
1,https://housing.com/news/actor-preity-zinta-buys-apartment-worth-rs-17-01-cr-in-bandra/,Actor Preity Zinta buys apartment worth Rs 17.01 cr in Bandra,Housing,"Oct 26, 2023","Bollywood actor Preity Zinta purchased an apartment worth Rs 17.01 crore in 
Mumbai's Bandra. The property has a carpet area of 1474 sqft.",https://serpapi.com/searches/66afbe8b5119a672540772e1/images/355c85a9409de6ecff99669e20a76bbb569e98a6c0dbe6a111a62ee058577375.jpeg,
2,https://www.hindustantimes.com/real-estate/adani-realty-secures-24-acre-bandra-reclamation-redevelopment-project-outbids-lt-101708068418294.html,Adani Realty secures 24-acre Bandra Reclamation Redevelopment project,Hindustan Times,"Feb 16, 2024","Adani Realty outbid L&T to grab the 24-acre Bandra Reclamation 
Redevelopment close to the Bandra-Worli Sea Link.",https://serpapi.com/searches/66afbe8b5119a672540772e1/images/355c85a9409de6ec577d4ed82fc6f476a15495486b0c95a292340cb88420ff28.jpeg,
3,https://housing.com/news/jaaved-jaaferi-house/,"Inside Jaaved Jaaferi’s 7,000-sqft apartment in Bandra",Housing,1 month ago,"Jaaved Jaaferi, actor-comedian lives with his family in a lavish apartment 
in Mumbai's Bandra.",https://serpapi.com/searches/66afbe8b5119a672540772e1/images/355c85a9409de6eca4023c93da257f8ed309c3265c4108ac5ff0901cb63e1c17.jpeg,
4,"https://www.zeebiz.com/real-estate/news-Raymond-Realty-launches-housing-project-in-Bandra-Mumbai-with-Rs-2,000-croe-revenue-potential-277304","Raymond Realty launches housing project in Bandra, Mumbai with Rs 2,000 croe revenue potential",Zee Business,"Feb 20, 2024","Raymond Realty, the real estate arm of Raymond Group, on Tuesday said it 
will develop a premium housing project at Bandra in Mumbai with an...",https://serpapi.com/searches/66afbe8b5119a672540772e1/images/355c85a9409de6ecf28bacb3518dcaa2a16e7751edcca158d6bec2879d336f67.jpeg,
5,https://www.hindustantimes.com/real-estate/bandhan-bank-purchases-12-commercial-units-in-mumbais-bkc-for-rs-135-crore-101708090849540.html,Bandhan Bank purchases 12 commercial units in Mumbai's BKC for ₹135 crore,Hindustan Times,"Feb 16, 2024","Bandhan Bank has purchased 12 commercial units spread across two floors in 
Bandra Kurla Complex in Mumbai from four sellers.",https://serpapi.com/searches/66afbe8b5119a672540772e1/images/355c85a9409de6ec1bb8c6fd2a26e6b30c31342b09c04c0b8a907c1fffcd01a6.jpeg,
6,https://m.economictimes.com/industry/services/property-/-cstruction/motilal-oswal-top-official-ashish-gumashta-buys-luxury-apartment-in-mumbais-bandra-west/articleshow/108469440.cms,Motilal Oswal top official Ashish Gumashta buys luxury apartment in Mumbai’s Bandra west,The Economic Times,"Mar 13, 2024","Ashish Gumashta, managing director of strategic initiatives at Motilal 
Oswal Financial Services, has purchased an under-construction luxury...",https://serpapi.com/searches/66afbe8b5119a672540772e1/images/355c85a9409de6ecda7ae09d981f10c551b64bb2e49aaf713ea6c8dd899e4e4e.jpeg,
7,https://timesofindia.indiatimes.com/city/mumbai/bandra-hotelier-booked-for-sex-assault-on-divorcee/articleshow/111525007.cms,Bandra cops book hotelier for sex assault on divorcee,Times of India,1 month ago,"Bandra police file FIR against hotelier for sexual assault and criminal 
intimidation of a divorcee in Mumbai.",https://serpapi.com/searches/66afbe8b5119a672540772e1/images/355c85a9409de6ec2ac945540df9f05385361a561e5f9df5182302dc374134c8.jpeg,
8,https://www.hindustantimes.com/real-estate/ajmera-realty-keystone-realtors-partner-to-redevelop-housing-project-in-mumbai-101705591100821.html,"Ajmera Realty, Keystone Realtors partner to redevelop housing project in Mumbai",Hindustan Times,"Jan 18, 2024","The redevelopment project aims to deliver premium luxury residential 
apartments with an estimated carpet area of approximately 130000 sq ft...",https://serpapi.com/searches/66afbe8b5119a672540772e1/images/355c85a9409de6ec0074f4a6d22686c5bd1add8f10695d90a46b647988ca002b.jpeg,
9,https://housing.com/news/janhvi-kapoor-sridevi-home-mumbai/,Inside Bollywood Actress Janhvi Kapoor’s House,Housing,"May 2, 2024","Bollywood actress Janhvi Kapoor's Pali Hill house, Mumbai is nothing short 
of a marvel, adorned with classic paintings by late actress...",https://serpapi.com/searches/66afbe8b5119a672540772e1/images/355c85a9409de6ecd2d21e632cbb7f672e99c191a0f38e4c4b5fbba127db8e7b.jpeg,
10,https://timesofindia.indiatimes.com/city/mumbai/bidding-for-24acre-bandra-land-rigged-to-favour-a-few-builders/articleshow/106972071.cms,Bidding for 24-acre Bandra land rigged to favour a few: Builders | Mumbai News,Times of India,"Jan 19, 2024","City builders hoping to bid for the 24-acre sprawl in Bandra Reclamation 
with a gross development value of Rs 30000 crore-plus,...",https://serpapi.com/searches/66afbe8b5119a672540772e1/images/355c85a9409de6ecc96e8a35eb4b7e31cce5e8be08c063d81ddd45d994f17c6f.jpeg,
1,https://housing.com/news/john-abraham-house/,Inside John Abraham’s Mumbai house: Where class and sophistication meet,Housing,"Apr 1, 2024","John Abraham is a lot more than your regular Bollywood star. The actor 
resides in a spectacular house, 'Villa In The Sky' in Mumbai's Bandra...",https://serpapi.com/searches/66afbe8d9f55b3d763505006/images/ee94ff24bac4bec1c643e63dd3686487851bfad92d3dbfcae2ab3871cafbe9bf.jpeg,
2,https://www.architectandinteriorsindia.com/news/shapoorji-pallonji-real-estate-announces-bkc-9-a-project-financed-by-wsb-fund-ii,"Shapoorji Pallonji Real Estate announces BKC 9, a project financed by WSB Fund II #RealEstate",Architect and Interiors India,"Feb 8, 2024","After the resounding success of Shapoorji Pallonji Real Estate's premium 
project BKC 28, WSB Real Estate Debt Fund II (WSBREDF II) has...",https://serpapi.com/searches/66afbe8d9f55b3d763505006/images/ee94ff24bac4bec188ac995951ef5badc4b2da83f535fcb48c5c87487ae1a8a2.jpeg,
3,https://www.business-standard.com/markets/capital-market-news/raymond-realty-wins-redevelopment-project-in-bandra-east-mumbai-124061000892_1.html,"Raymond Realty wins redevelopment project in Bandra East, Mumbai",Business Standard,1 month ago,"With revenue potential of more than Rs 2,000 cr. Raymond Realty announced 
that it has been selected for the redevelopment of another...",https://serpapi.com/searches/66afbe8d9f55b3d763505006/images/ee94ff24bac4bec1649b60d279cf4c5d376f832e367c99122848b86bf2d94845.png,
4,https://housing.com/news/tripti-dimri-buys-bungalow-in-bandra-for-rs-14-crore/,Tripti Dimri buys bungalow in Bandra for Rs 14 crore,Housing,1 month ago,"Tripti Dimri paid a stamp duty of Rs 70 lakh for the ground-plus-two storey 
bungalow that is located off Carter Road, Bandra (West).",https://serpapi.com/searches/66afbe8d9f55b3d763505006/images/ee94ff24bac4bec153e9c69d425864f3b90fc2fb4e6c317d7655df042467cd0f.jpeg,
5,https://www.timesnownews.com/mumbai/how-opening-of-mumbai-coastal-road-has-led-to-surge-in-property-rates-in-bandra-andheri-area-article-108820508,How Opening Of Mumbai Coastal Road Has Led To Surge In Property Rates In Bandra-Andheri Area,Times Now,"Mar 27, 2024","Stakeholders report a 5-15 per cent increase in property values in the 
Bandra-Andheri area due to the project, with anticipated positive...",https://serpapi.com/searches/66afbe8d9f55b3d763505006/images/ee94ff24bac4bec1e385206a9fc23e050e2ca1921a1827bd47c1a6c25a11ba76.jpeg,
6,https://www.hindustantimes.com/cities/mumbai-news/adani-realty-wins-bid-to-redevelop-24-acre-plot-at-bandra-reclamation-101708109658117.html,Adani Realty wins bid to redevelop 24-acre plot at Bandra Reclamation,Hindustan Times,"Feb 17, 2024","Adani Realty has emerged as the highest bidder for the redevelopment of a 
24-acre plot in Mumbai, beating Larsen & Toubro.",https://serpapi.com/searches/66afbe8d9f55b3d763505006/images/ee94ff24bac4bec1f16b302383acceeeb5724119f8f278b89923c3155f5041b1.jpeg,
7,https://housing.com/news/aamir-khan-house/,"Aamir Khan house in Pali Hill, Mumbai and Panchgani",Housing,1 month ago,"The décor sporting a nature-theme at the Marina Apartments house is the 
brain child of Aamir Khan's ex-wife Kiran Rao. The 5,000 sqft Aamir...",https://serpapi.com/searches/66afbe8d9f55b3d763505006/images/ee94ff24bac4bec1458697a585e78d29e3527a6fd1b849b664128b7d814a5b1d.jpeg,
8,https://m.economictimes.com/industry/services/property-/-cstruction/sunteck-realty-inks-pacts-for-rs-3000-crore-projects-in-mumbais-nepean-sea-road-bandra/articleshow/107234537.cms,"Sunteck Realty inks pacts for Rs 3,000 crore projects in Mumbai’s Nepean Sea Road, Bandra",The Economic Times,"Jan 29, 2024","Real estate major Sunteck Realty has entered into agreements to redevelop 
two prime projects valued at over Rs 3000 crore in Nepean Sea Road...",https://serpapi.com/searches/66afbe8d9f55b3d763505006/images/ee94ff24bac4bec12c51ba2d2ef4f027c0163fdb184f74d9a75cbe4e73a3a344.jpeg,
9,https://housing.com/news/ranbir-kapoor-house/,Ranbir Kapoor house: Inside ‘Vastu’ apartment in Pali Hill,Housing,"Mar 29, 2024","Where does Ranbir Kapoor live? Ranbir Kapoor's house is located at Vastu 
apartment in Pali Hill, an affluent neighbourhood in Mumbai.",https://serpapi.com/searches/66afbe8d9f55b3d763505006/images/ee94ff24bac4bec1b2f882c00cae9c9cc7ae55e398cb0330414d2b5f86b924e5.jpeg,
10,https://housing.com/news/sonakshi-sinha-home/,Sonakshi Sinha house: About the actor’s homes in Juhu and Bandra,Housing,1 month ago,"Sonakshi Sinha got the top floor of her house 'Ramayan' at JVPD Scheme, 
Juhu with rich textures and geometric shapes.",https://serpapi.com/searches/66afbe8d9f55b3d763505006/images/ee94ff24bac4bec16e443da8c0b7f2b45d9396df7a16b8e41d2cc6fa24774f73.jpeg,
1,https://m.economictimes.com/industry/services/property-/-cstruction/adani-realty-gets-msrdcs-24-acre-bandra-reclamation-redevelopment-project/articleshow/107760190.cms,Adani Realty gets MSRDC's 24-acre Bandra Reclamation redevelopment project,The Economic Times,"Feb 16, 2024",The Adani Group's real estate development company Adani Realty has emerged as the highest bidder for the redevelopment of the Maharashtra...,https://serpapi.com/searches/66afbe8f9d1586c6d4df5705/images/2dc5f83bc4f3b14a5c2658647c95d5995d40ba0a019f29204357b3ce2cabab45.jpeg,
2,https://www.constructionweekonline.in/projects-tenders/ajmera-realty-rustomjee-partner-to-jointly-redevelop-a-society-in-bandra,Ajmera Realty & Rustomjee partner to jointly redevelop a society in Bandra,Construction Week India,"Jan 18, 2024","Ajmera Luxe Realty (ALRPL), a joint venture between Ajmera Realty & Infra India (ARIIL), and Keystone Realtors (Rustomjee) will execute a...",https://serpapi.com/searches/66afbe8f9d1586c6d4df5705/images/2dc5f83bc4f3b14ab43733def00be72f8f05826853c90a37518d06676afead72.jpeg,
3,https://www.propnewstime.com/getdetailsStories/ODE2NQ==/paradigm-realty-takes-up-redevelopment-projects-bandra-and-kandivali-worth-over-inr-4-500-crores,"Paradigm Realty takes up redevelopment projects Bandra and Kandivali worth over INR 4,500 crores",Prop News Time,1 month ago,"Paradigm Realty initiates a transformative INR 4500 crore redevelopment project in Mumbai's Bandra and Kandivali, upgrading 11 housing...",https://serpapi.com/searches/66afbe8f9d1586c6d4df5705/images/2dc5f83bc4f3b14a7b331bec19d8ad1db0513d503289465e24dbc92d72a45c19.jpeg,
4,https://www.moneycontrol.com/news/videos/business/real-estate/searching-a-rental-home-as-a-hindu-muslim-couple-in-mumbai-from-bandra-to-powai-the-tenant-12430121.html,Searching a rental home as a Hindu-Muslim couple in Mumbai | From Bandra to Powai | The Tenant,Moneycontrol,"Mar 10, 2024",Description: Meet a couple that arguably had the toughest time in hunting an apartment. They are 1) Inter-faith couple with a Hindu-woman...,https://serpapi.com/searches/66afbe8f9d1586c6d4df5705/images/2dc5f83bc4f3b14ac60b5098cbfcbeb18724ee431b4bfef6b3beee83bd54ae46.jpeg,
5,https://www.rprealtyplus.com/realty-spotlight/suntecks-new-luxury-projects-at-nepean-sea-bandra-bandstand-in-mumbai-113834.html,Sunteck's New Luxury Projects At Nepean Sea & Bandra- Bandstand In Mumbai,Realty Plus Magazine,"Jan 30, 2024","Sunteck Realty Limited, a Mumbai-based premium luxury real estate developer, is set to enter two of Mumbai's most exclusive and sought-after...",https://serpapi.com/searches/66afbe8f9d1586c6d4df5705/images/2dc5f83bc4f3b14a51c64eefaf545e29fb92f116920e886dcbf853ccaf26e68b.png,
6,https://housing.com/news/puravankara-to-redevelop-residential-project-in-pali-hill-bandra/,"Puravankara to redevelop residential project in Pali Hill, Bandra",Housing,"Apr 24, 2024",The residential society to be redeveloped is spread slightly over two and a half acre. Check out the details.,https://serpapi.com/searches/66afbe8f9d1586c6d4df5705/images/2dc5f83bc4f3b14afd34c0d368d95449048410caaf44e26ff5551b8f75bf7d84.jpeg,
7,https://www.constructionweekonline.in/projects-tenders/shapoorji-pallonji-real-estate-announces-bkc-9-a-project-financed-by-wsb-fund-ii,"Shapoorji Pallonji Real Estate announces BKC 9, a project financed by WSB Fund II",Construction Week India,"Feb 6, 2024","Anticipates revenue exceeding Rs 250 crore. Shapoorji Pallonji Real Estate announces BKC 9, a project financed by WSB Fund II. Bandra East...",https://serpapi.com/searches/66afbe8f9d1586c6d4df5705/images/2dc5f83bc4f3b14a38b0f550e6365b251dc7ef03dc79a62b242ae1f6306b4ef1.jpeg,
8,https://housing.com/news/shapoorji-pallonji-raises-rs-55-cr-to-finance-new-project-in-mumbai/,Shapoorji Pallonji raises Rs 55 cr to finance new project in Mumbai,Housing,"Feb 6, 2024",Shapoorji Pallonji Real Estate raises Rs 55 crore to finance new luxury housing project in Mumbai; BKC 9 at Bandra East will offer 92...,https://serpapi.com/searches/66afbe8f9d1586c6d4df5705/images/2dc5f83bc4f3b14aca20440aa7d4467b1b721a59e1261c90e114cc8e413842e1.jpeg,
9,https://www.constructionworld.in/latest-construction-news/real-estate-news/raymond-subsidiary-secures-mumbai-housing-project-eyes-rs-17-bn/46254,"Raymond subsidiary secures Mumbai housing project, eyes Rs 17 bn",Construction World,"Oct 31, 2023","Raymond revealed that its subsidiary, Ten X Realty, had secured the rights for redeveloping a housing society in Mumbai, which holds a...",https://serpapi.com/searches/66afbe8f9d1586c6d4df5705/images/2dc5f83bc4f3b14a14ac0f9b3821ed789ee802ac534e57e39e9bc217fd744335.jpeg,
10,https://timesofindia.indiatimes.com/city/mumbai/salman-khan-to-build-19-floor-hotel-in-bandra/articleshow/100367077.cms,Salman Khan to build 19-floor hotel in Bandra,Times of India,"May 20, 2023",The city's lucrative real estate market has always been a safe haven for Bollywood bigwigs to invest their millions and buy marquee...,https://serpapi.com/searches/66afbe8f9d1586c6d4df5705/images/2dc5f83bc4f3b14a73d3185a060928f1e414aefa7f7d6e9122c7781ed5577c00.jpeg,
1,https://housing.com/news/raymond-realty-to-redevelop-project-in-bandra-east/,Raymond Realty to redevelop project in Bandra (East),Housing,1 month ago,"June 10, 2024: Raymond Group's real estate arm Raymond Realty has been 
selected for the redevelopment of residential project – MIG VI CHS...",https://serpapi.com/searches/66afbe9158762b60f2f33732/images/c74ffc19b272535b8ecbd76dd0036024f94b70481185fb2099018914b8e9af6b.jpeg,
2,https://timesproperty.com/article/post/ready-reckoner-rate-in-bandra-kurla-complex-blid7311,"Ready Reckoner Rate In Bandra Kurla Complex, Mumbai In 2024",Times Property,"Apr 16, 2024","2024 Ready Reckoner rates for Mumbai's BKC are here. Check the latest 
property prices now!",https://serpapi.com/searches/66afbe9158762b60f2f33732/images/c74ffc19b272535b07618ddeba1e0229d0fe7628c54b6a3013ab75e290694f40.jpeg,
3,https://www.businesstoday.in/real-estate/story/adani-realty-outbids-lt-to-clinch-rs-30000-crore-bandra-reclamation-project-417906-2024-02-17,"Adani Realty outbids L&T to clinch Rs 30,000 crore Bandra Reclamation project",Business Today,"Feb 17, 2024","Adani Realty offered 23.15% revenue share to the state government body 
while Larsen & Toubro offered 18% share of the project's revenue.",https://serpapi.com/searches/66afbe9158762b60f2f33732/images/c74ffc19b272535b803157595b985827ae546da254fd2ed3cdc0961550e07492.jpeg,
4,https://housing.com/news/mumbai-coastal-road-project-route-map-cost-real-estate-impact/,"Mumbai Coastal Road Project: Route map, cost, real estate impact",Housing,1 month ago,"The estimated cost of the project is Rs 13060 crore and the project is 
expected to be completed by June 2024.",https://serpapi.com/searches/66afbe9158762b60f2f33732/images/c74ffc19b272535ba4e8e0a37f8b366fddda0d422b6ae0b26ccb34162dec7817.jpeg,
5,https://housing.com/news/versova-bandra-sea-link/,Versova-Bandra Sea Link: Route map and completion date,Housing,"Apr 29, 2024","The Versova-Bandra Sea Link's official name is the Swatantrya Veer Savarkar 
Sea Link. Check out the project details.",https://serpapi.com/searches/66afbe9158762b60f2f33732/images/c74ffc19b272535be0f53fa552abc17deb6e650ef046558bba5a64eaf5f72dd6.jpeg,
6,https://housing.com/news/ranbir-kapoor-to-gift-new-rs-250-cr-bungalow-to-daughter-raha/,Ranbir Kapoor to gift new Rs 250 cr bungalow to daughter Raha,Housing,"Mar 29, 2024","Ranbir Kapoor and Alia Bhatt plan to register their Rs 250 crore property 
in their daughter Raha Kapoor's name, according to a report by...",https://serpapi.com/searches/66afbe9158762b60f2f33732/images/c74ffc19b272535bb52dfe833b68cddec4b996c42763a8f8bdcf8a5a41d4504b.jpeg,
7,https://housing.com/news/posh-residential-areas-in-mumbai/,Posh Areas In Mumbai With Property Prices,Housing,"Oct 16, 2023","Check out the list of posh areas in Mumbai and its suburban regions that is 
known for housing celebrities, millionaires and businessmen.",https://serpapi.com/searches/66afbe9158762b60f2f33732/images/c74ffc19b272535b79ccbc418fbae5fb3ac93d90949c1d1469d53c1d28fd2bf5.jpeg,
8,https://businessworld.in/article/the-mumbai-dream-raging-battle-for-25-bn-redevelopment-of-bandra-reclamation-502553,The Mumbai Dream: Raging Battle for $2.5 Bn Redevelopment of Bandra Reclamation,BW Businessworld,"Dec 18, 2023","A residential colony of around 50 buildings, a bus depot and a large open 
playground all sitting nearly 25 acres of land at Western Mumbai's...",https://serpapi.com/searches/66afbe9158762b60f2f33732/images/c74ffc19b272535be9699c71597a38025f5535b0cab887eec3e071dfbb3e2fe1.jpeg,
9,https://www.zeebiz.com/real-estate/news-man-infraconstruction-announces-redevelopment-of-project-in-mumbais-bandra-details-270397,Man Infraconstruction announces redevelopment of project in Mumbais Bandra - Details,Zee Business,"Dec 29, 2023","Earlier this month, the company's board approved raising up to Rs 550.23 
crore via the issue of warrant on a preferential basis.",https://serpapi.com/searches/66afbe9158762b60f2f33732/images/c74ffc19b272535ba1b7deda90e442c083ba02fbb70caa3524f66c201a862681.jpeg,
10,https://www.dnaindia.com/business/report-bollywood-star-preity-zinta-acquires-luxe-mumbai-apartment-in-pali-hill-worth-crores-know-its-whopping-price-3065916,Bollywood star Preity Zinta acquires luxe Mumbai apartment in Pali Hill worth crores; know its whopping price,DNA India,"Oct 26, 2023","Preity Zinta acquires an upscale Mumbai apartment in Pali Hill, Bandra, 
sparking speculation about her relocation. Latest News.",https://serpapi.com/searches/66afbe9158762b60f2f33732/images/c74ffc19b272535b4fab689256e38db10d82a59e786d767ae2489b495cd6f7c3.jpeg,
1,https://news.abplive.com/entertainment/celebrities/preity-zinta-buys-apartment-worth-rs-17-01-crore-in-bandra-report-1638378,Preity Zinta Buys A Lavish Apartment Worth Rs 17.01 Crore In Bandra : Report,ABP Live,"Oct 26, 2023","Preity Zinta purchased a lavish apartment on the 11th floor of the 
'Parishram' building in Bandra West. Advertisement. By : ABP News Bureau.",https://serpapi.com/searches/66afbe9aea1442f033889945/images/f3ceadc945fea318ac3cd89dbc8fc8735f88496841b8424f27d80d1f177128c3.jpeg,
2,https://www.constructionweekonline.in/projects-tenders/ajmera-realty-rustomjee-partner-to-jointly-redevelop-a-society-in-bandra,Ajmera Realty & Rustomjee partner to jointly redevelop a society in Bandra,Construction Week India,"Jan 18, 2024","Ajmera Luxe Realty (ALRPL), a joint venture between Ajmera Realty & Infra 
India (ARIIL), and Keystone Realtors (Rustomjee) will execute a...",https://serpapi.com/searches/66afbe9aea1442f033889945/images/f3ceadc945fea318c403b38761a4fc259ff71a4788fccd0a9b262400f2d98797.jpeg,
3,https://housing.com/news/ready-reckoner-rate-in-bandra-kurla-complex-mumbai/,"Ready reckoner rate in Bandra Kurla Complex, Mumbai",Housing,"Feb 13, 2024","To check the ready reckoner rates in Bandra Kurla Complex, Mumbai, one can 
visit the official portal of IGR Maharashtra.",https://serpapi.com/searches/66afbe9aea1442f033889945/images/f3ceadc945fea318cb658ecec6afc922ddf01c8dad9edc2bb80004eac065405a.jpeg,
4,https://housing.com/news/circle-rates-in-bandra-west-mumbai/,"Ready reckoner rates in Bandra West, Mumbai",Housing,"Jan 29, 2024","In Mumbai, the Stamps and Registration Department determines ready reckoner 
rates based on market value. Bandra West, known for its mix of...",https://serpapi.com/searches/66afbe9aea1442f033889945/images/f3ceadc945fea318c29fd3f231057405f787dc29885eb19507980ea3f5a14ccf.jpeg,
5,https://housing.com/news/rustomjee-stella/,"Rustomjee Group launches Rustomjee Stella in Bandra (East), Mumbai",Housing,"Jan 12, 2024","Rustomjee Group launches Rustomjee Stella in the Bandra East, Mumbai 
offering 2 and BHK apartments with a carpet area between 679 - 942...",https://serpapi.com/searches/66afbe9aea1442f033889945/images/f3ceadc945fea318d9d42e71862cb48966611dfdac67cf308c4fa519d1aefd70.jpeg,
6,https://housing.com/news/popular-celebrity-homes-in-mumbais-juhu-and-bandra/,Popular celebrity homes in Mumbai’s Juhu and Bandra,Housing,"Apr 1, 2024","Some of the popular celebrities who own luxurious property in Juhu and 
Bandra localities include Amitabh Bachchan, Shah Rukh Khan,...",https://serpapi.com/searches/66afbe9aea1442f033889945/images/f3ceadc945fea318419e7b50e97ad62e2f5a782cc28759498967552110d63d71.jpeg,
7,https://m.economictimes.com/industry/services/property-/-cstruction/adani-realty-gets-msrdcs-24-acre-bandra-reclamation-redevelopment-project/articleshow/107760190.cms,Adani Realty gets MSRDC's 24-acre Bandra Reclamation redevelopment project,The Economic Times,"Feb 16, 2024","The Adani Group's real estate development company Adani Realty has emerged 
as the highest bidder for the redevelopment of the Maharashtra...",https://serpapi.com/searches/66afbe9aea1442f033889945/images/f3ceadc945fea318822089295c22984f9adf9d21df079802526e4774a3947986.jpeg,
8,https://www.aninews.in/news/business/business/shapoorji-pallonji-real-estate-announces-bkc-9-a-project-financed-by-wsb-fund-ii20240219173416,"Shapoorji Pallonji Real Estate Announces BKC 9, a Project Financed by WSB Fund II",ANI News,"Feb 19, 2024","ANI | Updated: Feb 19, 2024 17:34 IST. ANI News Join our Whatsapp channel · 
NewsVoir. Mumbai (Maharashtra) [India], February 19: After the resounding...",https://serpapi.com/searches/66afbe9aea1442f033889945/images/f3ceadc945fea3188346d6e9af45fffc308eb4d0ea407a0763d322e05148f2dd.jpeg,
9,https://www.rprealtyplus.com/realty-spotlight/suntecks-new-luxury-projects-at-nepean-sea-bandra-bandstand-in-mumbai-113834.html,Sunteck's New Luxury Projects At Nepean Sea & Bandra- Bandstand In Mumbai,Realty Plus Magazine,"Jan 30, 2024","Sunteck Realty Limited, a Mumbai-based premium luxury real estate 
developer, is set to enter two of Mumbai's most exclusive and 
sought-after...",https://serpapi.com/searches/66afbe9aea1442f033889945/images/f3ceadc945fea318d28a1f21483969a8e4e734ef34b10f426d71309d6f692a63.png,
10,https://housing.com/news/inside-sachin-tendulkars-lavish-homes-in-mumbai/,Inside Sachin Tendulkar’s lavish home in Mumbai,Housing,"May 7, 2024","All you need to know about master-blaster Sachin Tendulkar and his wife 
Anjali Tendulkar's homes in Mumbai's Bandra west and BKC.",https://serpapi.com/searches/66afbe9aea1442f033889945/images/f3ceadc945fea3183a78cad2ed9fa4a09e9ed7f62ee2cc969e9731191e77fd41.jpeg,
1,https://housing.com/news/puravankara-to-redevelop-residential-project-in-pali-hill-bandra/,"Puravankara to redevelop residential project in Pali Hill, Bandra",Housing,"Apr 24, 2024","The residential society to be redeveloped is spread slightly over two and a 
half acre. Check out the details.",https://serpapi.com/searches/66afbe9b95bf92fcdeff43c9/images/2961527e649fe818c8cc6e6505088ce289659e93a53824df0949da150833eb6e.jpeg,
2,https://housing.com/news/inside-sushant-singh-rajputs-house/,Sushant Singh Rajput House in Bandra,Housing,"Dec 4, 2023","Sushant Singh Rajput residence was a beautiful Bandra, Mumbai apartment. In 
this article, we under details of Sushant Singh Rajput's house.",https://serpapi.com/searches/66afbe9b95bf92fcdeff43c9/images/2961527e649fe818a3c57b564db804d5fc4bacd23311ff81f67a7b75fb8213d1.jpeg,
3,https://www.constructionweekonline.in/projects-tenders/shapoorji-pallonji-real-estate-announces-bkc-9-a-project-financed-by-wsb-fund-ii,"Shapoorji Pallonji Real Estate announces BKC 9, a project financed by WSB Fund II",Construction Week India,"Feb 6, 2024","Anticipates revenue exceeding Rs 250 crore. Shapoorji Pallonji Real Estate 
announces BKC 9, a project financed by WSB Fund II. Bandra East...",https://serpapi.com/searches/66afbe9b95bf92fcdeff43c9/images/2961527e649fe8186109c42b41e0d70b318a38a7c08dda1d81869a627f763f2f.jpeg,
4,https://housing.com/news/shapoorji-pallonji-raises-rs-55-cr-to-finance-new-project-in-mumbai/,Shapoorji Pallonji raises Rs 55 cr to finance new project in Mumbai,Housing,"Feb 6, 2024","Shapoorji Pallonji Real Estate raises Rs 55 crore to finance new luxury 
housing project in Mumbai; BKC 9 at Bandra East will offer 92...",https://serpapi.com/searches/66afbe9b95bf92fcdeff43c9/images/2961527e649fe818473aec068188a24f1ac3a9319d1a4f82b845c8ab0b540fe7.jpeg,
5,https://timesofindia.indiatimes.com/city/mumbai/salman-khan-to-build-19-floor-hotel-in-bandra/articleshow/100367077.cms,Salman Khan to build 19-floor hotel in Bandra,Times of India,"May 20, 2023","The city's lucrative real estate market has always been a safe haven for 
Bollywood bigwigs to invest their millions and buy marquee...",https://serpapi.com/searches/66afbe9b95bf92fcdeff43c9/images/2961527e649fe8185634931f6ce2e2528463bf41971ef5d31258f72cf261a79f.jpeg,
6,https://housing.com/news/msrdc-eyes-rs-8000-cr-from-development-of-bandra-reclamation-land/,"MSRDC eyes Rs 8,000 cr from Bandra Reclamation land development",Housing,"Jan 11, 2024","This land parcel is slated for development, and MSRDC is actively seeking a 
construction/development agency to lead this project.",https://serpapi.com/searches/66afbe9b95bf92fcdeff43c9/images/2961527e649fe8189dafaab05c6ad4a470e0948b488126dfd91be04c949de215.jpeg,
7,https://housing.com/news/mumbai-metro-line-3/,"Mumbai Metro Line 3: Aqua Line route, stations, map",Housing,1 month ago,"Mumbai Metro Line 3 is also known as the Aqua Line. Check out details, such 
as its route, stations, etc., in this guide.",https://serpapi.com/searches/66afbe9b95bf92fcdeff43c9/images/2961527e649fe8185015aee392ac27933c8d6ff4f9807e81b0ba54dce8683bbc.jpeg,
8,https://www.moneycontrol.com/news/business/real-estate/raymond-realty-to-launch-6-lakh-sqft-housing-project-in-mumbai-by-fy24-end-ceo-harmohan-sahni-11235031.html,"Raymond Realty targets Rs 2,000 crore revenue from Mumbai project launch by FY24 end: CEO Harmohan Sahni",Moneycontrol,"Aug 22, 2023","Raymond Realty plans to launch a premium 2,3,4 BHK apartments project in 
the Bandra micro-market in Mumbai and is targeting a topline of Rs...",https://serpapi.com/searches/66afbe9b95bf92fcdeff43c9/images/2961527e649fe818d7845f5796733c9d7916ce72c8583468799cbb94cb1f8c6f.jpeg,
9,https://www.timesnownews.com/mumbai/atal-setu-to-bandra-worli-sea-link-top-engineering-marvels-in-mumbai-article-106747459,Atal Setu to Bandra Worli Sea Link: Top Engineering Marvels in Mumbai,Times Now,"Jan 12, 2024","Prime Minister Narendra Modi inaugurated the Mumbai Trans Harbour Link 
(MTHL) on January 12, heralding a new era for Mumbai's real estate...",https://serpapi.com/searches/66afbe9b95bf92fcdeff43c9/images/2961527e649fe818a4209ad5b67299be6768cec28ddfe82eee914fdc2267f3ce.jpeg,
10,https://www.propnewstime.com/getdetailsStories/ODE2NQ==/paradigm-realty-takes-up-redevelopment-projects-bandra-and-kandivali-worth-over-inr-4-500-crores,"Paradigm Realty takes up redevelopment projects Bandra and Kandivali worth over INR 4,500 crores",Prop News Time,1 month ago,"Paradigm Realty initiates a transformative INR 4500 crore redevelopment 
project in Mumbai's Bandra and Kandivali, upgrading 11 housing...",https://serpapi.com/searches/66afbe9b95bf92fcdeff43c9/images/2961527e649fe8184df502d5b61b1241dffd57f611de7a208730174216dda755.jpeg,
1,https://housing.com/news/sonakshi-sinha-buys-bandra-apartment-for-rs-11-crore/,Sonakshi Sinha buys Bandra apartment for Rs 11 crore,Housing,"Sep 18, 2023","Spread over 4200 sqft, Sonakshi Sinha's new sea-facing apartment is on the 
26th floor of 81 Aureate, Bandra Reclamation, Bandra (W).",https://serpapi.com/searches/66afbe9c5c1059140ac26662/images/196903f9c0b81b9643b9bad8f1ef9ccd60ad186a15baec71316b03f2001127bf.jpeg,
2,https://timesproperty.com/news/post/corporate-executives-buying-houses-in-bandra-blid3822,Look at the Latest Sale of Properties in Bandra,Times Property,"Feb 5, 2023","1. Directors of DV AUTO FINANCE PRIVATE LIMITED Yuti Kunal Jhaveri and 
Kunal Ashok Jhaveri have purchased a unit in the Imperial Towers by...",https://serpapi.com/searches/66afbe9c5c1059140ac26662/images/196903f9c0b81b9613631f44ea55e61671ad143672601690f43c4f23e097be03.jpeg,
3,https://www.moneycontrol.com/news/business/the-rise-and-rise-of-bandra-mumbais-most-vibrant-piece-of-real-estate-5861851.html,The rise and rise of Bandra: Mumbai’s most vibrant piece of real estate,Moneycontrol,"Sep 20, 2020","Mumbai's best success story of the last decade, Bandra is up against the 
coronavirus that threatens to alter the dynamics of city living.",https://serpapi.com/searches/66afbe9c5c1059140ac26662/images/196903f9c0b81b9644aa7a9f2b9b0b739b535ccba4b31c46fb99a039fe985bf5.jpeg,
4,https://www.hindustantimes.com/cities/mumbai-news/ranveer-singh-to-become-srk-s-neighbour-finalises-119-crore-real-estate-deal-101657457498377.html,"Ranveer Singh to become SRK’s neighbour, finalises ₹119 crore real estate deal",Hindustan Times,"Jul 10, 2022","This new deal will not only give them an uninterrupted view of the Arabian 
Sea from Bandstand, it will also make them Bollywood superstar...",https://serpapi.com/searches/66afbe9c5c1059140ac26662/images/196903f9c0b81b9643b60bdbf2ab555a23e0cc8c97eff36164298e9b94223cf1.jpeg,
5,https://www.livemint.com/money/personal-finance/sonam-kapoor-s-flat-sale-sparks-discussion-if-real-estate-gives-return-does-it-11672944274981.html,Sonam Kapoor's Bandra flat sale sparks discussion on whether real estate gives return. Does it? | Mint,mint,"Jan 6, 2023","Bollywood actress Sonam Kapoor who bought her Bandra-Kurla Complex home in 
Mumbai in 2015 sold it on December 29, 2022, for over ₹32 crore.",https://serpapi.com/searches/66afbe9c5c1059140ac26662/images/196903f9c0b81b962e4b1d495c249d077811268937dd230a0202035537ad184b.jpeg,
6,https://www.moneycontrol.com/news/business/real-estate/luxury-homes-ashar-group-to-redevelop-bungalow-of-bollywood-superstar-dilip-kumar-in-mumbais-bandra-eyes-rs-850-crore-revenue-11083911.html,"Luxury homes: Ashar Group to redevelop bungalow of Bollywood superstar Dilip Kumar in Mumbai’s Bandra,...",Moneycontrol,"Aug 2, 2023","The exclusive luxury homes in Mumbai's upmarket Pali Hill will target high 
networth individuals such as film personalities, sports people...",https://serpapi.com/searches/66afbe9c5c1059140ac26662/images/196903f9c0b81b96b2a1a8587e627869e5c5ca6338d7eb1119652e98e077e047.jpeg,
7,https://indianexpress.com/article/cities/mumbai/bollywood-actor-alia-bhatt-rs-37-8-crore-flat-bandras-pali-hill-8574471/,Bollywood actor Alia Bhatt bought Rs 37.8-crore flat in Bandra’s Pali Hill,The Indian Express,"Apr 25, 2023","The actor purchased the property from Gold Street Mercantile Company Pvt 
Ltd and paid a stamp duty of Rs 2.26 crore.",https://serpapi.com/searches/66afbe9c5c1059140ac26662/images/196903f9c0b81b9699b6e2cc7dc7d3846ac8ae1feccde0250632ebbb6de010f3.jpeg,
8,https://timesofindia.indiatimes.com/city/mumbai/film-producer-buys-3-pali-hill-flats-for-rs-103cr/articleshow/102259143.cms,Mumbai film producer buys 3 Pali Hill flats for Rs 103 crore,Times of India,"Jul 31, 2023","In a big-ticket deal, film producer and director Dinesh Vijan of 'Stree' 
fame has booked three apartments in an under-construction...",https://serpapi.com/searches/66afbe9c5c1059140ac26662/images/196903f9c0b81b964fc8e3730567508b0a2e2ae7dae7f310075086cd1edc4602.jpeg,
9,https://www.timesnownews.com/entertainment-news/jacqueline-fernandez-buys-new-house-in-mumbais-bandra-watch-video-of-plush-property-bollywood-news-article-101430389,Jacqueline Fernandez Buys New House In Mumbai's Bandra. Watch Video Of Plush Property,Times Now,"Jul 2, 2023","Bollywood actress Jacqueline Fernandez has reportedly bought a new house in 
Mumbai's plush locality Bandra West. The video of the luxurious...",https://serpapi.com/searches/66afbe9c5c1059140ac26662/images/196903f9c0b81b9674f539a883e348ffac96e91c0a8f07906bb3023b2f5b91bc.jpeg,
10,https://www.moneycontrol.com/news/business/real-estate/tata-communications-leases-office-space-to-hinduja-realty-in-bandra-kurla-complex-in-mumbai-10916541.html,Tata Communications leases office space to Hinduja Realty in Bandra Kurla Complex in Mumbai,Moneycontrol,"Jul 6, 2023","The Hinduja Group's property arm, Hinduja Realty Ventures, has leased an 
office space from Tata Communications Limited in what is perhaps...",https://serpapi.com/searches/66afbe9c5c1059140ac26662/images/196903f9c0b81b96918bcdb69a782ebdf86f927fb20a7cd5e4b2a0924dd6c7b7.jpeg,
1,https://housing.com/news/dinesh-vijan-buys-apartments-in-rustomjee-parishram-for-rs-103-crore/,Dinesh Vijan buys duplex apartment in Rustomjee Parishram for Rs 103 crore,Housing,"Aug 1, 2023","Located on the 15th and 16th floor of the under-construction building, the 
property has a carpet area of 7791 sqft.",https://serpapi.com/searches/66afbe9f116a55a0c97c79ee/images/2329a6dab990b81e4eda55a7f07b0288799fb5aeebe11513179876360cbfc91e.jpeg,
2,https://housing.com/news/alia-bhatts-production-house-buys-property-in-bandra/,Alia Bhatt’s production house buys property in Bandra,Housing,"Apr 25, 2023","Registered on April 10, 2023, the deed attracted stamp duty of Rs 2.26 
crore for the Bandra property.",https://serpapi.com/searches/66afbe9f116a55a0c97c79ee/images/2329a6dab990b81e9a760dc709b1e8c4eb9d29f0242cc292a8ba6a8fdcf712e8.jpeg,
3,https://housing.com/news/karan-johar-house/,Inside Karan Johar’s lavish duplex in Mumbai,Housing,"Jul 14, 2023","The house, located at Bandra's Carter Road, has a sprawling area of 8000 
sqft.",https://serpapi.com/searches/66afbe9f116a55a0c97c79ee/images/2329a6dab990b81e01f19676282a832ade66143350da92aacb35b034db847b40.jpeg,
4,https://housing.com/news/salman-khans-family-to-develop-19-storey-hotel-in-bandra/,Salman Khan’s family to develop 19-storey hotel in Bandra,Housing,"May 22, 2023","May 22, 2023: Actor Salman Khan's family plans to build a 19-storey hotel 
at Carter Road, Bandra, Mumbai, as mentioned in a TOI report.",https://serpapi.com/searches/66afbe9f116a55a0c97c79ee/images/2329a6dab990b81e943f96602ae107e31a6880d182843aaa68ec100aad0e2753.jpeg,
5,https://www.bollywoodlife.com/news-gossip/alia-bhatt-makes-big-investments-in-bandra-real-estate-gifts-sister-shaheen-flats-worth-rs-7-68-crores-entertainment-news-2411387/,Alia Bhatt makes big investments in Bandra real estate; gifts sister Shaheen flats worth Rs 7.68 crores,Bollywood Life,"Apr 24, 2023","Alia Bhatt is known to be a shrew investor. The actress has big investments 
in Bandra real estate as per reports, and also gifted sister...",https://serpapi.com/searches/66afbe9f116a55a0c97c79ee/images/2329a6dab990b81e5f5ad3c001ad7febf6ddc70c00792de82fcb0d5b4d3e4526.jpeg,
6,https://www.moneycontrol.com/news/business/real-estate/saif-ali-khan-rents-apartment-for-rs-3-5-lakh-in-mumbais-bandra-7335411.html,Saif Ali Khan rents apartment for Rs 3.5 lakh in Mumbai’s Bandra,Moneycontrol,"Aug 15, 2021","The monthly rent for the first year is Rs 3.5 lakh, Rs 3.67 lakh for the 
second year and Rs 3.87 to August 19, 2024, the registration...",https://serpapi.com/searches/66afbe9f116a55a0c97c79ee/images/2329a6dab990b81eca80967c646b7404b79f8f43d7f7e8f6bb0a476ae79b6fba.jpeg,
7,https://housing.com/news/bandra-west-mumbais-first-lifestyle-suburb/,Bandra west: Mumbai’s first lifestyle suburb,Housing,"Nov 24, 2022","Is Bandra west a posh locality? Yes, the lifestyle and amenities in and 
around Bandra west and price of properties in this locality, make it a...",https://serpapi.com/searches/66afbe9f116a55a0c97c79ee/images/2329a6dab990b81e8f36a480988bc03896ddd10ae7ba6907bc72cd5c9f55be84.jpeg,
8,https://housing.com/news/a-house-to-match-his-personality-arjun-kapoors-pride-and-joy/,Arjun Kapoor house: A match to his personality,Housing,"Jul 21, 2022","Arjun Kapoor house: Know more about Arjun Kapoor house in Juhu and the 
property he sold in Bandra recently.",https://serpapi.com/searches/66afbe9f116a55a0c97c79ee/images/2329a6dab990b81ef56fc4ace53fbb4643515942de7ff7c6cbfa87f5d8d8006b.jpeg,
9,https://housing.com/news/farhan-akhtar-home/,Farhan Akhtar’s home: A combination of luxury and aesthetics,Housing,"Dec 27, 2021","Some key aspects of Farhan Akhtar's home include: Farhan Akhtar house 
Bandra is named 'Vipassana'. It is situated along Bandra Bandstand and...",https://serpapi.com/searches/66afbe9f116a55a0c97c79ee/images/2329a6dab990b81efe2ac25ca6efd8d2a3b73b69b6eb68b29600e482f8670284.jpeg,
10,https://timesofindia.indiatimes.com/tv/news/hindi/karan-kundrra-buys-a-flat-for-14-crore-in-bandra-exclusive/articleshow/91696239.cms,Karan Kundrra buys a flat for ₹14 crore in Bandra - Exclusive!,Times of India,"May 21, 2022","... have reason to celebrate, as Karan has fulfilled a lifelong dream. The 
young star has just bought a swanky new apartment in Bandra for a...",https://serpapi.com/searches/66afbe9f116a55a0c97c79ee/images/2329a6dab990b81eb5bf109209c5e10acfc08b99fca215f9615e61c7900b9e1c.jpeg,
1,https://timesofindia.indiatimes.com/entertainment/hindi/bollywood/news/sushant-singh-rajputs-bandra-home-finds-prospective-tenants-after-over-2-5-years/articleshow/96770549.cms,Sushant Singh Rajput’s Bandra home finds prospective tenants after over 2.5 years,Times of India,"Jan 6, 2023","Sushant Singh Rajput's sea-facing house, Mont Blanc, on Carter Road in 
Bandra West, which has been unoccupied since his demise on June 14,...",https://serpapi.com/searches/66afbea0cace96458a95ce6e/images/12e2d5cfa608b830c2afe553cb36e6098b0490089361b36635614da29f155b25.jpeg,
2,https://housing.com/news/dinesh-vijan-buys-apartments-in-rustomjee-parishram-for-rs-103-crore/,Dinesh Vijan buys duplex apartment in Rustomjee Parishram for Rs 103 crore,Housing,"Aug 1, 2023","Located on the 15th and 16th floor of the under-construction building, the 
property has a carpet area of 7791 sqft.",https://serpapi.com/searches/66afbea0cace96458a95ce6e/images/12e2d5cfa608b830c35af08b98d423d7e45bca88535bf16256c17448133422f0.jpeg,
3,https://housing.com/news/karan-johar-house/,Inside Karan Johar’s lavish duplex in Mumbai,Housing,"Jul 14, 2023","The house, located at Bandra's Carter Road, has a sprawling area of 8000 
sqft.",https://serpapi.com/searches/66afbea0cace96458a95ce6e/images/12e2d5cfa608b830dae2e379b997b3e7aa88b9ed7b0db1a1ab30b01d02348be3.jpeg,
4,https://housing.com/news/alia-bhatts-production-house-buys-property-in-bandra/,Alia Bhatt’s production house buys property in Bandra,Housing,"Apr 25, 2023","Registered on April 10, 2023, the deed attracted stamp duty of Rs 2.26 
crore for the Bandra property.",https://serpapi.com/searches/66afbea0cace96458a95ce6e/images/12e2d5cfa608b830d5c709c4e45b4de2bb2df5ae7527f3969858805ec80d0a59.jpeg,
5,https://housing.com/news/salman-khans-family-to-develop-19-storey-hotel-in-bandra/,Salman Khan’s family to develop 19-storey hotel in Bandra,Housing,"May 22, 2023","May 22, 2023: Actor Salman Khan's family plans to build a 19-storey hotel 
at Carter Road, Bandra, Mumbai, as mentioned in a TOI report.",https://serpapi.com/searches/66afbea0cace96458a95ce6e/images/12e2d5cfa608b830aed8c6cbdfbc4cbde7c81dc3cbf9f5809907c33bcefc5e2d.jpeg,
6,https://www.bollywoodlife.com/news-gossip/alia-bhatt-makes-big-investments-in-bandra-real-estate-gifts-sister-shaheen-flats-worth-rs-7-68-crores-entertainment-news-2411387/,Alia Bhatt makes big investments in Bandra real estate; gifts sister Shaheen flats worth Rs 7.68 crores,Bollywood Life,"Apr 24, 2023","Alia Bhatt is known to be a shrew investor. The actress has big investments 
in Bandra real estate as per reports, and also gifted sister...",https://serpapi.com/searches/66afbea0cace96458a95ce6e/images/12e2d5cfa608b830a249bf81d0f3619379364ae1ffe984a5508ff29196c5c881.jpeg,
7,https://www.moneycontrol.com/news/business/real-estate/saif-ali-khan-rents-apartment-for-rs-3-5-lakh-in-mumbais-bandra-7335411.html,Saif Ali Khan rents apartment for Rs 3.5 lakh in Mumbai’s Bandra,Moneycontrol,"Aug 15, 2021","The monthly rent for the first year is Rs 3.5 lakh, Rs 3.67 lakh for the 
second year and Rs 3.87 to August 19, 2024, the registration...",https://serpapi.com/searches/66afbea0cace96458a95ce6e/images/12e2d5cfa608b830970f34e7c8fed1e5d646625a6e6ca2cccb38e3c8f42e4ee0.jpeg,
8,https://housing.com/news/a-house-to-match-his-personality-arjun-kapoors-pride-and-joy/,Arjun Kapoor house: A match to his personality,Housing,"Jul 21, 2022","Arjun Kapoor house: Know more about Arjun Kapoor house in Juhu and the 
property he sold in Bandra recently.",https://serpapi.com/searches/66afbea0cace96458a95ce6e/images/12e2d5cfa608b830c66823c7eabff75fef01d2162fe6cddd71e1a3d7626044e3.jpeg,
9,https://housing.com/news/farhan-akhtar-home/,Farhan Akhtar’s home: A combination of luxury and aesthetics,Housing,"Dec 27, 2021","Some key aspects of Farhan Akhtar's home include: Farhan Akhtar house 
Bandra is named 'Vipassana'. It is situated along Bandra Bandstand and...",https://serpapi.com/searches/66afbea0cace96458a95ce6e/images/12e2d5cfa608b830ad6b9f8a2329eaa32004bfa02bda729fc4f747cf5e2b63fd.jpeg,
10,https://timesofindia.indiatimes.com/tv/news/hindi/karan-kundrra-buys-a-flat-for-14-crore-in-bandra-exclusive/articleshow/91696239.cms,Karan Kundrra buys a flat for ₹14 crore in Bandra - Exclusive!,Times of India,"May 21, 2022","... have reason to celebrate, as Karan has fulfilled a lifelong dream. The 
young star has just bought a swanky new apartment in Bandra for a...",https://serpapi.com/searches/66afbea0cace96458a95ce6e/images/12e2d5cfa608b8302ce65f40eafdb019ba18b1f3f7d1905856098673533ee63d.jpeg,
1,https://housing.com/news/sanjay-dutt-house/,"Sanjay Dutt’s Mumbai house: Class, sophistication and more",Housing,"Feb 23, 2021","Sanjay Dutt's home in Pali Hill is a lavish apartmnet, decked up with 
sophisticated interiors. Check out inside pictures of Sanjay...",https://serpapi.com/searches/66afbea279627cf85048179e/images/63e33349ca796fe7f6ef26fe3131c6b9eaf1b89cee067becfe086b1131ac5f1c.jpeg,
2,https://www.freepressjournal.in/mumbai/mhada-eyeing-3-projects-in-kalachowki-worli-bandra-reclamation-to-rev-up-real-estate-business-in-mumbai,"MHADA eyeing 3 projects in Kalachowki, Worli & Bandra Reclamation to rev up real estate business in Mumbai",Free Press Journal,"Feb 10, 2023","The housing body has suggested the cluster redevelopment of Abhyudaya Nagar 
at Kalachowkie, Adarsh Nagar in Worli and the Bandra Reclamation...",https://serpapi.com/searches/66afbea279627cf85048179e/images/63e33349ca796fe700e711072395dff77797fab128c77b4d75ff849bc51044f7.jpeg,
3,https://housing.com/news/rekha-house/,All about Bollywood’s evergreen diva Rekha’s house in Mumbai,Housing,"Jan 3, 2023","Rekha house: Know all about Rekha's Bungalow in Bandra including the 
different spaces in Rekha home for yoga and gardening.",https://serpapi.com/searches/66afbea279627cf85048179e/images/63e33349ca796fe731855116aff10d1fc41050b0655822f88635f47e0b9f6bd8.jpeg,
4,https://www.dnaindia.com/bollywood/report-sushant-singh-rajput-s-bandra-flat-not-getting-tenants-mumbai-real-estate-agent-reveals-the-truth-3010347,Sushant Singh Rajput's Bandra flat not getting tenants? Mumbai real estate agent reveals the truth,DNA India,"Dec 13, 2022","If you think the real reason behind the SSR flat being vacant is due to the 
controversial death of the actor, then you are wrong.",https://serpapi.com/searches/66afbea279627cf85048179e/images/63e33349ca796fe71cb3d315212fcbde24d70c68d92f313eaa7be3281725041d.jpeg,
5,https://www.zeebiz.com/india/real-estate/news-rs-119-cr-ranveer-singhs-new-bandstand-house-in-bandra-west-of-mumbai-19-parking-lots-rs-7-cr-stamp-duty-11266-sq-ft-space-and-more-189280,"Rs 119 cr! Ranveer Singhs New Bandstand House In Bandra West of Mumbai - 19 parking lots, Rs 7 cr stamp dut...",Zee Business,"Jul 12, 2022","The actor has bought the apartment spread across floors 16, 17, 18 and 19 
of Sagar Resham, a building at Bandstand in the close vicinity of...",https://serpapi.com/searches/66afbea279627cf85048179e/images/63e33349ca796fe77c56adce1090765ad29c6ae9d0b9a9c8bd099ea6761dec79.jpeg,
6,https://housing.com/news/10-trendiest-cafes-in-bandra/,10 trendiest cafes in Bandra,Housing,"Jul 11, 2023","There are a lot of cafes in Bandra that you can visit to try delicious food 
and beverages.",https://serpapi.com/searches/66afbea279627cf85048179e/images/63e33349ca796fe7fea5f1c0dd2cbec69ffd8c19484c3307733328e4359efc91.jpeg,
7,https://housing.com/news/joggers-park-mumbai/,Jogger’s Park Mumbai: Visitor’s guide,Housing,"Jun 26, 2023","Inaugurated on May 27,1990, the Jogger's Park in Mumbai's Bandra offers 
free entry through the week, to all visitors.",https://serpapi.com/searches/66afbea279627cf85048179e/images/63e33349ca796fe7e9362d29bdbeb21bf5f31cf6713d3ee20556216cb5ec1bb1.jpeg,
8,https://housing.com/news/mithun-chakraborty-house/,All about Mithun Chakraborty’s sprawling Mumbai bungalow,Housing,"Sep 29, 2021","Mithun Chakraborty or Mithun Da to most people, is one of Bollywood and 
India's biggest superstars. The original 'Disco Dancer',...",https://serpapi.com/searches/66afbea279627cf85048179e/images/63e33349ca796fe7d333935d27d732c86a19779aa9ea8398757fba7de9a04c68.jpeg,
9,https://housing.com/news/rajesh-khannas-mumbai-bungalow-aashirwad/,Late Rajesh Khanna’s Mumbai bungalow: Where history meets nostalgia,Housing,"Apr 6, 2021","Late Rajesh Khanna's 6,500 sq. ft. sea-facing landmark bungalow 'Aashirwad' 
in Bandra was bought by him from another Bollywood legend...",https://serpapi.com/searches/66afbea279627cf85048179e/images/63e33349ca796fe797797020308ec6e45f2c3e224d745876dfb23708587e40ef.jpeg,
10,https://timesofindia.indiatimes.com/city/mumbai/japanese-mnc-bids-record-rs-2238-crore-for-three-acre-bkc-plot/articleshow/69935512.cms,"Japanese MNC bids record Rs 2,238 crore for three-acre BKC plot",Times of India,"Jun 25, 2019","Japanese conglomerate Sumitomo has shaken Mumbai's dormant property market 
by submitting a whopping bid of Rs 2238 crore for a three-acre...",https://serpapi.com/searches/66afbea279627cf85048179e/images/63e33349ca796fe7acc034b75b1aaf32c951dc015ff8cabe0499cc5db935c293.jpeg,